کد رشته,عنوان رشته,دانشگاه,استان,نحوه پذیرش,دوره تحصیلی,جنس پذیرش,ظرفیت اول,ظرفیت دوم,ظرفیت زن,ظرفیت مرد,توضیحات,ستاره‌دار (مصاحبه/گزینش),صفحه دفترچه,نوع ردیف,دامنه پذیرش,محل خدمت,استان بومی
30001,مهندسی برق,دانشگاه بناب,آذربایجان شرقی,با آزمون,روزانه,مرد و زن,41,,,,,,43,اصلی,,,
30002,مهندسی پزشکی,دانشگاه بناب,آذربایجان شرقی,با آزمون,روزانه,مرد و زن,35,,,,,,43,اصلی,,,
30003,مهندسی ساخت و تولید,دانشگاه بناب,آذربایجان شرقی,با آزمون,روزانه,مرد و زن,27,,,,,,43,اصلی,,,
30004,مهندسی شیمی,دانشگاه بناب,آذربایجان شرقی,با آزمون,روزانه,مرد و زن,27,,,,,,43,اصلی,,,
30005,مهندسی صنایع و سیستم‌ها,دانشگاه بناب,آذربایجان شرقی,با آزمون,روزانه,مرد و زن,27,,,,,,43,اصلی,,,
30006,مهندسی عمران,دانشگاه بناب,آذربایجان شرقی,با آزمون,روزانه,مرد و زن,34,,,,,,43,اصلی,,,
30007,مهندسی کامپیوتر,دانشگاه بناب,آذربایجان شرقی,با آزمون,روزانه,مرد و زن,60,,,,,,43,اصلی,,,
30008,مهندسی معماری,دانشگاه بناب,آذربایجان شرقی,با آزمون,روزانه,مرد و زن,31,,,,,,43,اصلی,,,
30009,مهندسی مکانیک,دانشگاه بناب,آذربایجان شرقی,با آزمون,روزانه,مرد و زن,35,,,,,,43,اصلی,,,
30010,مهندسی هسته‌ای,دانشگاه بناب,آذربایجان شرقی,با آزمون,روزانه,مرد و زن,27,,,,,,43,اصلی,,,
10001,ریاضیات و کاربردها,دانشگاه بناب,آذربایجان شرقی,صرفا با سوابق تحصیلی,روزانه,مرد و زن,28,,,,,,43,اصلی,,,
10002,علوم کامپیوتر,دانشگاه بناب,آذربایجان شرقی,صرفا با سوابق تحصیلی,روزانه,مرد و زن,30,,,,,,43,اصلی,,,
10003,مهندسی اپتیک و لیزر,دانشگاه بناب,آذربایجان شرقی,صرفا با سوابق تحصیلی,روزانه,مرد و زن,27,,,,,,43,اصلی,,,
10004,مهندسی پلیمر,دانشگاه بناب,آذربایجان شرقی,صرفا با سوابق تحصیلی,روزانه,مرد و زن,27,,,,,,43,اصلی,,,
10005,مهندسی نساجی,دانشگاه بناب,آذربایجان شرقی,صرفا با سوابق تحصیلی,روزانه,مرد و زن,24,,,,,,43,اصلی,,,
10006,مهندسی و علم مواد,دانشگاه بناب,آذربایجان شرقی,صرفا با سوابق تحصیلی,روزانه,مرد و زن,26,,,,,,43,اصلی,,,
10007,کاردانی معماری,دانشگاه بناب,آذربایجان شرقی,صرفا با سوابق تحصیلی,روزانه,مرد و زن,40,,,,,,43,اصلی,,,
10008,علوم و مهندسی صنایع غذایی(این رشته متعلق به گروه کشاورزی است),دانشگاه بناب,آذربایجان شرقی,صرفا با سوابق تحصیلی,روزانه,مرد و زن,20,,,,,,43,اصلی,,,
30011,آمار,دانشگاه تبریز,آذربایجان شرقی,با آزمون,روزانه,مرد و زن,40,,,,,,43,اصلی,,,
30012,ریاضیات و کاربردها,دانشگاه تبریز,آذربایجان شرقی,با آزمون,روزانه,مرد و زن,72,,,,,,43,اصلی,,,
30013,علوم کامپیوتر,دانشگاه تبریز,آذربایجان شرقی,با آزمون,روزانه,مرد و زن,29,,,,,,43,اصلی,,,
30014,علوم و مهندسی آب,دانشگاه تبریز,آذربایجان شرقی,با آزمون,روزانه,مرد و زن,20,,,,,,43,اصلی,,,
30015,فیزیک,دانشگاه تبریز,آذربایجان شرقی,با آزمون,روزانه,مرد و زن,,54,,,,,43,اصلی,,,
30016,فیزیک مهندسی,دانشگاه تبریز,آذربایجان شرقی,با آزمون,روزانه,مرد و زن,54,,,,,,43,اصلی,,,
30017,مهندسی ایمنی و بازرسی فنی در صنایع نفت و گاز,دانشگاه تبریز,آذربایجان شرقی,با آزمون,روزانه,مرد و زن,27,,,,,,43,اصلی,,,
30018,مهندسی برق,دانشگاه تبریز,آذربایجان شرقی,با آزمون,روزانه,مرد و زن,162,,,,,,44,اصلی,,,
30019,مهندسی پلیمر,دانشگاه تبریز,آذربایجان شرقی,با آزمون,روزانه,مرد و زن,27,,,,,,44,اصلی,,,
30020,مهندسی ساخت و تولید,دانشگاه تبریز,آذربایجان شرقی,با آزمون,روزانه,مرد و زن,32,,,,,,44,اصلی,,,
30021,مهندسی شیمی,دانشگاه تبریز,آذربایجان شرقی,با آزمون,روزانه,مرد و زن,27,,,,,,44,اصلی,,,
30022,مهندسی عمران,دانشگاه تبریز,آذربایجان شرقی,با آزمون,روزانه,مرد و زن,90,,,,,,44,اصلی,,,
30023,مهندسی کامپیوتر,دانشگاه تبریز,آذربایجان شرقی,با آزمون,روزانه,مرد و زن,72,,,,,,44,اصلی,,,
30024,مهندسی ماشین‌های صنایع غذایی,دانشگاه تبریز,آذربایجان شرقی,با آزمون,روزانه,مرد و زن,20,,,,,,44,اصلی,,,
30025,مهندسی معماری,دانشگاه تبریز,آذربایجان شرقی,با آزمون,روزانه,مرد و زن,27,,,,,,44,اصلی,,,
30026,مهندسی مکانیک,دانشگاه تبریز,آذربایجان شرقی,با آزمون,روزانه,مرد و زن,83,,,,,,44,اصلی,,,
30027,مهندسی نفت و زمین‌انرژی,دانشگاه تبریز,آذربایجان شرقی,با آزمون,روزانه,مرد و زن,27,,,,,,44,اصلی,,,
30028,مهندسی نقشه‌برداری,دانشگاه تبریز,آذربایجان شرقی,با آزمون,روزانه,مرد و زن,29,,,,,,44,اصلی,,,
30029,مهندسی و علم مواد,دانشگاه تبریز,آذربایجان شرقی,با آزمون,روزانه,مرد و زن,38,,,,,,44,اصلی,,,
30057,مهندسی مکانیک بیوسیستم (این رشته متعلق به گروه کشاورزی است),دانشگاه تبریز,آذربایجان شرقی,با آزمون,روزانه,مرد و زن,20,,,,محل تحصیل دانشکده کشاورزی تبریز,,44,اصلی,,,
30059,مهندسی پزشکی,دانشگاه تبریز,آذربایجان شرقی,با آزمون,روزانه,مرد و زن,36,,,,محل تحصیل دانشکده مهندسی برق,,44,اصلی,,,
35800,اقتصاد,دانشگاه تبریز,آذربایجان شرقی,با آزمون,روزانه,مرد و زن,29,,,,,,44,اصلی,,,
35801,حسابداری,دانشگاه تبریز,آذربایجان شرقی,با آزمون,روزانه,مرد و زن,3,,,,,,44,اصلی,,,
35802,روانشناسی,دانشگاه تبریز,آذربایجان شرقی,با آزمون,روزانه,مرد و زن,4,,,,,,44,اصلی,,,
35803,شیمی کاربردی,دانشگاه تبریز,آذربایجان شرقی,با آزمون,روزانه,مرد و زن,11,,,,,,44,اصلی,,,
35804,شیمی محض,دانشگاه تبریز,آذربایجان شرقی,با آزمون,روزانه,مرد و زن,11,,,,,,44,اصلی,,,
35805,علم اطلاعات و دانش‌شناسی,دانشگاه تبریز,آذربایجان شرقی,با آزمون,روزانه,مرد و زن,4,,,,,,44,اصلی,,,
35806,علوم ورزشی,دانشگاه تبریز,آذربایجان شرقی,با آزمون,روزانه,زن,2,,,,,,44,اصلی,,,
35807,علوم ورزشی,دانشگاه تبریز,آذربایجان شرقی,با آزمون,روزانه,مرد,2,,,,,,44,اصلی,,,
35808,گردشگری,دانشگاه تبریز,آذربایجان شرقی,با آزمون,روزانه,مرد و زن,3,,,,,,44,اصلی,,,
30030,آمار,دانشگاه تبریز,آذربایجان شرقی,با آزمون,نوبت دوم,مرد و زن,5,,,,فاقد خوابگاه,,44,اصلی,,,
30031,ریاضیات و کاربردها,دانشگاه تبریز,آذربایجان شرقی,با آزمون,نوبت دوم,مرد و زن,8,,,,فاقد خوابگاه,,44,اصلی,,,
30032,علوم کامپیوتر,دانشگاه تبریز,آذربایجان شرقی,با آزمون,نوبت دوم,مرد و زن,3,,,,فاقد خوابگاه,,44,اصلی,,,
30033,علوم و مهندسی آب,دانشگاه تبریز,آذربایجان شرقی,با آزمون,نوبت دوم,مرد و زن,3,,,,فاقد خوابگاه,,44,اصلی,,,
30034,فیزیک,دانشگاه تبریز,آذربایجان شرقی,با آزمون,نوبت دوم,مرد و زن,,6,,,فاقد خوابگاه,,44,اصلی,,,
30035,فیزیک مهندسی,دانشگاه تبریز,آذربایجان شرقی,با آزمون,نوبت دوم,مرد و زن,6,,,,فاقد خوابگاه,,44,اصلی,,,
30036,مهندسی ایمنی و بازرسی فنی در صنایع نفت و گاز,دانشگاه تبریز,آذربایجان شرقی,با آزمون,نوبت دوم,مرد و زن,3,,,,فاقد خوابگاه,,44,اصلی,,,
30037,مهندسی برق,دانشگاه تبریز,آذربایجان شرقی,با آزمون,نوبت دوم,مرد و زن,18,,,,فاقد خوابگاه,,44,اصلی,,,
30038,مهندسی پلیمر,دانشگاه تبریز,آذربایجان شرقی,با آزمون,نوبت دوم,مرد و زن,3,,,,فاقد خوابگاه,,44,اصلی,,,
30039,مهندسی ساخت و تولید,دانشگاه تبریز,آذربایجان شرقی,با آزمون,نوبت دوم,مرد و زن,4,,,,فاقد خوابگاه,,44,اصلی,,,
30040,مهندسی شیمی,دانشگاه تبریز,آذربایجان شرقی,با آزمون,نوبت دوم,مرد و زن,3,,,,فاقد خوابگاه,,44,اصلی,,,
30041,مهندسی عمران,دانشگاه تبریز,آذربایجان شرقی,با آزمون,نوبت دوم,مرد و زن,10,,,,فاقد خوابگاه,,44,اصلی,,,
30042,مهندسی کامپیوتر,دانشگاه تبریز,آذربایجان شرقی,با آزمون,نوبت دوم,مرد و زن,8,,,,فاقد خوابگاه,,44,اصلی,,,
30043,مهندسی ماشین‌های صنایع غذایی,دانشگاه تبریز,آذربایجان شرقی,با آزمون,نوبت دوم,مرد و زن,3,,,,فاقد خوابگاه,,44,اصلی,,,
30044,مهندسی معماری,دانشگاه تبریز,آذربایجان شرقی,با آزمون,نوبت دوم,مرد و زن,3,,,,فاقد خوابگاه,,44,اصلی,,,
30045,مهندسی مکانیک,دانشگاه تبریز,آذربایجان شرقی,با آزمون,نوبت دوم,مرد و زن,9,,,,فاقد خوابگاه,,44,اصلی,,,
30046,مهندسی نفت و زمین‌انرژی,دانشگاه تبریز,آذربایجان شرقی,با آزمون,نوبت دوم,مرد و زن,3,,,,فاقد خوابگاه,,44,اصلی,,,
30047,مهندسی نقشه‌برداری,دانشگاه تبریز,آذربایجان شرقی,با آزمون,نوبت دوم,مرد و زن,3,,,,فاقد خوابگاه,,44,اصلی,,,
30048,مهندسی و علم مواد,دانشگاه تبریز,آذربایجان شرقی,با آزمون,نوبت دوم,مرد و زن,4,,,,فاقد خوابگاه,,44,اصلی,,,
30058,مهندسی مکانیک بیوسیستم (این رشته متعلق به گروه کشاورزی است),دانشگاه تبریز,آذربایجان شرقی,با آزمون,نوبت دوم,مرد و زن,3,,,,محل تحصیل دانشکده کشاورزی تبریز - فاقد خوابگاه,,44,اصلی,,,
30060,مهندسی پزشکی,دانشگاه تبریز,آذربایجان شرقی,با آزمون,نوبت دوم,مرد و زن,4,,,,محل تحصیل دانشکده مهندسی برق - فاقد خوابگاه,,44,اصلی,,,
35809,اقتصاد,دانشگاه تبریز,آذربایجان شرقی,با آزمون,نوبت دوم,مرد و زن,3,,,,فاقد خوابگاه,,44,اصلی,,,
35810,حسابداری,دانشگاه تبریز,آذربایجان شرقی,با آزمون,نوبت دوم,مرد و زن,1,,,,فاقد خوابگاه,,44,اصلی,,,
35811,روانشناسی,دانشگاه تبریز,آذربایجان شرقی,با آزمون,نوبت دوم,مرد و زن,1,,,,فاقد خوابگاه,,45,اصلی,,,
35812,شیمی کاربردی,دانشگاه تبریز,آذربایجان شرقی,با آزمون,نوبت دوم,مرد و زن,1,,,,فاقد خوابگاه,,45,اصلی,,,
35813,شیمی محض,دانشگاه تبریز,آذربایجان شرقی,با آزمون,نوبت دوم,مرد و زن,1,,,,فاقد خوابگاه,,45,اصلی,,,
35814,علم اطلاعات و دانش‌شناسی,دانشگاه تبریز,آذربایجان شرقی,با آزمون,نوبت دوم,مرد و زن,1,,,,فاقد خوابگاه,,45,اصلی,,,
35817,گردشگری,دانشگاه تبریز,آذربایجان شرقی,با آزمون,نوبت دوم,مرد و زن,1,,,,فاقد خوابگاه,,45,اصلی,,,
10009,زمین‌شناسی,دانشگاه تبریز,آذربایجان شرقی,صرفا با سوابق تحصیلی,روزانه,مرد و زن,36,,,,,,45,اصلی,,,
10010,زیست‌شناسی گیاهی,دانشگاه تبریز,آذربایجان شرقی,صرفا با سوابق تحصیلی,روزانه,مرد و زن,22,,,,,,45,اصلی,,,
10011,علوم و مهندسی باغبانی,دانشگاه تبریز,آذربایجان شرقی,صرفا با سوابق تحصیلی,روزانه,مرد و زن,20,,,,,,45,اصلی,,,
10012,علوم و مهندسی خاک,دانشگاه تبریز,آذربایجان شرقی,صرفا با سوابق تحصیلی,روزانه,مرد و زن,20,,,,,,45,اصلی,,,
10013,مهندسی اقتصاد کشاورزی,دانشگاه تبریز,آذربایجان شرقی,صرفا با سوابق تحصیلی,روزانه,مرد و زن,20,,,,,,45,اصلی,,,
10014,مهندسی تولید و ژنتیک گیاهی,دانشگاه تبریز,آذربایجان شرقی,صرفا با سوابق تحصیلی,روزانه,مرد و زن,20,,,,,,45,اصلی,,,
10015,مهندسی علوم دامی,دانشگاه تبریز,آذربایجان شرقی,صرفا با سوابق تحصیلی,روزانه,مرد و زن,20,,,,,,45,اصلی,,,
10016,مهندسی فضای سبز,دانشگاه تبریز,آذربایجان شرقی,صرفا با سوابق تحصیلی,روزانه,مرد و زن,20,,,,,,45,اصلی,,,
10017,مهندسی گیاهپزشکی,دانشگاه تبریز,آذربایجان شرقی,صرفا با سوابق تحصیلی,روزانه,مرد و زن,20,,,,,,45,اصلی,,,
10027,زبان و ادبیات ترکی آذری,دانشگاه تبریز,آذربایجان شرقی,صرفا با سوابق تحصیلی,روزانه,مرد و زن,36,,,,,,45,اصلی,,,
10018,زمین‌شناسی,دانشگاه تبریز,آذربایجان شرقی,صرفا با سوابق تحصیلی,نوبت دوم,مرد و زن,4,,,,فاقد خوابگاه,,45,اصلی,,,
10019,زیست‌شناسی گیاهی,دانشگاه تبریز,آذربایجان شرقی,صرفا با سوابق تحصیلی,نوبت دوم,مرد و زن,3,,,,فاقد خوابگاه,,45,اصلی,,,
10020,علوم و مهندسی باغبانی,دانشگاه تبریز,آذربایجان شرقی,صرفا با سوابق تحصیلی,نوبت دوم,مرد و زن,3,,,,فاقد خوابگاه,,45,اصلی,,,
10021,علوم و مهندسی خاک,دانشگاه تبریز,آذربایجان شرقی,صرفا با سوابق تحصیلی,نوبت دوم,مرد و زن,3,,,,فاقد خوابگاه,,45,اصلی,,,
10022,مهندسی اقتصاد کشاورزی,دانشگاه تبریز,آذربایجان شرقی,صرفا با سوابق تحصیلی,نوبت دوم,مرد و زن,3,,,,فاقد خوابگاه,,45,اصلی,,,
10023,مهندسی تولید و ژنتیک گیاهی,دانشگاه تبریز,آذربایجان شرقی,صرفا با سوابق تحصیلی,نوبت دوم,مرد و زن,3,,,,فاقد خوابگاه,,45,اصلی,,,
10024,مهندسی علوم دامی,دانشگاه تبریز,آذربایجان شرقی,صرفا با سوابق تحصیلی,نوبت دوم,مرد و زن,3,,,,فاقد خوابگاه,,45,اصلی,,,
10025,مهندسی فضای سبز,دانشگاه تبریز,آذربایجان شرقی,صرفا با سوابق تحصیلی,نوبت دوم,مرد و زن,3,,,,فاقد خوابگاه,,45,اصلی,,,
10026,مهندسی گیاهپزشکی,دانشگاه تبریز,آذربایجان شرقی,صرفا با سوابق تحصیلی,نوبت دوم,مرد و زن,3,,,,فاقد خوابگاه,,45,اصلی,,,
10028,زبان و ادبیات ترکی آذری,دانشگاه تبریز,آذربایجان شرقی,صرفا با سوابق تحصیلی,نوبت دوم,مرد و زن,4,,,,فاقد خوابگاه,,45,اصلی,,,
30049,مهندسی عمران,دانشگاه تبریز (محل تحصیل آموزشکده فنی و مهندسی مرند),آذربایجان شرقی,با آزمون,روزانه,مرد و زن,54,,,,ممنوعیت مهمانی و انتقال به پردیس اصلی دانشگاه در تبریز - معرفی به خوابگاه‌های خودگردان,,45,اصلی,,,
30050,مهندسی عمران,دانشگاه تبریز (محل تحصیل آموزشکده فنی و مهندسی مرند),آذربایجان شرقی,با آزمون,نوبت دوم,مرد و زن,6,,,,ممنوعیت مهمانی و انتقال به پردیس اصلی دانشگاه در تبریز - معرفی به خوابگاه‌های خودگردان,,45,اصلی,,,
10029,ریاضیات و کاربردها,دانشگاه تبریز (محل تحصیل آموزشکده فنی و مهندسی مرند),آذربایجان شرقی,صرفا با سوابق تحصیلی,روزانه,مرد و زن,45,,,,ممنوعیت مهمانی و انتقال به پردیس اصلی دانشگاه در تبریز - معرفی به خوابگاه‌های خودگردان,,45,اصلی,,,
10030,مهندسی نقشه‌برداری,دانشگاه تبریز (محل تحصیل آموزشکده فنی و مهندسی مرند),آذربایجان شرقی,صرفا با سوابق تحصیلی,روزانه,مرد و زن,45,,,,ممنوعیت مهمانی و انتقال به پردیس اصلی دانشگاه در تبریز - معرفی به خوابگاه‌های خودگردان,,45,اصلی,,,
10031,ریاضیات و کاربردها,دانشگاه تبریز (محل تحصیل آموزشکده فنی و مهندسی مرند),آذربایجان شرقی,صرفا با سوابق تحصیلی,نوبت دوم,مرد و زن,5,,,,ممنوعیت مهمانی و انتقال به پردیس اصلی دانشگاه در تبریز - معرفی به خوابگاه‌های خودگردان,,45,اصلی,,,
10032,مهندسی نقشه‌برداری,دانشگاه تبریز (محل تحصیل آموزشکده فنی و مهندسی مرند),آذربایجان شرقی,صرفا با سوابق تحصیلی,نوبت دوم,مرد و زن,5,,,,ممنوعیت مهمانی و انتقال به پردیس اصلی دانشگاه در تبریز - معرفی به خوابگاه‌های خودگردان,,45,اصلی,,,
30051,مهندسی صنایع و سیستم‌ها,دانشگاه تبریز (محل تحصیل دانشکده فنی و مهندسی میانه),آذربایجان شرقی,با آزمون,روزانه,مرد و زن,43,,,,ممنوعیت مهمانی و انتقال به پردیس اصلی دانشگاه در تبریز - معرفی به خوابگاه‌های خودگردان,,45,اصلی,,,
30052,مهندسی کامپیوتر,دانشگاه تبریز (محل تحصیل دانشکده فنی و مهندسی میانه),آذربایجان شرقی,با آزمون,روزانه,مرد و زن,54,,,,ممنوعیت مهمانی و انتقال به پردیس اصلی دانشگاه در تبریز - معرفی به خوابگاه‌های خودگردان,,46,اصلی,,,
30053,مهندسی مکانیک,دانشگاه تبریز (محل تحصیل دانشکده فنی و مهندسی میانه),آذربایجان شرقی,با آزمون,روزانه,مرد و زن,54,,,,ممنوعیت مهمانی و انتقال به پردیس اصلی دانشگاه در تبریز - معرفی به خوابگاه‌های خودگردان,,46,اصلی,,,
30054,مهندسی صنایع و سیستم‌ها,دانشگاه تبریز (محل تحصیل دانشکده فنی و مهندسی میانه),آذربایجان شرقی,با آزمون,نوبت دوم,مرد و زن,5,,,,ممنوعیت مهمانی و انتقال به پردیس اصلی دانشگاه در تبریز - معرفی به خوابگاه‌های خودگردان,,46,اصلی,,,
30055,مهندسی کامپیوتر,دانشگاه تبریز (محل تحصیل دانشکده فنی و مهندسی میانه),آذربایجان شرقی,با آزمون,نوبت دوم,مرد و زن,6,,,,ممنوعیت مهمانی و انتقال به پردیس اصلی دانشگاه در تبریز - معرفی به خوابگاه‌های خودگردان,,46,اصلی,,,
30056,مهندسی مکانیک,دانشگاه تبریز (محل تحصیل دانشکده فنی و مهندسی میانه),آذربایجان شرقی,با آزمون,نوبت دوم,مرد و زن,6,,,,ممنوعیت مهمانی و انتقال به پردیس اصلی دانشگاه در تبریز - معرفی به خوابگاه‌های خودگردان,,46,اصلی,,,
30061,علوم کامپیوتر,دانشگاه شهید مدنی آذربایجان - آذرشهر,آذربایجان شرقی,با آزمون,روزانه,مرد و زن,45,,,,دارای خوابگاه ملکی,,46,اصلی,,,
30062,مهندسی برق,دانشگاه شهید مدنی آذربایجان - آذرشهر,آذربایجان شرقی,با آزمون,روزانه,مرد و زن,60,,,,دارای خوابگاه ملکی,,46,اصلی,,,
30063,مهندسی شیمی,دانشگاه شهید مدنی آذربایجان - آذرشهر,آذربایجان شرقی,با آزمون,روزانه,مرد و زن,40,,,,دارای خوابگاه ملکی,,46,اصلی,,,
30064,مهندسی عمران,دانشگاه شهید مدنی آذربایجان - آذرشهر,آذربایجان شرقی,با آزمون,روزانه,مرد و زن,65,,,,دارای خوابگاه ملکی,,46,اصلی,,,
30065,مهندسی کامپیوتر,دانشگاه شهید مدنی آذربایجان - آذرشهر,آذربایجان شرقی,با آزمون,روزانه,مرد و زن,80,,,,دارای خوابگاه ملکی,,46,اصلی,,,
30066,مهندسی مکانیک,دانشگاه شهید مدنی آذربایجان - آذرشهر,آذربایجان شرقی,با آزمون,روزانه,مرد و زن,60,,,,دارای خوابگاه ملکی,,46,اصلی,,,
30067,مهندسی و علم مواد,دانشگاه شهید مدنی آذربایجان - آذرشهر,آذربایجان شرقی,با آزمون,روزانه,مرد و زن,40,,,,دارای خوابگاه ملکی,,46,اصلی,,,
35818,روانشناسی,دانشگاه شهید مدنی آذربایجان - آذرشهر,آذربایجان شرقی,با آزمون,روزانه,مرد و زن,4,,,,دارای خوابگاه ملکی,,46,اصلی,,,
35819,شیمی کاربردی,دانشگاه شهید مدنی آذربایجان - آذرشهر,آذربایجان شرقی,با آزمون,روزانه,مرد و زن,10,,,,دارای خوابگاه ملکی,,46,اصلی,,,
35820,علم اطلاعات و دانش‌شناسی,دانشگاه شهید مدنی آذربایجان - آذرشهر,آذربایجان شرقی,با آزمون,روزانه,مرد و زن,4,,,,دارای خوابگاه ملکی,,46,اصلی,,,
35821,علوم ورزشی,دانشگاه شهید مدنی آذربایجان - آذرشهر,آذربایجان شرقی,با آزمون,روزانه,زن,2,,,,دارای خوابگاه ملکی,,46,اصلی,,,
35822,علوم ورزشی,دانشگاه شهید مدنی آذربایجان - آذرشهر,آذربایجان شرقی,با آزمون,روزانه,مرد,2,,,,دارای خوابگاه ملکی,,46,اصلی,,,
35823,مددکاری اجتماعی,دانشگاه شهید مدنی آذربایجان - آذرشهر,آذربایجان شرقی,با آزمون,روزانه,مرد و زن,4,,,,دارای خوابگاه ملکی,,46,اصلی,,,
30068,مهندسی برق,دانشگاه شهید مدنی آذربایجان - آذرشهر,آذربایجان شرقی,با آزمون,نوبت دوم,مرد و زن,10,,,,,,46,اصلی,,,
30069,مهندسی عمران,دانشگاه شهید مدنی آذربایجان - آذرشهر,آذربایجان شرقی,با آزمون,نوبت دوم,مرد و زن,15,,,,,,46,اصلی,,,
10041,ریاضیات و کاربردها,دانشگاه شهید مدنی آذربایجان - آذرشهر,آذربایجان شرقی,صرفا با سوابق تحصیلی,روزانه,مرد و زن,65,,,,دارای خوابگاه ملکی,,46,اصلی,,,
10042,فیزیک,دانشگاه شهید مدنی آذربایجان - آذرشهر,آذربایجان شرقی,صرفا با سوابق تحصیلی,روزانه,مرد و زن,40,,,,دارای خوابگاه ملکی,,46,اصلی,,,
10043,فیزیک مهندسی,دانشگاه شهید مدنی آذربایجان - آذرشهر,آذربایجان شرقی,صرفا با سوابق تحصیلی,روزانه,مرد و زن,40,,,,دارای خوابگاه ملکی,,46,اصلی,,,
10044,زیست‌شناسی گیاهی,دانشگاه شهید مدنی آذربایجان - آذرشهر,آذربایجان شرقی,صرفا با سوابق تحصیلی,روزانه,مرد و زن,40,,,,دارای خوابگاه ملکی,,46,اصلی,,,
10045,شیمی محض,دانشگاه شهید مدنی آذربایجان - آذرشهر,آذربایجان شرقی,صرفا با سوابق تحصیلی,روزانه,مرد و زن,50,,,,دارای خوابگاه ملکی,,46,اصلی,,,
10046,علوم و مهندسی باغبانی,دانشگاه شهید مدنی آذربایجان - آذرشهر,آذربایجان شرقی,صرفا با سوابق تحصیلی,روزانه,مرد و زن,20,,,,دارای خوابگاه ملکی,,46,اصلی,,,
10047,مهندسی تولید و ژنتیک گیاهی,دانشگاه شهید مدنی آذربایجان - آذرشهر,آذربایجان شرقی,صرفا با سوابق تحصیلی,روزانه,مرد و زن,20,,,,دارای خوابگاه ملکی,,46,اصلی,,,
10048,مهندسی گیاهپزشکی,دانشگاه شهید مدنی آذربایجان - آذرشهر,آذربایجان شرقی,صرفا با سوابق تحصیلی,روزانه,مرد و زن,20,,,,دارای خوابگاه ملکی,,46,اصلی,,,
10049,ادیان و عرفان,دانشگاه شهید مدنی آذربایجان - آذرشهر,آذربایجان شرقی,صرفا با سوابق تحصیلی,روزانه,مرد و زن,30,,,,دارای خوابگاه ملکی,,46,اصلی,,,
10050,تاریخ و تمدن ملل اسلامی,دانشگاه شهید مدنی آذربایجان - آذرشهر,آذربایجان شرقی,صرفا با سوابق تحصیلی,روزانه,مرد و زن,35,,,,دارای خوابگاه ملکی,,46,اصلی,,,
10051,علوم قرآن و حدیث,دانشگاه شهید مدنی آذربایجان - آذرشهر,آذربایجان شرقی,صرفا با سوابق تحصیلی,روزانه,مرد و زن,40,,,,دارای خوابگاه ملکی,,46,اصلی,,,
10052,فلسفه و کلام اسلامی,دانشگاه شهید مدنی آذربایجان - آذرشهر,آذربایجان شرقی,صرفا با سوابق تحصیلی,روزانه,مرد و زن,40,,,,دارای خوابگاه ملکی,,46,اصلی,,,
30070,مهندسی برق,دانشگاه صنعتی سهند - شهر جدید سهند,آذربایجان شرقی,با آزمون,روزانه,مرد و زن,85,,,,,,46,اصلی,,,
30071,مهندسی پزشکی,دانشگاه صنعتی سهند - شهر جدید سهند,آذربایجان شرقی,با آزمون,روزانه,مرد و زن,68,,,,,,46,اصلی,,,
30072,مهندسی پلیمر,دانشگاه صنعتی سهند - شهر جدید سهند,آذربایجان شرقی,با آزمون,روزانه,مرد و زن,51,,,,,,46,اصلی,,,
30073,مهندسی شیمی,دانشگاه صنعتی سهند - شهر جدید سهند,آذربایجان شرقی,با آزمون,روزانه,مرد و زن,84,,,,,,46,اصلی,,,
30074,مهندسی عمران,دانشگاه صنعتی سهند - شهر جدید سهند,آذربایجان شرقی,با آزمون,روزانه,مرد و زن,51,,,,,,46,اصلی,,,
30075,مهندسی کامپیوتر,دانشگاه صنعتی سهند - شهر جدید سهند,آذربایجان شرقی,با آزمون,روزانه,مرد و زن,30,,,,,,47,اصلی,,,
30076,مهندسی معدن,دانشگاه صنعتی سهند - شهر جدید سهند,آذربایجان شرقی,با آزمون,روزانه,مرد و زن,50,,,,,,47,اصلی,,,
30077,مهندسی مکانیک,دانشگاه صنعتی سهند - شهر جدید سهند,آذربایجان شرقی,با آزمون,روزانه,مرد و زن,85,,,,,,47,اصلی,,,
30078,مهندسی نفت و زمین‌انرژی,دانشگاه صنعتی سهند - شهر جدید سهند,آذربایجان شرقی,با آزمون,روزانه,مرد و زن,38,,,,,,47,اصلی,,,
30079,مهندسی و علم مواد,دانشگاه صنعتی سهند - شهر جدید سهند,آذربایجان شرقی,با آزمون,روزانه,مرد و زن,64,,,,,,47,اصلی,,,
30080,مهندسی برق,دانشگاه صنعتی سهند - شهر جدید سهند,آذربایجان شرقی,با آزمون,نوبت دوم,مرد و زن,15,,,,فاقد خوابگاه,,47,اصلی,,,
30081,مهندسی پزشکی,دانشگاه صنعتی سهند - شهر جدید سهند,آذربایجان شرقی,با آزمون,نوبت دوم,مرد و زن,12,,,,فاقد خوابگاه,,47,اصلی,,,
30082,مهندسی پلیمر,دانشگاه صنعتی سهند - شهر جدید سهند,آذربایجان شرقی,با آزمون,نوبت دوم,مرد و زن,9,,,,فاقد خوابگاه,,47,اصلی,,,
30083,مهندسی شیمی,دانشگاه صنعتی سهند - شهر جدید سهند,آذربایجان شرقی,با آزمون,نوبت دوم,مرد و زن,12,,,,فاقد خوابگاه,,47,اصلی,,,
30084,مهندسی عمران,دانشگاه صنعتی سهند - شهر جدید سهند,آذربایجان شرقی,با آزمون,نوبت دوم,مرد و زن,9,,,,فاقد خوابگاه,,47,اصلی,,,
30085,مهندسی کامپیوتر,دانشگاه صنعتی سهند - شهر جدید سهند,آذربایجان شرقی,با آزمون,نوبت دوم,مرد و زن,10,,,,فاقد خوابگاه,,47,اصلی,,,
30086,مهندسی معدن,دانشگاه صنعتی سهند - شهر جدید سهند,آذربایجان شرقی,با آزمون,نوبت دوم,مرد و زن,10,,,,فاقد خوابگاه,,47,اصلی,,,
30087,مهندسی مکانیک,دانشگاه صنعتی سهند - شهر جدید سهند,آذربایجان شرقی,با آزمون,نوبت دوم,مرد و زن,15,,,,فاقد خوابگاه,,47,اصلی,,,
30088,مهندسی نفت و زمین‌انرژی,دانشگاه صنعتی سهند - شهر جدید سهند,آذربایجان شرقی,با آزمون,نوبت دوم,مرد و زن,7,,,,فاقد خوابگاه,,47,اصلی,,,
30089,مهندسی و علم مواد,دانشگاه صنعتی سهند - شهر جدید سهند,آذربایجان شرقی,با آزمون,نوبت دوم,مرد و زن,10,,,,فاقد خوابگاه,,47,اصلی,,,
10053,ریاضیات و کاربردها,دانشگاه صنعتی سهند - شهر جدید سهند,آذربایجان شرقی,صرفا با سوابق تحصیلی,روزانه,مرد و زن,51,,,,,,47,اصلی,,,
10054,فیزیک,دانشگاه صنعتی سهند - شهر جدید سهند,آذربایجان شرقی,صرفا با سوابق تحصیلی,روزانه,مرد و زن,45,,,,,,47,اصلی,,,
10055,ریاضیات و کاربردها,دانشگاه صنعتی سهند - شهر جدید سهند,آذربایجان شرقی,صرفا با سوابق تحصیلی,نوبت دوم,مرد و زن,9,,,,فاقد خوابگاه,,47,اصلی,,,
10056,فیزیک,دانشگاه صنعتی سهند - شهر جدید سهند,آذربایجان شرقی,صرفا با سوابق تحصیلی,نوبت دوم,مرد و زن,10,,,,فاقد خوابگاه,,47,اصلی,,,
10057,مهندسی پزشکی,دانشگاه صنعتی سهند - شهر جدید سهند,آذربایجان شرقی,صرفا با سوابق تحصیلی,مجازی,مرد و زن,120,,,,فاقد خوابگاه,,47,اصلی,,,
10058,مهندسی شیمی,دانشگاه صنعتی سهند - شهر جدید سهند,آذربایجان شرقی,صرفا با سوابق تحصیلی,مجازی,مرد و زن,120,,,,فاقد خوابگاه,,47,اصلی,,,
10059,مهندسی و علم مواد,دانشگاه صنعتی سهند - شهر جدید سهند,آذربایجان شرقی,صرفا با سوابق تحصیلی,مجازی,مرد و زن,120,,,,فاقد خوابگاه,,47,اصلی,,,
30090,مهندسی شیمی,دانشگاه مراغه,آذربایجان شرقی,با آزمون,روزانه,مرد و زن,45,,,,,,47,اصلی,,,
30091,مهندسی عمران,دانشگاه مراغه,آذربایجان شرقی,با آزمون,روزانه,مرد و زن,60,,,,,,47,اصلی,,,
30092,مهندسی مکانیک,دانشگاه مراغه,آذربایجان شرقی,با آزمون,روزانه,مرد و زن,50,,,,,,47,اصلی,,,
35824,روانشناسی,دانشگاه مراغه,آذربایجان شرقی,با آزمون,روزانه,مرد و زن,6,,,,,,47,اصلی,,,
35825,شیمی کاربردی,دانشگاه مراغه,آذربایجان شرقی,با آزمون,روزانه,مرد و زن,6,,,,,,47,اصلی,,,
35826,علوم ورزشی,دانشگاه مراغه,آذربایجان شرقی,با آزمون,روزانه,زن,3,,,,,,47,اصلی,,,
35827,علوم ورزشی,دانشگاه مراغه,آذربایجان شرقی,با آزمون,روزانه,مرد,3,,,,,,47,اصلی,,,
30093,مهندسی شیمی,دانشگاه مراغه,آذربایجان شرقی,با آزمون,نوبت دوم,مرد و زن,5,,,,,,47,اصلی,,,
30094,مهندسی عمران,دانشگاه مراغه,آذربایجان شرقی,با آزمون,نوبت دوم,مرد و زن,10,,,,,,47,اصلی,,,
30095,مهندسی مکانیک,دانشگاه مراغه,آذربایجان شرقی,با آزمون,نوبت دوم,مرد و زن,5,,,,,,47,اصلی,,,
35828,روانشناسی,دانشگاه مراغه,آذربایجان شرقی,با آزمون,نوبت دوم,مرد و زن,1,,,,,,47,اصلی,,,
35829,شیمی کاربردی,دانشگاه مراغه,آذربایجان شرقی,با آزمون,نوبت دوم,مرد و زن,1,,,,,,47,اصلی,,,
10063,ریاضیات و کاربردها,دانشگاه مراغه,آذربایجان شرقی,صرفا با سوابق تحصیلی,روزانه,مرد و زن,40,,,,,,47,اصلی,,,
10064,علوم و مهندسی آب,دانشگاه مراغه,آذربایجان شرقی,صرفا با سوابق تحصیلی,روزانه,مرد و زن,20,,,,,,47,اصلی,,,
10065,مهندسی ماشین‌های صنایع غذایی,دانشگاه مراغه,آذربایجان شرقی,صرفا با سوابق تحصیلی,روزانه,مرد و زن,20,,,,,,47,اصلی,,,
10066,مهندسی مکانیک بیوسیستم (این رشته متعلق به گروه کشاورزی است),دانشگاه مراغه,آذربایجان شرقی,صرفا با سوابق تحصیلی,روزانه,مرد و زن,20,,,,,,47,اصلی,,,
10067,مهندسی و علم مواد,دانشگاه مراغه,آذربایجان شرقی,صرفا با سوابق تحصیلی,روزانه,مرد و زن,30,,,,,,47,اصلی,,,
10069,شیمی محض,دانشگاه مراغه,آذربایجان شرقی,صرفا با سوابق تحصیلی,روزانه,مرد و زن,40,,,,,,47,اصلی,,,
10070,علوم و مهندسی باغبانی,دانشگاه مراغه,آذربایجان شرقی,صرفا با سوابق تحصیلی,روزانه,مرد و زن,20,,,,,,47,اصلی,,,
10071,علوم و مهندسی خاک,دانشگاه مراغه,آذربایجان شرقی,صرفا با سوابق تحصیلی,روزانه,مرد و زن,20,,,,,,47,اصلی,,,
10072,مهندسی تولید و ژنتیک گیاهی,دانشگاه مراغه,آذربایجان شرقی,صرفا با سوابق تحصیلی,روزانه,مرد و زن,20,,,,,,47,اصلی,,,
10073,مهندسی گیاهپزشکی,دانشگاه مراغه,آذربایجان شرقی,صرفا با سوابق تحصیلی,روزانه,مرد و زن,20,,,,,,47,اصلی,,,
10076,مترجمی زبان انگلیسی,دانشگاه مراغه,آذربایجان شرقی,صرفا با سوابق تحصیلی,روزانه,مرد و زن,35,,,,,,47,اصلی,,,
10068,مهندسی و علم مواد,دانشگاه مراغه,آذربایجان شرقی,صرفا با سوابق تحصیلی,نوبت دوم,مرد و زن,4,,,,,,47,اصلی,,,
10074,علوم ورزشی,دانشگاه مراغه,آذربایجان شرقی,صرفا با سوابق تحصیلی,نوبت دوم,زن,8,,,,,,47,اصلی,,,
10075,علوم ورزشی,دانشگاه مراغه,آذربایجان شرقی,صرفا با سوابق تحصیلی,نوبت دوم,مرد,5,,,,,,48,اصلی,,,
10077,مترجمی زبان انگلیسی,دانشگاه مراغه,آذربایجان شرقی,صرفا با سوابق تحصیلی,نوبت دوم,مرد و زن,5,,,,,,48,اصلی,,,
30096,چند رسانه‌ای,دانشگاه هنر اسلامی تبریز,آذربایجان شرقی,با آزمون,روزانه,زن,,30,,,فاقد خوابگاه,,48,اصلی,,,
30097,مهندسی شهرسازی,دانشگاه هنر اسلامی تبریز,آذربایجان شرقی,با آزمون,روزانه,مرد,20,,,,فاقد خوابگاه,,48,اصلی,,,
30098,مهندسی شهرسازی,دانشگاه هنر اسلامی تبریز,آذربایجان شرقی,با آزمون,روزانه,زن,,24,,,فاقد خوابگاه,,48,اصلی,,,
30099,مهندسی معماری,دانشگاه هنر اسلامی تبریز,آذربایجان شرقی,با آزمون,روزانه,مرد,24,,,,فاقد خوابگاه,,48,اصلی,,,
30100,مهندسی معماری,دانشگاه هنر اسلامی تبریز,آذربایجان شرقی,با آزمون,روزانه,زن,,30,,,فاقد خوابگاه,,48,اصلی,,,
10078,چند رسانه‌ای,دانشگاه هنر اسلامی تبریز,آذربایجان شرقی,صرفا با سوابق تحصیلی,روزانه,مرد,24,,,,فاقد خوابگاه,,48,اصلی,,,
10079,باستان‌شناسی,دانشگاه هنر اسلامی تبریز,آذربایجان شرقی,صرفا با سوابق تحصیلی,روزانه,مرد و زن,22,,,,فاقد خوابگاه,,48,اصلی,,,
10080,ارتباط تصویری,دانشگاه هنر اسلامی تبریز,آذربایجان شرقی,صرفا با سوابق تحصیلی,روزانه,مرد,24,,,,فاقد خوابگاه,,48,اصلی,,,
10081,طراحی صنعتی,دانشگاه هنر اسلامی تبریز,آذربایجان شرقی,صرفا با سوابق تحصیلی,روزانه,مرد,20,,,,ممنوعیت مهمانی و انتقال در هر شرایطی - فاقد خوابگاه,,48,اصلی,,,
10082,طراحی و ساخت طلا و جواهر,دانشگاه هنر اسلامی تبریز,آذربایجان شرقی,صرفا با سوابق تحصیلی,روزانه,مرد,15,,,,فاقد خوابگاه,,48,اصلی,,,
10083,طراحی و ساخت طلا و جواهر,دانشگاه هنر اسلامی تبریز,آذربایجان شرقی,صرفا با سوابق تحصیلی,روزانه,زن,,24,,,فاقد خوابگاه,,48,اصلی,,,
10084,نقاشی ایرانی,دانشگاه هنر اسلامی تبریز,آذربایجان شرقی,صرفا با سوابق تحصیلی,روزانه,مرد,15,,,,فاقد خوابگاه,,48,اصلی,,,
10085,هنر اسلامی,دانشگاه هنر اسلامی تبریز,آذربایجان شرقی,صرفا با سوابق تحصیلی,روزانه,مرد و زن,70,,,,فاقد خوابگاه,,48,اصلی,,,
30101,مهندسی حرفه‌ای کامپیوتر,دانشگاه ملی مهارت - آموزشکده دختران تبریز,آذربایجان شرقی,با آزمون,روزانه,زن,24,,,,,,48,اصلی,,,
30102,مهندسی حرفه‌ای کامپیوتر,دانشگاه ملی مهارت - آموزشکده دختران تبریز,آذربایجان شرقی,با آزمون,روزانه,زن,,24,,,,,48,اصلی,,,
30103,مهندسی حرفه‌ای کامپیوتر,دانشگاه ملی مهارت - آموزشکده دختران تبریز,آذربایجان شرقی,با آزمون,نوبت دوم,زن,6,,,,,,48,اصلی,,,
30104,مهندسی حرفه‌ای کامپیوتر,دانشگاه ملی مهارت - آموزشکده دختران تبریز,آذربایجان شرقی,با آزمون,نوبت دوم,زن,,6,,,,,48,اصلی,,,
30105,مهندسی حرفه‌ای کامپیوتر,دانشگاه ملی مهارت - دانشکده پسران تبریز,آذربایجان شرقی,با آزمون,روزانه,مرد,30,,,,,,48,اصلی,,,
30106,مهندسی حرفه‌ای کامپیوتر,دانشگاه ملی مهارت - دانشکده پسران تبریز,آذربایجان شرقی,با آزمون,روزانه,مرد,,30,,,,,48,اصلی,,,
30107,مهندسی حرفه‌ای معماری,دانشگاه ملی مهارت - دانشکده پسران تبریز,آذربایجان شرقی,با آزمون,روزانه,مرد,30,,,,,,48,اصلی,,,
30108,مهندسی حرفه‌ای معماری,دانشگاه ملی مهارت - دانشکده پسران تبریز,آذربایجان شرقی,با آزمون,روزانه,مرد,,30,,,,,48,اصلی,,,
35830,حسابداری,دانشگاه ملی مهارت - دانشکده پسران تبریز,آذربایجان شرقی,با آزمون,روزانه,مرد,3,,,,,,48,اصلی,,,
35831,حسابداری,دانشگاه ملی مهارت - دانشکده پسران تبریز,آذربایجان شرقی,با آزمون,روزانه,مرد,,3,,,,,48,اصلی,,,
10033,علوم و مهندسی باغبانی,دانشگاه تبریز (محل تحصیل دانشکده کشاورزی اهر),آذربایجان شرقی,صرفا با سوابق تحصیلی,روزانه,مرد و زن,20,,,,ممنوعیت مهمانی و انتقال به پردیس اصلی دانشگاه در تبریز - فاقد خوابگاه,,48,اصلی,,,
10034,علوم و مهندسی جنگل,دانشگاه تبریز (محل تحصیل دانشکده کشاورزی اهر),آذربایجان شرقی,صرفا با سوابق تحصیلی,روزانه,مرد و زن,20,,,,ممنوعیت مهمانی و انتقال به پردیس اصلی دانشگاه در تبریز - فاقد خوابگاه,,48,اصلی,,,
10035,علوم و مهندسی صنایع غذایی(این رشته متعلق به گروه کشاورزی است),دانشگاه تبریز (محل تحصیل دانشکده کشاورزی اهر),آذربایجان شرقی,صرفا با سوابق تحصیلی,روزانه,مرد و زن,20,,,,ممنوعیت مهمانی و انتقال به پردیس اصلی دانشگاه در تبریز - فاقد خوابگاه,,48,اصلی,,,
10036,مهندسی علوم دامی,دانشگاه تبریز (محل تحصیل دانشکده کشاورزی اهر),آذربایجان شرقی,صرفا با سوابق تحصیلی,روزانه,مرد و زن,20,,,,ممنوعیت مهمانی و انتقال به پردیس اصلی دانشگاه در تبریز - فاقد خوابگاه,,48,اصلی,,,
10037,علوم و مهندسی باغبانی,دانشگاه تبریز (محل تحصیل دانشکده کشاورزی اهر),آذربایجان شرقی,صرفا با سوابق تحصیلی,نوبت دوم,مرد و زن,3,,,,ممنوعیت مهمانی و انتقال به پردیس اصلی دانشگاه در تبریز - فاقد خوابگاه,,48,اصلی,,,
10038,علوم و مهندسی جنگل,دانشگاه تبریز (محل تحصیل دانشکده کشاورزی اهر),آذربایجان شرقی,صرفا با سوابق تحصیلی,نوبت دوم,مرد و زن,3,,,,ممنوعیت مهمانی و انتقال به پردیس اصلی دانشگاه در تبریز - فاقد خوابگاه,,48,اصلی,,,
10039,علوم و مهندسی صنایع غذایی(این رشته متعلق به گروه کشاورزی است),دانشگاه تبریز (محل تحصیل دانشکده کشاورزی اهر),آذربایجان شرقی,صرفا با سوابق تحصیلی,نوبت دوم,مرد و زن,3,,,,ممنوعیت مهمانی و انتقال به پردیس اصلی دانشگاه در تبریز - فاقد خوابگاه,,48,اصلی,,,
10040,مهندسی علوم دامی,دانشگاه تبریز (محل تحصیل دانشکده کشاورزی اهر),آذربایجان شرقی,صرفا با سوابق تحصیلی,نوبت دوم,مرد و زن,3,,,,ممنوعیت مهمانی و انتقال به پردیس اصلی دانشگاه در تبریز - فاقد خوابگاه,,48,اصلی,,,
10060,کاردانی فرآوری مواد معدنی,دانشگاه صنعتی سهند (محل تحصیل شهرستان ورزقان),آذربایجان شرقی,صرفا با سوابق تحصیلی,روزانه,مرد,70,,,,فاقد خوابگاه,,49,اصلی,,,
10061,کاردانی فرآوری مواد معدنی,دانشگاه صنعتی سهند (محل تحصیل شهرستان ورزقان),آذربایجان شرقی,صرفا با سوابق تحصیلی,نوبت دوم,مرد,10,,,,فاقد خوابگاه,,49,اصلی,,,
10062,علوم قرآن و حدیث,دانشگاه علوم و معارف قرآن کریم - وابسته به سازمان اوقاف و امور خیریه (محل تحصیل دانشکده علوم قرآنی مراغه),آذربایجان شرقی,صرفا با سوابق تحصیلی,روزانه,مرد و زن,40,,25,15,دارای خوابگاه ملکی,,49,اصلی,,,
30109,مهندسی انرژی,دانشگاه ارومیه,آذربایجان غربی,با آزمون,روزانه,مرد و زن,50,,,,,,49,اصلی,,,
30110,مهندسی برق,دانشگاه ارومیه,آذربایجان غربی,با آزمون,روزانه,مرد و زن,180,,,,,,49,اصلی,,,
30111,مهندسی پلیمر,دانشگاه ارومیه,آذربایجان غربی,با آزمون,روزانه,مرد و زن,40,,,,,,49,اصلی,,,
30112,مهندسی شهرسازی,دانشگاه ارومیه,آذربایجان غربی,با آزمون,روزانه,مرد و زن,35,,,,,,49,اصلی,,,
30113,مهندسی شیمی,دانشگاه ارومیه,آذربایجان غربی,با آزمون,روزانه,مرد و زن,45,,,,,,49,اصلی,,,
30114,مهندسی صنایع و سیستم‌ها,دانشگاه ارومیه,آذربایجان غربی,با آزمون,روزانه,مرد و زن,45,,,,,,49,اصلی,,,
30115,مهندسی عمران,دانشگاه ارومیه,آذربایجان غربی,با آزمون,روزانه,مرد و زن,60,,,,,,49,اصلی,,,
30116,مهندسی کامپیوتر,دانشگاه ارومیه,آذربایجان غربی,با آزمون,روزانه,مرد و زن,45,,,,,,49,اصلی,,,
30117,مهندسی معماری,دانشگاه ارومیه,آذربایجان غربی,با آزمون,روزانه,مرد و زن,40,,,,,,49,اصلی,,,
30118,مهندسی مکانیک,دانشگاه ارومیه,آذربایجان غربی,با آزمون,روزانه,مرد و زن,50,,,,,,49,اصلی,,,
30119,مهندسی و علم مواد,دانشگاه ارومیه,آذربایجان غربی,با آزمون,روزانه,مرد و زن,40,,,,,,49,اصلی,,,
35832,اقتصاد,دانشگاه ارومیه,آذربایجان غربی,با آزمون,روزانه,مرد و زن,18,,,,,,49,اصلی,,,
35833,حسابداری,دانشگاه ارومیه,آذربایجان غربی,با آزمون,روزانه,مرد و زن,5,,,,,,49,اصلی,,,
35834,روانشناسی,دانشگاه ارومیه,آذربایجان غربی,با آزمون,روزانه,مرد و زن,3,,,,,,49,اصلی,,,
35835,شیمی کاربردی,دانشگاه ارومیه,آذربایجان غربی,با آزمون,روزانه,مرد و زن,,10,,,,,49,اصلی,,,
35836,علوم ورزشی,دانشگاه ارومیه,آذربایجان غربی,با آزمون,روزانه,زن,,3,,,,,49,اصلی,,,
35837,علوم ورزشی,دانشگاه ارومیه,آذربایجان غربی,با آزمون,روزانه,مرد,,3,,,,,49,اصلی,,,
35838,مدیریت بازرگانی,دانشگاه ارومیه,آذربایجان غربی,با آزمون,روزانه,مرد و زن,4,,,,,,49,اصلی,,,
35839,مدیریت دولتی,دانشگاه ارومیه,آذربایجان غربی,با آزمون,روزانه,مرد و زن,4,,,,,,49,اصلی,,,
30120,مهندسی برق,دانشگاه ارومیه,آذربایجان غربی,با آزمون,نوبت دوم,مرد و زن,30,,,,,,49,اصلی,,,
30121,مهندسی پلیمر,دانشگاه ارومیه,آذربایجان غربی,با آزمون,نوبت دوم,مرد و زن,8,,,,,,49,اصلی,,,
30122,مهندسی شهرسازی,دانشگاه ارومیه,آذربایجان غربی,با آزمون,نوبت دوم,مرد و زن,5,,,,,,49,اصلی,,,
30123,مهندسی شیمی,دانشگاه ارومیه,آذربایجان غربی,با آزمون,نوبت دوم,مرد و زن,9,,,,,,49,اصلی,,,
30124,مهندسی صنایع و سیستم‌ها,دانشگاه ارومیه,آذربایجان غربی,با آزمون,نوبت دوم,مرد و زن,5,,,,,,49,اصلی,,,
30125,مهندسی عمران,دانشگاه ارومیه,آذربایجان غربی,با آزمون,نوبت دوم,مرد و زن,10,,,,,,49,اصلی,,,
30126,مهندسی کامپیوتر,دانشگاه ارومیه,آذربایجان غربی,با آزمون,نوبت دوم,مرد و زن,5,,,,,,49,اصلی,,,
30127,مهندسی و علم مواد,دانشگاه ارومیه,آذربایجان غربی,با آزمون,نوبت دوم,مرد و زن,8,,,,,,49,اصلی,,,
35840,اقتصاد,دانشگاه ارومیه,آذربایجان غربی,با آزمون,نوبت دوم,مرد و زن,4,,,,,,49,اصلی,,,
35841,حسابداری,دانشگاه ارومیه,آذربایجان غربی,با آزمون,نوبت دوم,مرد و زن,1,,,,,,49,اصلی,,,
35842,روانشناسی,دانشگاه ارومیه,آذربایجان غربی,با آزمون,نوبت دوم,مرد و زن,1,,,,,,49,اصلی,,,
35843,شیمی کاربردی,دانشگاه ارومیه,آذربایجان غربی,با آزمون,نوبت دوم,مرد و زن,,2,,,,,49,اصلی,,,
35844,علوم ورزشی,دانشگاه ارومیه,آذربایجان غربی,با آزمون,نوبت دوم,مرد,,1,,,,,49,اصلی,,,
35845,علوم ورزشی,دانشگاه ارومیه,آذربایجان غربی,با آزمون,نوبت دوم,زن,,1,,,,,49,اصلی,,,
35846,مدیریت بازرگانی,دانشگاه ارومیه,آذربایجان غربی,با آزمون,نوبت دوم,مرد و زن,1,,,,,,49,اصلی,,,
35847,مدیریت دولتی,دانشگاه ارومیه,آذربایجان غربی,با آزمون,نوبت دوم,مرد و زن,1,,,,,,49,اصلی,,,
10456,آمار,دانشگاه ارومیه,آذربایجان غربی,صرفا با سوابق تحصیلی,روزانه,مرد و زن,50,,,,,,49,اصلی,,,
10457,ریاضیات و کاربردها,دانشگاه ارومیه,آذربایجان غربی,صرفا با سوابق تحصیلی,روزانه,مرد و زن,70,,,,,,49,اصلی,,,
10458,علوم و مهندسی آب,دانشگاه ارومیه,آذربایجان غربی,صرفا با سوابق تحصیلی,روزانه,مرد و زن,50,,,,,,49,اصلی,,,
10459,فیزیک,دانشگاه ارومیه,آذربایجان غربی,صرفا با سوابق تحصیلی,روزانه,مرد و زن,60,,,,,,49,اصلی,,,
10460,مهندسی ماشین‌های صنایع غذایی,دانشگاه ارومیه,آذربایجان غربی,صرفا با سوابق تحصیلی,روزانه,مرد و زن,20,,,,,,50,اصلی,,,
10461,مهندسی معدن,دانشگاه ارومیه,آذربایجان غربی,صرفا با سوابق تحصیلی,روزانه,مرد و زن,45,,,,,,50,اصلی,,,
10462,مهندسی مکانیک بیوسیستم (این رشته متعلق به گروه کشاورزی است),دانشگاه ارومیه,آذربایجان غربی,صرفا با سوابق تحصیلی,روزانه,مرد و زن,20,,,,,,50,اصلی,,,
10468,زمین‌شناسی,دانشگاه ارومیه,آذربایجان غربی,صرفا با سوابق تحصیلی,روزانه,مرد و زن,48,,,,,,50,اصلی,,,
10469,زیست‌شناسی جانوری,دانشگاه ارومیه,آذربایجان غربی,صرفا با سوابق تحصیلی,روزانه,مرد و زن,30,,,,,,50,اصلی,,,
10470,زیست‌شناسی گیاهی,دانشگاه ارومیه,آذربایجان غربی,صرفا با سوابق تحصیلی,روزانه,مرد و زن,30,,,,,,50,اصلی,,,
10471,شیمی محض,دانشگاه ارومیه,آذربایجان غربی,صرفا با سوابق تحصیلی,روزانه,مرد و زن,50,,,,,,50,اصلی,,,
10472,علوم و مهندسی باغبانی,دانشگاه ارومیه,آذربایجان غربی,صرفا با سوابق تحصیلی,روزانه,مرد و زن,20,,,,,,50,اصلی,,,
10473,علوم و مهندسی جنگل,دانشگاه ارومیه,آذربایجان غربی,صرفا با سوابق تحصیلی,روزانه,مرد و زن,20,,,,,,50,اصلی,,,
10474,علوم و مهندسی خاک,دانشگاه ارومیه,آذربایجان غربی,صرفا با سوابق تحصیلی,روزانه,مرد و زن,20,,,,,,50,اصلی,,,
10475,علوم و مهندسی صنایع غذایی(این رشته متعلق به گروه کشاورزی است),دانشگاه ارومیه,آذربایجان غربی,صرفا با سوابق تحصیلی,روزانه,مرد و زن,20,,,,,,50,اصلی,,,
10476,مهندسی اقتصاد کشاورزی,دانشگاه ارومیه,آذربایجان غربی,صرفا با سوابق تحصیلی,روزانه,مرد و زن,20,,,,,,50,اصلی,,,
10477,مهندسی تولید و ژنتیک گیاهی,دانشگاه ارومیه,آذربایجان غربی,صرفا با سوابق تحصیلی,روزانه,مرد و زن,20,,,,,,50,اصلی,,,
10478,مهندسی طبیعت,دانشگاه ارومیه,آذربایجان غربی,صرفا با سوابق تحصیلی,روزانه,مرد و زن,20,,,,,,50,اصلی,,,
10479,مهندسی علوم دامی,دانشگاه ارومیه,آذربایجان غربی,صرفا با سوابق تحصیلی,روزانه,مرد و زن,20,,,,,,50,اصلی,,,
10480,مهندسی گیاهپزشکی,دانشگاه ارومیه,آذربایجان غربی,صرفا با سوابق تحصیلی,روزانه,مرد و زن,20,,,,,,50,اصلی,,,
10493,مرمت بناهای تاریخی,دانشگاه ارومیه,آذربایجان غربی,صرفا با سوابق تحصیلی,روزانه,مرد و زن,35,,,,,,50,اصلی,,,
10463,علوم و مهندسی آب,دانشگاه ارومیه,آذربایجان غربی,صرفا با سوابق تحصیلی,نوبت دوم,مرد و زن,20,,,,,,50,اصلی,,,
10464,فیزیک,دانشگاه ارومیه,آذربایجان غربی,صرفا با سوابق تحصیلی,نوبت دوم,مرد و زن,12,,,,,,50,اصلی,,,
10465,مهندسی ماشین‌های صنایع غذایی,دانشگاه ارومیه,آذربایجان غربی,صرفا با سوابق تحصیلی,نوبت دوم,مرد و زن,5,,,,,,50,اصلی,,,
10466,مهندسی معدن,دانشگاه ارومیه,آذربایجان غربی,صرفا با سوابق تحصیلی,نوبت دوم,مرد و زن,9,,,,,,50,اصلی,,,
10467,مهندسی مکانیک بیوسیستم (این رشته متعلق به گروه کشاورزی است),دانشگاه ارومیه,آذربایجان غربی,صرفا با سوابق تحصیلی,نوبت دوم,مرد و زن,5,,,,,,50,اصلی,,,
10481,زمین‌شناسی,دانشگاه ارومیه,آذربایجان غربی,صرفا با سوابق تحصیلی,نوبت دوم,مرد و زن,10,,,,,,50,اصلی,,,
10482,زیست‌شناسی جانوری,دانشگاه ارومیه,آذربایجان غربی,صرفا با سوابق تحصیلی,نوبت دوم,مرد و زن,5,,,,,,50,اصلی,,,
10483,زیست‌شناسی گیاهی,دانشگاه ارومیه,آذربایجان غربی,صرفا با سوابق تحصیلی,نوبت دوم,مرد و زن,5,,,,,,50,اصلی,,,
10484,علوم و مهندسی باغبانی,دانشگاه ارومیه,آذربایجان غربی,صرفا با سوابق تحصیلی,نوبت دوم,مرد و زن,10,,,,,,50,اصلی,,,
10485,علوم و مهندسی جنگل,دانشگاه ارومیه,آذربایجان غربی,صرفا با سوابق تحصیلی,نوبت دوم,مرد و زن,8,,,,,,50,اصلی,,,
10486,علوم و مهندسی خاک,دانشگاه ارومیه,آذربایجان غربی,صرفا با سوابق تحصیلی,نوبت دوم,مرد و زن,15,,,,,,50,اصلی,,,
10487,علوم و مهندسی صنایع غذایی(این رشته متعلق به گروه کشاورزی است),دانشگاه ارومیه,آذربایجان غربی,صرفا با سوابق تحصیلی,نوبت دوم,مرد و زن,6,,,,,,50,اصلی,,,
10488,مهندسی اقتصاد کشاورزی,دانشگاه ارومیه,آذربایجان غربی,صرفا با سوابق تحصیلی,نوبت دوم,مرد و زن,6,,,,,,50,اصلی,,,
10489,مهندسی تولید و ژنتیک گیاهی,دانشگاه ارومیه,آذربایجان غربی,صرفا با سوابق تحصیلی,نوبت دوم,مرد و زن,5,,,,,,50,اصلی,,,
10490,مهندسی طبیعت,دانشگاه ارومیه,آذربایجان غربی,صرفا با سوابق تحصیلی,نوبت دوم,مرد و زن,8,,,,,,50,اصلی,,,
10491,مهندسی علوم دامی,دانشگاه ارومیه,آذربایجان غربی,صرفا با سوابق تحصیلی,نوبت دوم,مرد و زن,6,,,,,,50,اصلی,,,
10492,مهندسی گیاهپزشکی,دانشگاه ارومیه,آذربایجان غربی,صرفا با سوابق تحصیلی,نوبت دوم,مرد و زن,10,,,,,,50,اصلی,,,
10494,مرمت بناهای تاریخی,دانشگاه ارومیه,آذربایجان غربی,صرفا با سوابق تحصیلی,نوبت دوم,مرد و زن,7,,,,,,50,اصلی,,,
30128,مهندسی برق,دانشگاه صنعتی ارومیه,آذربایجان غربی,با آزمون,روزانه,مرد و زن,60,,,,,,50,اصلی,,,
30129,مهندسی شیمی,دانشگاه صنعتی ارومیه,آذربایجان غربی,با آزمون,روزانه,مرد و زن,49,,,,,,50,اصلی,,,
30130,مهندسی صنایع و سیستم‌ها,دانشگاه صنعتی ارومیه,آذربایجان غربی,با آزمون,روزانه,مرد و زن,60,,,,,,50,اصلی,,,
30131,مهندسی عمران,دانشگاه صنعتی ارومیه,آذربایجان غربی,با آزمون,روزانه,مرد و زن,45,,,,,,50,اصلی,,,
30132,مهندسی کامپیوتر,دانشگاه صنعتی ارومیه,آذربایجان غربی,با آزمون,روزانه,مرد و زن,60,,,,,,50,اصلی,,,
30133,مهندسی مکانیک,دانشگاه صنعتی ارومیه,آذربایجان غربی,با آزمون,روزانه,مرد و زن,50,,,,,,50,اصلی,,,
30134,مهندسی هوافضا,دانشگاه صنعتی ارومیه,آذربایجان غربی,با آزمون,روزانه,مرد و زن,50,,,,,,50,اصلی,,,
35850,شیمی کاربردی,دانشگاه صنعتی ارومیه,آذربایجان غربی,با آزمون,روزانه,مرد و زن,4,,,,,,50,اصلی,,,
10496,مهندسی اپتیک و لیزر,دانشگاه صنعتی ارومیه,آذربایجان غربی,صرفا با سوابق تحصیلی,روزانه,مرد و زن,40,,,,,,50,اصلی,,,
10497,مهندسی ساخت و تولید,دانشگاه صنعتی ارومیه,آذربایجان غربی,صرفا با سوابق تحصیلی,روزانه,مرد و زن,40,,,,,,51,اصلی,,,
10498,مهندسی معدن,دانشگاه صنعتی ارومیه,آذربایجان غربی,صرفا با سوابق تحصیلی,روزانه,مرد و زن,30,,,,,,51,اصلی,,,
10499,مهندسی نساجی,دانشگاه صنعتی ارومیه,آذربایجان غربی,صرفا با سوابق تحصیلی,روزانه,مرد و زن,25,,,,,,51,اصلی,,,
10500,مهندسی و علم مواد,دانشگاه صنعتی ارومیه,آذربایجان غربی,صرفا با سوابق تحصیلی,روزانه,مرد و زن,30,,,,,,51,اصلی,,,
30135,مهندسی عمران,دانشگاه صنعتی ارومیه (محل تحصیل دانشکده فنی و مهندسی خوی),آذربایجان غربی,با آزمون,روزانه,مرد و زن,30,,,,,,51,اصلی,,,
30136,مهندسی مکانیک,دانشگاه صنعتی ارومیه (محل تحصیل دانشکده فنی و مهندسی خوی),آذربایجان غربی,با آزمون,روزانه,مرد و زن,35,,,,,,51,اصلی,,,
10501,مهندسی انرژی,دانشگاه صنعتی ارومیه (محل تحصیل دانشکده فنی و مهندسی خوی),آذربایجان غربی,صرفا با سوابق تحصیلی,روزانه,مرد و زن,25,,,,,,51,اصلی,,,
10502,مهندسی برق,دانشگاه صنعتی ارومیه (محل تحصیل دانشکده فنی و مهندسی خوی),آذربایجان غربی,صرفا با سوابق تحصیلی,روزانه,مرد و زن,35,,,,,,51,اصلی,,,
35848,روانشناسی,دانشگاه الزهرا (س) (ویژه خواهران) (محل تحصیل شعبه ارومیه),آذربایجان غربی,با آزمون,روزانه,زن,3,,,,امکان مهمانی و انتقال به پردیس اصلی دانشگاه در شهر تهران حتی با استفاده از ماده 62 ستاد شاهد امکانپذیر نیست - فاقد خوابگاه,,51,اصلی,,,
35849,مدیریت بازرگانی,دانشگاه الزهرا (س) (ویژه خواهران) (محل تحصیل شعبه ارومیه),آذربایجان غربی,با آزمون,روزانه,زن,3,,,,امکان مهمانی و انتقال به پردیس اصلی دانشگاه در شهر تهران حتی با استفاده از ماده 62 ستاد شاهد امکانپذیر نیست - فاقد خوابگاه,,51,اصلی,,,
10495,زبان و زبان‌شناسی,دانشگاه الزهرا (س) (ویژه خواهران) (محل تحصیل شعبه ارومیه),آذربایجان غربی,صرفا با سوابق تحصیلی,روزانه,زن,25,,,,امکان مهمانی و انتقال به پردیس اصلی دانشگاه در شهر تهران حتی با استفاده از ماده 62 ستاد شاهد امکانپذیر نیست - فاقد خوابگاه,,51,اصلی,,,
35851,حسابداری,مرکز آموزش عالی شهید باکری میاندوآب,آذربایجان غربی,با آزمون,روزانه,مرد و زن,4,,,,دارای خوابگاه ملکی برای خواهران,,51,اصلی,,,
35852,حسابداری,مرکز آموزش عالی شهید باکری میاندوآب,آذربایجان غربی,با آزمون,نوبت دوم,مرد و زن,1,,,,دارای خوابگاه ملکی برای خواهران,,51,اصلی,,,
10504,مهندسی معدن,مرکز آموزش عالی شهید باکری میاندوآب,آذربایجان غربی,صرفا با سوابق تحصیلی,روزانه,مرد و زن,60,,,,دارای خوابگاه ملکی برای خواهران,,51,اصلی,,,
10505,مهندسی نقشه‌برداری,مرکز آموزش عالی شهید باکری میاندوآب,آذربایجان غربی,صرفا با سوابق تحصیلی,روزانه,مرد و زن,60,,,,دارای خوابگاه ملکی برای خواهران,,51,اصلی,,,
10506,کاردانی معماری,مرکز آموزش عالی شهید باکری میاندوآب,آذربایجان غربی,صرفا با سوابق تحصیلی,روزانه,مرد و زن,60,,,,دارای خوابگاه ملکی برای خواهران,,51,اصلی,,,
10510,علوم و مهندسی باغبانی,مرکز آموزش عالی شهید باکری میاندوآب,آذربایجان غربی,صرفا با سوابق تحصیلی,روزانه,مرد و زن,20,,,,دارای خوابگاه ملکی برای خواهران,,51,اصلی,,,
10511,مهندسی ترویج و آموزش کشاورزی پایدار,مرکز آموزش عالی شهید باکری میاندوآب,آذربایجان غربی,صرفا با سوابق تحصیلی,روزانه,مرد و زن,20,,,,دارای خوابگاه ملکی برای خواهران,,51,اصلی,,,
10512,مهندسی فضای سبز,مرکز آموزش عالی شهید باکری میاندوآب,آذربایجان غربی,صرفا با سوابق تحصیلی,روزانه,مرد و زن,20,,,,دارای خوابگاه ملکی برای خواهران,,51,اصلی,,,
10513,کاردانی تولید و بهره‌برداری از گیاهان دارویی و معطر,مرکز آموزش عالی شهید باکری میاندوآب,آذربایجان غربی,صرفا با سوابق تحصیلی,روزانه,مرد و زن,45,,,,دارای خوابگاه ملکی برای خواهران,,51,اصلی,,,
10507,مهندسی معدن,مرکز آموزش عالی شهید باکری میاندوآب,آذربایجان غربی,صرفا با سوابق تحصیلی,نوبت دوم,مرد و زن,12,,,,دارای خوابگاه ملکی برای خواهران,,51,اصلی,,,
10508,مهندسی نقشه‌برداری,مرکز آموزش عالی شهید باکری میاندوآب,آذربایجان غربی,صرفا با سوابق تحصیلی,نوبت دوم,مرد و زن,12,,,,دارای خوابگاه ملکی برای خواهران,,51,اصلی,,,
10509,کاردانی معماری,مرکز آموزش عالی شهید باکری میاندوآب,آذربایجان غربی,صرفا با سوابق تحصیلی,نوبت دوم,مرد و زن,12,,,,دارای خوابگاه ملکی برای خواهران,,51,اصلی,,,
10514,علوم و مهندسی باغبانی,مرکز آموزش عالی شهید باکری میاندوآب,آذربایجان غربی,صرفا با سوابق تحصیلی,نوبت دوم,مرد و زن,6,,,,دارای خوابگاه ملکی برای خواهران,,51,اصلی,,,
10515,مهندسی ترویج و آموزش کشاورزی پایدار,مرکز آموزش عالی شهید باکری میاندوآب,آذربایجان غربی,صرفا با سوابق تحصیلی,نوبت دوم,مرد و زن,8,,,,دارای خوابگاه ملکی برای خواهران,,51,اصلی,,,
10516,مهندسی فضای سبز,مرکز آموزش عالی شهید باکری میاندوآب,آذربایجان غربی,صرفا با سوابق تحصیلی,نوبت دوم,مرد و زن,8,,,,دارای خوابگاه ملکی برای خواهران,,51,اصلی,,,
10517,کاردانی تولید و بهره‌برداری از گیاهان دارویی و معطر,مرکز آموزش عالی شهید باکری میاندوآب,آذربایجان غربی,صرفا با سوابق تحصیلی,نوبت دوم,مرد و زن,9,,,,دارای خوابگاه ملکی برای خواهران,,51,اصلی,,,
35853,حسابداری,دانشگاه ملی مهارت - دانشکده پسران ارومیه (شهید قاضی طباطبایی),آذربایجان غربی,با آزمون,روزانه,مرد,3,,,,,,51,اصلی,,,
35854,حسابداری,دانشگاه ملی مهارت - دانشکده پسران ارومیه (شهید قاضی طباطبایی),آذربایجان غربی,با آزمون,روزانه,مرد,,3,,,,,51,اصلی,,,
10503,علوم قرآن و حدیث,دانشگاه علوم و معارف قرآن کریم - وابسته به سازمان اوقاف و امور خیریه (محل تحصیل دانشکده علوم قرآنی خوی),آذربایجان غربی,صرفا با سوابق تحصیلی,روزانه,مرد و زن,40,,25,15,دارای خوابگاه ملکی,,52,اصلی,,,
10745,مهندسی حرفه‌ای معماری,دانشگاه ملی مهارت - آموزشکده دختران ارومیه,آذربایجان غربی,صرفا با سوابق تحصیلی,روزانه,زن,30,,,,,,52,اصلی,,,
10746,مهندسی حرفه‌ای معماری,دانشگاه ملی مهارت - آموزشکده دختران ارومیه,آذربایجان غربی,صرفا با سوابق تحصیلی,روزانه,زن,,30,,,,,52,اصلی,,,
10747,مهندسی حرفه‌ای کامپیوتر,دانشگاه ملی مهارت - آموزشکده دختران خوی,آذربایجان غربی,صرفا با سوابق تحصیلی,روزانه,زن,30,,,,,,52,اصلی,,,
10748,مهندسی حرفه‌ای کامپیوتر,دانشگاه ملی مهارت - آموزشکده دختران خوی,آذربایجان غربی,صرفا با سوابق تحصیلی,روزانه,زن,,30,,,,,52,اصلی,,,
30137,علوم کامپیوتر,دانشگاه محقق اردبیلی - اردبیل,اردبیل,با آزمون,روزانه,مرد و زن,40,,,,,,52,اصلی,,,
30138,مهندسی برق,دانشگاه محقق اردبیلی - اردبیل,اردبیل,با آزمون,روزانه,مرد و زن,85,,,,,,52,اصلی,,,
30139,مهندسی ساخت و تولید,دانشگاه محقق اردبیلی - اردبیل,اردبیل,با آزمون,روزانه,مرد و زن,25,,,,,,52,اصلی,,,
30140,مهندسی شیمی,دانشگاه محقق اردبیلی - اردبیل,اردبیل,با آزمون,روزانه,مرد و زن,35,,,,,,52,اصلی,,,
30141,مهندسی عمران,دانشگاه محقق اردبیلی - اردبیل,اردبیل,با آزمون,روزانه,مرد و زن,60,,,,,,52,اصلی,,,
30142,مهندسی کامپیوتر,دانشگاه محقق اردبیلی - اردبیل,اردبیل,با آزمون,روزانه,مرد و زن,45,,,,,,52,اصلی,,,
30143,مهندسی معماری,دانشگاه محقق اردبیلی - اردبیل,اردبیل,با آزمون,روزانه,مرد و زن,40,,,,,,52,اصلی,,,
30144,مهندسی مکانیک,دانشگاه محقق اردبیلی - اردبیل,اردبیل,با آزمون,روزانه,مرد و زن,60,,,,,,52,اصلی,,,
35855,اقتصاد,دانشگاه محقق اردبیلی - اردبیل,اردبیل,با آزمون,روزانه,مرد و زن,12,,,,,,52,اصلی,,,
35856,روانشناسی,دانشگاه محقق اردبیلی - اردبیل,اردبیل,با آزمون,روزانه,مرد و زن,4,,,,,,52,اصلی,,,
35857,شیمی کاربردی,دانشگاه محقق اردبیلی - اردبیل,اردبیل,با آزمون,روزانه,مرد و زن,9,,,,,,52,اصلی,,,
35858,علوم ورزشی,دانشگاه محقق اردبیلی - اردبیل,اردبیل,با آزمون,روزانه,زن,3,,,,,,52,اصلی,,,
35859,علوم ورزشی,دانشگاه محقق اردبیلی - اردبیل,اردبیل,با آزمون,روزانه,مرد,3,,,,,,52,اصلی,,,
35860,گردشگری,دانشگاه محقق اردبیلی - اردبیل,اردبیل,با آزمون,روزانه,مرد و زن,3,,,,,,52,اصلی,,,
35861,مدیریت بازرگانی,دانشگاه محقق اردبیلی - اردبیل,اردبیل,با آزمون,روزانه,مرد و زن,3,,,,,,52,اصلی,,,
30145,مهندسی برق,دانشگاه محقق اردبیلی - اردبیل,اردبیل,با آزمون,نوبت دوم,مرد و زن,,30,,,,,52,اصلی,,,
30146,مهندسی شیمی,دانشگاه محقق اردبیلی - اردبیل,اردبیل,با آزمون,نوبت دوم,مرد و زن,,30,,,,,52,اصلی,,,
30147,مهندسی عمران,دانشگاه محقق اردبیلی - اردبیل,اردبیل,با آزمون,نوبت دوم,مرد و زن,,25,,,,,52,اصلی,,,
30148,مهندسی معماری,دانشگاه محقق اردبیلی - اردبیل,اردبیل,با آزمون,نوبت دوم,مرد و زن,,20,,,,,52,اصلی,,,
35862,اقتصاد,دانشگاه محقق اردبیلی - اردبیل,اردبیل,با آزمون,نوبت دوم,مرد و زن,4,,,,,,52,اصلی,,,
35863,روانشناسی,دانشگاه محقق اردبیلی - اردبیل,اردبیل,با آزمون,نوبت دوم,مرد و زن,1,,,,,,52,اصلی,,,
35864,علوم ورزشی,دانشگاه محقق اردبیلی - اردبیل,اردبیل,با آزمون,نوبت دوم,مرد,1,,,,,,52,اصلی,,,
35865,علوم ورزشی,دانشگاه محقق اردبیلی - اردبیل,اردبیل,با آزمون,نوبت دوم,زن,1,,,,,,52,اصلی,,,
35866,گردشگری,دانشگاه محقق اردبیلی - اردبیل,اردبیل,با آزمون,نوبت دوم,مرد و زن,1,,,,,,52,اصلی,,,
10816,آمار,دانشگاه محقق اردبیلی - اردبیل,اردبیل,صرفا با سوابق تحصیلی,روزانه,مرد و زن,37,,,,,,52,اصلی,,,
10817,ریاضیات و کاربردها,دانشگاه محقق اردبیلی - اردبیل,اردبیل,صرفا با سوابق تحصیلی,روزانه,مرد و زن,50,,,,,,52,اصلی,,,
10818,علوم و مهندسی آب,دانشگاه محقق اردبیلی - اردبیل,اردبیل,صرفا با سوابق تحصیلی,روزانه,مرد و زن,20,,,,,,52,اصلی,,,
10819,فیزیک,دانشگاه محقق اردبیلی - اردبیل,اردبیل,صرفا با سوابق تحصیلی,روزانه,مرد و زن,57,,,,,,52,اصلی,,,
10820,مهندسی معدن,دانشگاه محقق اردبیلی - اردبیل,اردبیل,صرفا با سوابق تحصیلی,روزانه,مرد و زن,30,,,,,,52,اصلی,,,
10821,مهندسی مکانیزاسیون کشاورزی,دانشگاه محقق اردبیلی - اردبیل,اردبیل,صرفا با سوابق تحصیلی,روزانه,مرد و زن,20,,,,,,52,اصلی,,,
10822,مهندسی مکانیک بیوسیستم (این رشته متعلق به گروه کشاورزی است),دانشگاه محقق اردبیلی - اردبیل,اردبیل,صرفا با سوابق تحصیلی,روزانه,مرد و زن,20,,,,,,52,اصلی,,,
10823,مهندسی و علم مواد,دانشگاه محقق اردبیلی - اردبیل,اردبیل,صرفا با سوابق تحصیلی,روزانه,مرد و زن,25,,,,,,52,اصلی,,,
10827,زمین‌شناسی,دانشگاه محقق اردبیلی - اردبیل,اردبیل,صرفا با سوابق تحصیلی,روزانه,مرد و زن,30,,,,,,52,اصلی,,,
10828,زیست‌شناسی گیاهی,دانشگاه محقق اردبیلی - اردبیل,اردبیل,صرفا با سوابق تحصیلی,روزانه,مرد و زن,35,,,,,,52,اصلی,,,
10829,علوم و مهندسی باغبانی,دانشگاه محقق اردبیلی - اردبیل,اردبیل,صرفا با سوابق تحصیلی,روزانه,مرد و زن,20,,,,,,53,اصلی,,,
10830,علوم و مهندسی جنگل,دانشگاه محقق اردبیلی - اردبیل,اردبیل,صرفا با سوابق تحصیلی,روزانه,مرد و زن,20,,,,,,53,اصلی,,,
10831,علوم و مهندسی خاک,دانشگاه محقق اردبیلی - اردبیل,اردبیل,صرفا با سوابق تحصیلی,روزانه,مرد و زن,20,,,,,,53,اصلی,,,
10832,علوم و مهندسی صنایع غذایی(این رشته متعلق به گروه کشاورزی است),دانشگاه محقق اردبیلی - اردبیل,اردبیل,صرفا با سوابق تحصیلی,روزانه,مرد و زن,20,,,,,,53,اصلی,,,
10833,مهندسی تولید و ژنتیک گیاهی,دانشگاه محقق اردبیلی - اردبیل,اردبیل,صرفا با سوابق تحصیلی,روزانه,مرد و زن,20,,,,,,53,اصلی,,,
10834,مهندسی صنایع چوب و فرآورده‌های سلولزی,دانشگاه محقق اردبیلی - اردبیل,اردبیل,صرفا با سوابق تحصیلی,روزانه,مرد و زن,20,,,,,,53,اصلی,,,
10835,مهندسی صنایع مبلمان,دانشگاه محقق اردبیلی - اردبیل,اردبیل,صرفا با سوابق تحصیلی,روزانه,مرد و زن,20,,,,,,53,اصلی,,,
10836,مهندسی طبیعت,دانشگاه محقق اردبیلی - اردبیل,اردبیل,صرفا با سوابق تحصیلی,روزانه,مرد و زن,20,,,,,,53,اصلی,,,
10837,مهندسی علوم دامی,دانشگاه محقق اردبیلی - اردبیل,اردبیل,صرفا با سوابق تحصیلی,روزانه,مرد و زن,20,,,,,,53,اصلی,,,
10838,مهندسی فضای سبز,دانشگاه محقق اردبیلی - اردبیل,اردبیل,صرفا با سوابق تحصیلی,روزانه,مرد و زن,20,,,,,,53,اصلی,,,
10839,مهندسی گیاهپزشکی,دانشگاه محقق اردبیلی - اردبیل,اردبیل,صرفا با سوابق تحصیلی,روزانه,مرد و زن,20,,,,,,53,اصلی,,,
10851,ادیان و عرفان,دانشگاه محقق اردبیلی - اردبیل,اردبیل,صرفا با سوابق تحصیلی,روزانه,مرد و زن,35,,,,,,53,اصلی,,,
10852,باستان‌شناسی,دانشگاه محقق اردبیلی - اردبیل,اردبیل,صرفا با سوابق تحصیلی,روزانه,مرد و زن,30,,,,,,53,اصلی,,,
10854,هنر اسلامی,دانشگاه محقق اردبیلی - اردبیل,اردبیل,صرفا با سوابق تحصیلی,روزانه,مرد و زن,18,,,,,,53,اصلی,,,
10824,علوم و مهندسی آب,دانشگاه محقق اردبیلی - اردبیل,اردبیل,صرفا با سوابق تحصیلی,نوبت دوم,مرد و زن,4,,,,,,53,اصلی,,,
10825,مهندسی مکانیزاسیون کشاورزی,دانشگاه محقق اردبیلی - اردبیل,اردبیل,صرفا با سوابق تحصیلی,نوبت دوم,مرد و زن,4,,,,,,53,اصلی,,,
10826,مهندسی مکانیک بیوسیستم (این رشته متعلق به گروه کشاورزی است),دانشگاه محقق اردبیلی - اردبیل,اردبیل,صرفا با سوابق تحصیلی,نوبت دوم,مرد و زن,4,,,,,,53,اصلی,,,
10840,علوم و مهندسی باغبانی,دانشگاه محقق اردبیلی - اردبیل,اردبیل,صرفا با سوابق تحصیلی,نوبت دوم,مرد و زن,4,,,,,,53,اصلی,,,
10841,علوم و مهندسی جنگل,دانشگاه محقق اردبیلی - اردبیل,اردبیل,صرفا با سوابق تحصیلی,نوبت دوم,مرد و زن,4,,,,,,53,اصلی,,,
10842,علوم و مهندسی خاک,دانشگاه محقق اردبیلی - اردبیل,اردبیل,صرفا با سوابق تحصیلی,نوبت دوم,مرد و زن,4,,,,,,53,اصلی,,,
10843,علوم و مهندسی صنایع غذایی(این رشته متعلق به گروه کشاورزی است),دانشگاه محقق اردبیلی - اردبیل,اردبیل,صرفا با سوابق تحصیلی,نوبت دوم,مرد و زن,4,,,,,,53,اصلی,,,
10844,مهندسی تولید و ژنتیک گیاهی,دانشگاه محقق اردبیلی - اردبیل,اردبیل,صرفا با سوابق تحصیلی,نوبت دوم,مرد و زن,4,,,,,,53,اصلی,,,
10845,مهندسی صنایع چوب و فرآورده‌های سلولزی,دانشگاه محقق اردبیلی - اردبیل,اردبیل,صرفا با سوابق تحصیلی,نوبت دوم,مرد و زن,4,,,,,,53,اصلی,,,
10846,مهندسی صنایع مبلمان,دانشگاه محقق اردبیلی - اردبیل,اردبیل,صرفا با سوابق تحصیلی,نوبت دوم,مرد و زن,4,,,,,,53,اصلی,,,
10847,مهندسی طبیعت,دانشگاه محقق اردبیلی - اردبیل,اردبیل,صرفا با سوابق تحصیلی,نوبت دوم,مرد و زن,4,,,,,,53,اصلی,,,
10848,مهندسی علوم دامی,دانشگاه محقق اردبیلی - اردبیل,اردبیل,صرفا با سوابق تحصیلی,نوبت دوم,مرد و زن,4,,,,,,53,اصلی,,,
10849,مهندسی فضای سبز,دانشگاه محقق اردبیلی - اردبیل,اردبیل,صرفا با سوابق تحصیلی,نوبت دوم,مرد و زن,4,,,,,,53,اصلی,,,
10850,مهندسی گیاهپزشکی,دانشگاه محقق اردبیلی - اردبیل,اردبیل,صرفا با سوابق تحصیلی,نوبت دوم,مرد و زن,4,,,,,,53,اصلی,,,
10853,باستان‌شناسی,دانشگاه محقق اردبیلی - اردبیل,اردبیل,صرفا با سوابق تحصیلی,نوبت دوم,مرد و زن,10,,,,,,53,اصلی,,,
35867,حسابداری,دانشگاه ملی مهارت - آموزشکده پسران اردبیل (رازی),اردبیل,با آزمون,روزانه,مرد,3,,,,,,53,اصلی,,,
35868,حسابداری,دانشگاه ملی مهارت - آموزشکده پسران اردبیل (رازی),اردبیل,با آزمون,روزانه,مرد,,3,,,,,53,اصلی,,,
35869,حسابداری,دانشگاه ملی مهارت - آموزشکده پسران اردبیل (رازی),اردبیل,با آزمون,نوبت دوم,مرد,1,,,,,,53,اصلی,,,
35870,حسابداری,دانشگاه ملی مهارت - آموزشکده پسران اردبیل (رازی),اردبیل,با آزمون,نوبت دوم,مرد,,1,,,,,53,اصلی,,,
10968,مهندسی حرفه‌ای معماری,دانشگاه ملی مهارت - آموزشکده پسران اردبیل (رازی),اردبیل,صرفا با سوابق تحصیلی,روزانه,مرد,25,,,,,,53,اصلی,,,
10969,مهندسی حرفه‌ای معماری,دانشگاه ملی مهارت - آموزشکده پسران اردبیل (رازی),اردبیل,صرفا با سوابق تحصیلی,روزانه,مرد,,25,,,,,53,اصلی,,,
10970,مهندسی حرفه‌ای معماری,دانشگاه ملی مهارت - آموزشکده پسران اردبیل (رازی),اردبیل,صرفا با سوابق تحصیلی,نوبت دوم,مرد,5,,,,,,53,اصلی,,,
10971,مهندسی حرفه‌ای معماری,دانشگاه ملی مهارت - آموزشکده پسران اردبیل (رازی),اردبیل,صرفا با سوابق تحصیلی,نوبت دوم,مرد,,5,,,,,53,اصلی,,,
10855,علوم مهندسی,دانشگاه محقق اردبیلی (محل تحصیل دانشکده فناوری‌های نوین شهرستان نمین),اردبیل,صرفا با سوابق تحصیلی,روزانه,مرد و زن,30,,,,,,53,اصلی,,,
10856,مهندسی اپتیک و لیزر,دانشگاه محقق اردبیلی (محل تحصیل دانشکده فناوری‌های نوین شهرستان نمین),اردبیل,صرفا با سوابق تحصیلی,روزانه,مرد و زن,45,,,,,,53,اصلی,,,
10857,مهندسی انرژی,دانشگاه محقق اردبیلی (محل تحصیل دانشکده فناوری‌های نوین شهرستان نمین),اردبیل,صرفا با سوابق تحصیلی,روزانه,مرد و زن,45,,,,,,53,اصلی,,,
10858,مهندسی ماشین‌های صنایع غذایی,دانشگاه محقق اردبیلی (محل تحصیل دانشکده کشاورزی و منابع طبیعی مغان),اردبیل,صرفا با سوابق تحصیلی,روزانه,مرد و زن,20,,,,,,54,اصلی,,,
10860,مهندسی تولید و ژنتیک گیاهی,دانشگاه محقق اردبیلی (محل تحصیل دانشکده کشاورزی و منابع طبیعی مغان),اردبیل,صرفا با سوابق تحصیلی,روزانه,مرد و زن,20,,,,,,54,اصلی,,,
10861,مهندسی علوم دامی,دانشگاه محقق اردبیلی (محل تحصیل دانشکده کشاورزی و منابع طبیعی مغان),اردبیل,صرفا با سوابق تحصیلی,روزانه,مرد و زن,20,,,,,,54,اصلی,,,
10859,مهندسی ماشین‌های صنایع غذایی,دانشگاه محقق اردبیلی (محل تحصیل دانشکده کشاورزی و منابع طبیعی مغان),اردبیل,صرفا با سوابق تحصیلی,نوبت دوم,مرد و زن,4,,,,,,54,اصلی,,,
10862,مهندسی تولید و ژنتیک گیاهی,دانشگاه محقق اردبیلی (محل تحصیل دانشکده کشاورزی و منابع طبیعی مغان),اردبیل,صرفا با سوابق تحصیلی,نوبت دوم,مرد و زن,4,,,,,,54,اصلی,,,
10863,مهندسی علوم دامی,دانشگاه محقق اردبیلی (محل تحصیل دانشکده کشاورزی و منابع طبیعی مغان),اردبیل,صرفا با سوابق تحصیلی,نوبت دوم,مرد و زن,4,,,,,,54,اصلی,,,
10864,کاردانی تکنولوژی تولیدات گیاهی,دانشگاه محقق اردبیلی (محل تحصیل دانشکده کشاورزی شهرستان مشگین شهر),اردبیل,صرفا با سوابق تحصیلی,روزانه,مرد و زن,20,,,,,,54,اصلی,,,
10865,کاردانی تکنولوژی مرتع و آبخیزداری,دانشگاه محقق اردبیلی (محل تحصیل دانشکده کشاورزی شهرستان مشگین شهر),اردبیل,صرفا با سوابق تحصیلی,روزانه,مرد و زن,20,,,,,,54,اصلی,,,
30149,آمار,دانشگاه اصفهان,اصفهان,با آزمون,روزانه,مرد و زن,45,,,,فاقد خوابگاه,,54,اصلی,,,
30150,ریاضیات و کاربردها,دانشگاه اصفهان,اصفهان,با آزمون,روزانه,مرد و زن,45,,,,فاقد خوابگاه,,54,اصلی,,,
30151,علوم کامپیوتر,دانشگاه اصفهان,اصفهان,با آزمون,روزانه,مرد و زن,20,,,,فاقد خوابگاه,,54,اصلی,,,
30152,فیزیک,دانشگاه اصفهان,اصفهان,با آزمون,روزانه,مرد و زن,48,,,,فاقد خوابگاه,,54,اصلی,,,
30153,مهندسی اویونیک,دانشگاه اصفهان,اصفهان,با آزمون,روزانه,مرد و زن,15,,,,فاقد خوابگاه,,54,اصلی,,,
30154,مهندسی برق,دانشگاه اصفهان,اصفهان,با آزمون,روزانه,مرد و زن,50,,,,فاقد خوابگاه,,54,اصلی,,,
30155,مهندسی پزشکی,دانشگاه اصفهان,اصفهان,با آزمون,روزانه,مرد و زن,35,,,,فاقد خوابگاه,,54,اصلی,,,
30156,مهندسی خط و سازه‌های ریلی,دانشگاه اصفهان,اصفهان,با آزمون,روزانه,مرد و زن,25,,,,فاقد خوابگاه,,54,اصلی,,,
30157,مهندسی شیمی,دانشگاه اصفهان,اصفهان,با آزمون,روزانه,مرد و زن,35,,,,فاقد خوابگاه,,54,اصلی,,,
30158,مهندسی عمران,دانشگاه اصفهان,اصفهان,با آزمون,روزانه,مرد و زن,25,,,,فاقد خوابگاه,,54,اصلی,,,
30159,مهندسی کامپیوتر,دانشگاه اصفهان,اصفهان,با آزمون,روزانه,مرد و زن,60,,,,فاقد خوابگاه,,54,اصلی,,,
30160,مهندسی مکانیک,دانشگاه اصفهان,اصفهان,با آزمون,روزانه,مرد و زن,30,,,,فاقد خوابگاه,,54,اصلی,,,
30161,مهندسی نقشه‌برداری,دانشگاه اصفهان,اصفهان,با آزمون,روزانه,مرد و زن,25,,,,فاقد خوابگاه,,54,اصلی,,,
30162,مهندسی هوافضا,دانشگاه اصفهان,اصفهان,با آزمون,روزانه,مرد و زن,30,,,,فاقد خوابگاه,,54,اصلی,,,
35871,اقتصاد,دانشگاه اصفهان,اصفهان,با آزمون,روزانه,مرد و زن,18,,,,فاقد خوابگاه,,54,اصلی,,,
35872,حسابداری,دانشگاه اصفهان,اصفهان,با آزمون,روزانه,مرد و زن,5,,,,فاقد خوابگاه,,54,اصلی,,,
35873,روانشناسی,دانشگاه اصفهان,اصفهان,با آزمون,روزانه,مرد و زن,4,,,,فاقد خوابگاه,,54,اصلی,,,
35874,شیمی کاربردی,دانشگاه اصفهان,اصفهان,با آزمون,روزانه,مرد و زن,4,,,,فاقد خوابگاه,,54,اصلی,,,
35875,شیمی محض,دانشگاه اصفهان,اصفهان,با آزمون,روزانه,مرد و زن,4,,,,فاقد خوابگاه,,54,اصلی,,,
35876,علم اطلاعات و دانش‌شناسی,دانشگاه اصفهان,اصفهان,با آزمون,روزانه,مرد و زن,3,,,,فاقد خوابگاه,,54,اصلی,,,
35877,علوم ورزشی,دانشگاه اصفهان,اصفهان,با آزمون,روزانه,زن,3,,,,فاقد خوابگاه,,54,اصلی,,,
35878,علوم ورزشی,دانشگاه اصفهان,اصفهان,با آزمون,روزانه,مرد,3,,,,فاقد خوابگاه,,54,اصلی,,,
35879,گردشگری,دانشگاه اصفهان,اصفهان,با آزمون,روزانه,مرد و زن,3,,,,فاقد خوابگاه,,54,اصلی,,,
35880,مددکاری اجتماعی,دانشگاه اصفهان,اصفهان,با آزمون,روزانه,مرد و زن,2,,,,فاقد خوابگاه,,54,اصلی,,,
35881,مدیریت بازرگانی,دانشگاه اصفهان,اصفهان,با آزمون,روزانه,مرد و زن,2,,,,فاقد خوابگاه,,54,اصلی,,,
35882,مدیریت صنعتی,دانشگاه اصفهان,اصفهان,با آزمون,روزانه,مرد و زن,3,,,,فاقد خوابگاه,,54,اصلی,,,
30163,علوم کامپیوتر,دانشگاه اصفهان,اصفهان,با آزمون,نوبت دوم,مرد و زن,10,,,,فاقد خوابگاه,,54,اصلی,,,
30164,فیزیک,دانشگاه اصفهان,اصفهان,با آزمون,نوبت دوم,مرد و زن,12,,,,فاقد خوابگاه,,54,اصلی,,,
30165,مهندسی اویونیک,دانشگاه اصفهان,اصفهان,با آزمون,نوبت دوم,مرد و زن,5,,,,فاقد خوابگاه,,54,اصلی,,,
30166,مهندسی برق,دانشگاه اصفهان,اصفهان,با آزمون,نوبت دوم,مرد و زن,25,,,,فاقد خوابگاه,,54,اصلی,,,
30167,مهندسی پزشکی,دانشگاه اصفهان,اصفهان,با آزمون,نوبت دوم,مرد و زن,25,,,,فاقد خوابگاه,,54,اصلی,,,
30168,مهندسی خط و سازه‌های ریلی,دانشگاه اصفهان,اصفهان,با آزمون,نوبت دوم,مرد و زن,5,,,,فاقد خوابگاه,,54,اصلی,,,
30169,مهندسی شیمی,دانشگاه اصفهان,اصفهان,با آزمون,نوبت دوم,مرد و زن,10,,,,فاقد خوابگاه,,54,اصلی,,,
30170,مهندسی عمران,دانشگاه اصفهان,اصفهان,با آزمون,نوبت دوم,مرد و زن,15,,,,فاقد خوابگاه,,54,اصلی,,,
30171,مهندسی کامپیوتر,دانشگاه اصفهان,اصفهان,با آزمون,نوبت دوم,مرد و زن,30,,,,فاقد خوابگاه,,54,اصلی,,,
30172,مهندسی مکانیک,دانشگاه اصفهان,اصفهان,با آزمون,نوبت دوم,مرد و زن,15,,,,فاقد خوابگاه,,54,اصلی,,,
30173,مهندسی نقشه‌برداری,دانشگاه اصفهان,اصفهان,با آزمون,نوبت دوم,مرد و زن,15,,,,فاقد خوابگاه,,54,اصلی,,,
30174,مهندسی هوافضا,دانشگاه اصفهان,اصفهان,با آزمون,نوبت دوم,مرد و زن,15,,,,فاقد خوابگاه,,54,اصلی,,,
35883,اقتصاد,دانشگاه اصفهان,اصفهان,با آزمون,نوبت دوم,مرد و زن,10,,,,فاقد خوابگاه,,55,اصلی,,,
35884,حسابداری,دانشگاه اصفهان,اصفهان,با آزمون,نوبت دوم,مرد و زن,3,,,,فاقد خوابگاه,,55,اصلی,,,
35885,روانشناسی,دانشگاه اصفهان,اصفهان,با آزمون,نوبت دوم,مرد و زن,2,,,,فاقد خوابگاه,,55,اصلی,,,
35886,شیمی کاربردی,دانشگاه اصفهان,اصفهان,با آزمون,نوبت دوم,مرد و زن,2,,,,فاقد خوابگاه,,55,اصلی,,,
35887,شیمی محض,دانشگاه اصفهان,اصفهان,با آزمون,نوبت دوم,مرد و زن,2,,,,فاقد خوابگاه,,55,اصلی,,,
35888,علم اطلاعات و دانش‌شناسی,دانشگاه اصفهان,اصفهان,با آزمون,نوبت دوم,مرد و زن,1,,,,فاقد خوابگاه,,55,اصلی,,,
35889,علوم ورزشی,دانشگاه اصفهان,اصفهان,با آزمون,نوبت دوم,مرد,1,,,,فاقد خوابگاه,,55,اصلی,,,
35890,علوم ورزشی,دانشگاه اصفهان,اصفهان,با آزمون,نوبت دوم,زن,1,,,,فاقد خوابگاه,,55,اصلی,,,
35891,گردشگری,دانشگاه اصفهان,اصفهان,با آزمون,نوبت دوم,مرد و زن,1,,,,فاقد خوابگاه,,55,اصلی,,,
35892,مددکاری اجتماعی,دانشگاه اصفهان,اصفهان,با آزمون,نوبت دوم,مرد و زن,1,,,,فاقد خوابگاه,,55,اصلی,,,
35893,مدیریت بازرگانی,دانشگاه اصفهان,اصفهان,با آزمون,نوبت دوم,مرد و زن,1,,,,فاقد خوابگاه,,55,اصلی,,,
35894,مدیریت صنعتی,دانشگاه اصفهان,اصفهان,با آزمون,نوبت دوم,مرد و زن,1,,,,فاقد خوابگاه,,55,اصلی,,,
10983,زمین‌شناسی,دانشگاه اصفهان,اصفهان,صرفا با سوابق تحصیلی,روزانه,مرد و زن,40,,,,فاقد خوابگاه,,55,اصلی,,,
10984,زیست‌شناسی گیاهی,دانشگاه اصفهان,اصفهان,صرفا با سوابق تحصیلی,روزانه,مرد و زن,40,,,,فاقد خوابگاه,,55,اصلی,,,
30175,مهندسی برق,دانشگاه اصفهان (محل تحصیل مرکز آموزش عالی شهرضا),اصفهان,با آزمون,روزانه,مرد و زن,50,,,,محدودیت در ارائه خوابگاه,,55,اصلی,,,
30176,مهندسی کامپیوتر,دانشگاه اصفهان (محل تحصیل مرکز آموزش عالی شهرضا),اصفهان,با آزمون,روزانه,مرد و زن,40,,,,محدودیت در ارائه خوابگاه,,55,اصلی,,,
30177,مهندسی مکانیک,دانشگاه اصفهان (محل تحصیل مرکز آموزش عالی شهرضا),اصفهان,با آزمون,روزانه,مرد و زن,45,,,,محدودیت در ارائه خوابگاه,,55,اصلی,,,
10985,علوم مهندسی,دانشگاه اصفهان (محل تحصیل مرکز آموزش عالی شهرضا),اصفهان,صرفا با سوابق تحصیلی,روزانه,مرد و زن,40,,,,محدودیت در ارائه خوابگاه,,55,اصلی,,,
30178,علوم کامپیوتر,دانشگاه اصفهان (محل تحصیل دانشکده ریاضی و کامپیوتر خوانسار),اصفهان,با آزمون,روزانه,مرد و زن,40,,,,,,55,اصلی,,,
30179,مهندسی کامپیوتر,دانشگاه اصفهان (محل تحصیل دانشکده ریاضی و کامپیوتر خوانسار),اصفهان,با آزمون,روزانه,مرد و زن,40,,,,,,55,اصلی,,,
30180,آمار,دانشگاه صنعتی اصفهان,اصفهان,با آزمون,روزانه,مرد و زن,44,,,,,,55,اصلی,,,
30181,ریاضیات و کاربردها,دانشگاه صنعتی اصفهان,اصفهان,با آزمون,روزانه,مرد و زن,54,,,,,,55,اصلی,,,
30182,علوم و مهندسی آب,دانشگاه صنعتی اصفهان,اصفهان,با آزمون,روزانه,مرد و زن,20,,,,,,55,اصلی,,,
30183,فیزیک,دانشگاه صنعتی اصفهان,اصفهان,با آزمون,روزانه,مرد و زن,74,,,,,,55,اصلی,,,
30184,مهندسی برق,دانشگاه صنعتی اصفهان,اصفهان,با آزمون,روزانه,مرد و زن,144,,,,,,55,اصلی,,,
30185,مهندسی پلیمر,دانشگاه صنعتی اصفهان,اصفهان,با آزمون,روزانه,مرد و زن,29,,,,,,55,اصلی,,,
30186,مهندسی شیمی,دانشگاه صنعتی اصفهان,اصفهان,با آزمون,روزانه,مرد و زن,49,,,,,,55,اصلی,,,
30187,مهندسی صنایع و سیستم‌ها,دانشگاه صنعتی اصفهان,اصفهان,با آزمون,روزانه,مرد و زن,75,,,,,,55,اصلی,,,
30188,مهندسی عمران,دانشگاه صنعتی اصفهان,اصفهان,با آزمون,روزانه,مرد و زن,84,,,,,,55,اصلی,,,
30189,مهندسی کامپیوتر,دانشگاه صنعتی اصفهان,اصفهان,با آزمون,روزانه,مرد و زن,89,,,,,,55,اصلی,,,
30190,مهندسی معدن,دانشگاه صنعتی اصفهان,اصفهان,با آزمون,روزانه,مرد و زن,74,,,,,,55,اصلی,,,
30191,مهندسی مکانیک,دانشگاه صنعتی اصفهان,اصفهان,با آزمون,روزانه,مرد و زن,99,,,,,,55,اصلی,,,
30192,مهندسی مکانیک بیوسیستم (این رشته متعلق به گروه کشاورزی است),دانشگاه صنعتی اصفهان,اصفهان,با آزمون,روزانه,مرد و زن,20,,,,,,55,اصلی,,,
30193,مهندسی نساجی,دانشگاه صنعتی اصفهان,اصفهان,با آزمون,روزانه,مرد و زن,104,,,,,,55,اصلی,,,
30194,مهندسی نفت و زمین‌انرژی,دانشگاه صنعتی اصفهان,اصفهان,با آزمون,روزانه,مرد و زن,29,,,,,,55,اصلی,,,
30195,مهندسی و علم مواد,دانشگاه صنعتی اصفهان,اصفهان,با آزمون,روزانه,مرد و زن,79,,,,,,55,اصلی,,,
35895,شیمی کاربردی,دانشگاه صنعتی اصفهان,اصفهان,با آزمون,روزانه,مرد و زن,5,,,,,,55,اصلی,,,
35896,شیمی محض,دانشگاه صنعتی اصفهان,اصفهان,با آزمون,روزانه,مرد و زن,5,,,,,,55,اصلی,,,
30196,آمار,دانشگاه صنعتی اصفهان,اصفهان,با آزمون,نوبت دوم,مرد و زن,9,,,,عدم تعهد در واگذاری خوابگاه,,55,اصلی,,,
30197,ریاضیات و کاربردها,دانشگاه صنعتی اصفهان,اصفهان,با آزمون,نوبت دوم,مرد و زن,9,,,,عدم تعهد در واگذاری خوابگاه,,55,اصلی,,,
30198,علوم و مهندسی آب,دانشگاه صنعتی اصفهان,اصفهان,با آزمون,نوبت دوم,مرد و زن,9,,,,عدم تعهد در واگذاری خوابگاه,,55,اصلی,,,
30199,فیزیک,دانشگاه صنعتی اصفهان,اصفهان,با آزمون,نوبت دوم,مرد و زن,14,,,,عدم تعهد در واگذاری خوابگاه,,55,اصلی,,,
30200,مهندسی برق,دانشگاه صنعتی اصفهان,اصفهان,با آزمون,نوبت دوم,مرد و زن,24,,,,عدم تعهد در واگذاری خوابگاه,,55,اصلی,,,
30201,مهندسی پلیمر,دانشگاه صنعتی اصفهان,اصفهان,با آزمون,نوبت دوم,مرد و زن,5,,,,عدم تعهد در واگذاری خوابگاه,,56,اصلی,,,
30202,مهندسی شیمی,دانشگاه صنعتی اصفهان,اصفهان,با آزمون,نوبت دوم,مرد و زن,8,,,,عدم تعهد در واگذاری خوابگاه,,56,اصلی,,,
30203,مهندسی صنایع و سیستم‌ها,دانشگاه صنعتی اصفهان,اصفهان,با آزمون,نوبت دوم,مرد و زن,13,,,,عدم تعهد در واگذاری خوابگاه,,56,اصلی,,,
30204,مهندسی عمران,دانشگاه صنعتی اصفهان,اصفهان,با آزمون,نوبت دوم,مرد و زن,14,,,,عدم تعهد در واگذاری خوابگاه,,56,اصلی,,,
30205,مهندسی کامپیوتر,دانشگاه صنعتی اصفهان,اصفهان,با آزمون,نوبت دوم,مرد و زن,14,,,,عدم تعهد در واگذاری خوابگاه,,56,اصلی,,,
30206,مهندسی معدن,دانشگاه صنعتی اصفهان,اصفهان,با آزمون,نوبت دوم,مرد و زن,14,,,,عدم تعهد در واگذاری خوابگاه,,56,اصلی,,,
30207,مهندسی مکانیک,دانشگاه صنعتی اصفهان,اصفهان,با آزمون,نوبت دوم,مرد و زن,38,,,,عدم تعهد در واگذاری خوابگاه,,56,اصلی,,,
30208,مهندسی مکانیک بیوسیستم (این رشته متعلق به گروه کشاورزی است),دانشگاه صنعتی اصفهان,اصفهان,با آزمون,نوبت دوم,مرد و زن,9,,,,عدم تعهد در واگذاری خوابگاه,,56,اصلی,,,
30209,مهندسی نساجی,دانشگاه صنعتی اصفهان,اصفهان,با آزمون,نوبت دوم,مرد و زن,19,,,,عدم تعهد در واگذاری خوابگاه,,56,اصلی,,,
30210,مهندسی نفت و زمین‌انرژی,دانشگاه صنعتی اصفهان,اصفهان,با آزمون,نوبت دوم,مرد و زن,5,,,,عدم تعهد در واگذاری خوابگاه,,56,اصلی,,,
30211,مهندسی و علم مواد,دانشگاه صنعتی اصفهان,اصفهان,با آزمون,نوبت دوم,مرد و زن,14,,,,عدم تعهد در واگذاری خوابگاه,,56,اصلی,,,
35897,شیمی کاربردی,دانشگاه صنعتی اصفهان,اصفهان,با آزمون,نوبت دوم,مرد و زن,1,,,,عدم تعهد در واگذاری خوابگاه,,56,اصلی,,,
35898,شیمی محض,دانشگاه صنعتی اصفهان,اصفهان,با آزمون,نوبت دوم,مرد و زن,1,,,,عدم تعهد در واگذاری خوابگاه,,56,اصلی,,,
10986,علوم و مهندسی باغبانی,دانشگاه صنعتی اصفهان,اصفهان,صرفا با سوابق تحصیلی,روزانه,مرد و زن,20,,,,,,56,اصلی,,,
10987,علوم و مهندسی خاک,دانشگاه صنعتی اصفهان,اصفهان,صرفا با سوابق تحصیلی,روزانه,مرد و زن,20,,,,,,56,اصلی,,,
10988,علوم و مهندسی شیلات,دانشگاه صنعتی اصفهان,اصفهان,صرفا با سوابق تحصیلی,روزانه,مرد و زن,20,,,,,,56,اصلی,,,
10989,علوم و مهندسی محیط‌زیست,دانشگاه صنعتی اصفهان,اصفهان,صرفا با سوابق تحصیلی,روزانه,مرد و زن,20,,,,,,56,اصلی,,,
10990,مهندسی تولید و ژنتیک گیاهی,دانشگاه صنعتی اصفهان,اصفهان,صرفا با سوابق تحصیلی,روزانه,مرد و زن,20,,,,,,56,اصلی,,,
10991,مهندسی طبیعت,دانشگاه صنعتی اصفهان,اصفهان,صرفا با سوابق تحصیلی,روزانه,مرد و زن,20,,,,,,56,اصلی,,,
10992,مهندسی علوم دامی,دانشگاه صنعتی اصفهان,اصفهان,صرفا با سوابق تحصیلی,روزانه,مرد و زن,20,,,,,,56,اصلی,,,
10993,مهندسی گیاهپزشکی,دانشگاه صنعتی اصفهان,اصفهان,صرفا با سوابق تحصیلی,روزانه,مرد و زن,20,,,,,,56,اصلی,,,
10994,علوم و مهندسی باغبانی,دانشگاه صنعتی اصفهان,اصفهان,صرفا با سوابق تحصیلی,نوبت دوم,مرد و زن,9,,,,عدم تعهد در واگذاری خوابگاه,,56,اصلی,,,
10995,علوم و مهندسی خاک,دانشگاه صنعتی اصفهان,اصفهان,صرفا با سوابق تحصیلی,نوبت دوم,مرد و زن,14,,,,عدم تعهد در واگذاری خوابگاه,,56,اصلی,,,
10996,علوم و مهندسی شیلات,دانشگاه صنعتی اصفهان,اصفهان,صرفا با سوابق تحصیلی,نوبت دوم,مرد و زن,9,,,,عدم تعهد در واگذاری خوابگاه,,56,اصلی,,,
10997,علوم و مهندسی محیط‌زیست,دانشگاه صنعتی اصفهان,اصفهان,صرفا با سوابق تحصیلی,نوبت دوم,مرد و زن,9,,,,عدم تعهد در واگذاری خوابگاه,,56,اصلی,,,
10998,مهندسی تولید و ژنتیک گیاهی,دانشگاه صنعتی اصفهان,اصفهان,صرفا با سوابق تحصیلی,نوبت دوم,مرد و زن,9,,,,عدم تعهد در واگذاری خوابگاه,,56,اصلی,,,
10999,مهندسی طبیعت,دانشگاه صنعتی اصفهان,اصفهان,صرفا با سوابق تحصیلی,نوبت دوم,مرد و زن,9,,,,عدم تعهد در واگذاری خوابگاه,,56,اصلی,,,
11000,مهندسی علوم دامی,دانشگاه صنعتی اصفهان,اصفهان,صرفا با سوابق تحصیلی,نوبت دوم,مرد و زن,9,,,,عدم تعهد در واگذاری خوابگاه,,56,اصلی,,,
11001,مهندسی گیاهپزشکی,دانشگاه صنعتی اصفهان,اصفهان,صرفا با سوابق تحصیلی,نوبت دوم,مرد و زن,9,,,,عدم تعهد در واگذاری خوابگاه,,56,اصلی,,,
30212,مهندسی برق,دانشگاه صنعتی اصفهان (محل تحصیل دانشکده فنی و مهندسی گلپایگان),اصفهان,با آزمون,روزانه,مرد و زن,44,,,,محل تشکیل کلاس‌ها در دانشکده گلپایگان واقع در شهرستان گلپایگان می‌باشد و هرگونه مهمانی و انتقال به دانشگاه صنعتی اصفهان امکان پذیر نیست.,,56,اصلی,,,
30213,مهندسی صنایع و سیستم‌ها,دانشگاه صنعتی اصفهان (محل تحصیل دانشکده فنی و مهندسی گلپایگان),اصفهان,با آزمون,روزانه,مرد و زن,44,,,,محل تشکیل کلاس‌ها در دانشکده گلپایگان واقع در شهرستان گلپایگان می‌باشد و هرگونه مهمانی و انتقال به دانشگاه صنعتی اصفهان امکان پذیر نیست.,,56,اصلی,,,
30214,مهندسی مکانیک,دانشگاه صنعتی اصفهان (محل تحصیل دانشکده فنی و مهندسی گلپایگان),اصفهان,با آزمون,روزانه,مرد و زن,44,,,,محل تشکیل کلاس‌ها در دانشکده گلپایگان واقع در شهرستان گلپایگان می‌باشد و هرگونه مهمانی و انتقال به دانشگاه صنعتی اصفهان امکان پذیر نیست.,,56,اصلی,,,
30215,مهندسی و علم مواد,دانشگاه صنعتی اصفهان (محل تحصیل دانشکده فنی و مهندسی گلپایگان),اصفهان,با آزمون,روزانه,مرد و زن,44,,,,محل تشکیل کلاس‌ها در دانشکده گلپایگان واقع در شهرستان گلپایگان می‌باشد و هرگونه مهمانی و انتقال به دانشگاه صنعتی اصفهان امکان پذیر نیست.,,56,اصلی,,,
30216,مهندسی برق,دانشگاه صنعتی اصفهان (محل تحصیل دانشکده فنی و مهندسی گلپایگان),اصفهان,با آزمون,نوبت دوم,مرد و زن,8,,,,محل تشکیل کلاس‌ها در دانشکده گلپایگان واقع در شهرستان گلپایگان می‌باشد و هرگونه مهمانی و انتقال به دانشگاه صنعتی اصفهان امکان پذیر نیست.,,56,اصلی,,,
30217,مهندسی صنایع و سیستم‌ها,دانشگاه صنعتی اصفهان (محل تحصیل دانشکده فنی و مهندسی گلپایگان),اصفهان,با آزمون,نوبت دوم,مرد و زن,8,,,,محل تشکیل کلاس‌ها در دانشکده گلپایگان واقع در شهرستان گلپایگان می‌باشد و هرگونه مهمانی و انتقال به دانشگاه صنعتی اصفهان امکان پذیر نیست.,,57,اصلی,,,
30218,مهندسی مکانیک,دانشگاه صنعتی اصفهان (محل تحصیل دانشکده فنی و مهندسی گلپایگان),اصفهان,با آزمون,نوبت دوم,مرد و زن,8,,,,محل تشکیل کلاس‌ها در دانشکده گلپایگان واقع در شهرستان گلپایگان می‌باشد و هرگونه مهمانی و انتقال به دانشگاه صنعتی اصفهان امکان پذیر نیست.,,57,اصلی,,,
30219,مهندسی و علم مواد,دانشگاه صنعتی اصفهان (محل تحصیل دانشکده فنی و مهندسی گلپایگان),اصفهان,با آزمون,نوبت دوم,مرد و زن,8,,,,محل تشکیل کلاس‌ها در دانشکده گلپایگان واقع در شهرستان گلپایگان می‌باشد و هرگونه مهمانی و انتقال به دانشگاه صنعتی اصفهان امکان پذیر نیست.,,57,اصلی,,,
30220,علوم کامپیوتر,دانشگاه کاشان,اصفهان,با آزمون,روزانه,مرد و زن,27,,,,دارای خوابگاه ملکی,,57,اصلی,,,
30221,فیزیک مهندسی,دانشگاه کاشان,اصفهان,با آزمون,روزانه,مرد و زن,22,,,,دارای خوابگاه ملکی,,57,اصلی,,,
30222,مهندسی برق,دانشگاه کاشان,اصفهان,با آزمون,روزانه,مرد و زن,63,,,,دارای خوابگاه ملکی,,57,اصلی,,,
30223,مهندسی ساخت و تولید,دانشگاه کاشان,اصفهان,با آزمون,روزانه,مرد و زن,22,,,,دارای خوابگاه ملکی,,57,اصلی,,,
30224,مهندسی شیمی,دانشگاه کاشان,اصفهان,با آزمون,روزانه,مرد و زن,27,,,,دارای خوابگاه ملکی,,57,اصلی,,,
30225,مهندسی صنایع و سیستم‌ها,دانشگاه کاشان,اصفهان,با آزمون,روزانه,مرد و زن,18,,,,دارای خوابگاه ملکی,,57,اصلی,,,
30226,مهندسی عمران,دانشگاه کاشان,اصفهان,با آزمون,روزانه,مرد و زن,22,,,,دارای خوابگاه ملکی,,57,اصلی,,,
30227,مهندسی کامپیوتر,دانشگاه کاشان,اصفهان,با آزمون,روزانه,مرد و زن,31,,,,دارای خوابگاه ملکی,,57,اصلی,,,
30228,مهندسی معدن,دانشگاه کاشان,اصفهان,با آزمون,روزانه,مرد و زن,22,,,,دارای خوابگاه ملکی,,57,اصلی,,,
30229,مهندسی معماری,دانشگاه کاشان,اصفهان,با آزمون,روزانه,مرد و زن,22,,,,دارای خوابگاه ملکی,,57,اصلی,,,
30230,مهندسی مکانیک,دانشگاه کاشان,اصفهان,با آزمون,روزانه,مرد و زن,63,,,,دارای خوابگاه ملکی,,57,اصلی,,,
30231,مهندسی و علم مواد,دانشگاه کاشان,اصفهان,با آزمون,روزانه,مرد و زن,20,,,,دارای خوابگاه ملکی,,57,اصلی,,,
35899,روانشناسی,دانشگاه کاشان,اصفهان,با آزمون,روزانه,مرد و زن,3,,,,دارای خوابگاه ملکی,,57,اصلی,,,
35900,شیمی کاربردی,دانشگاه کاشان,اصفهان,با آزمون,روزانه,مرد و زن,4,,,,دارای خوابگاه ملکی,,57,اصلی,,,
35901,شیمی محض,دانشگاه کاشان,اصفهان,با آزمون,روزانه,مرد و زن,4,,,,دارای خوابگاه ملکی,,57,اصلی,,,
35902,علوم ورزشی,دانشگاه کاشان,اصفهان,با آزمون,روزانه,مرد,2,,,,دارای خوابگاه ملکی,,57,اصلی,,,
35903,گردشگری,دانشگاه کاشان,اصفهان,با آزمون,روزانه,مرد و زن,2,,,,دارای خوابگاه ملکی,,57,اصلی,,,
35904,مدیریت بازرگانی,دانشگاه کاشان,اصفهان,با آزمون,روزانه,مرد و زن,2,,,,دارای خوابگاه ملکی,,57,اصلی,,,
35911,علوم ورزشی,دانشگاه کاشان,اصفهان,با آزمون,روزانه,زن,2,,,,محل تحصیل پردیس خواهران - دارای خوابگاه ملکی,,57,اصلی,,,
30232,علوم کامپیوتر,دانشگاه کاشان,اصفهان,با آزمون,نوبت دوم,مرد و زن,2,,,,فاقد خوابگاه,,57,اصلی,,,
30233,مهندسی برق,دانشگاه کاشان,اصفهان,با آزمون,نوبت دوم,مرد و زن,7,,,,فاقد خوابگاه,,57,اصلی,,,
30234,مهندسی ساخت و تولید,دانشگاه کاشان,اصفهان,با آزمون,نوبت دوم,مرد و زن,3,,,,فاقد خوابگاه,,57,اصلی,,,
30235,مهندسی شیمی,دانشگاه کاشان,اصفهان,با آزمون,نوبت دوم,مرد و زن,3,,,,فاقد خوابگاه,,57,اصلی,,,
30236,مهندسی صنایع و سیستم‌ها,دانشگاه کاشان,اصفهان,با آزمون,نوبت دوم,مرد و زن,2,,,,فاقد خوابگاه,,57,اصلی,,,
30237,مهندسی عمران,دانشگاه کاشان,اصفهان,با آزمون,نوبت دوم,مرد و زن,3,,,,فاقد خوابگاه,,57,اصلی,,,
30238,مهندسی کامپیوتر,دانشگاه کاشان,اصفهان,با آزمون,نوبت دوم,مرد و زن,4,,,,فاقد خوابگاه,,57,اصلی,,,
30239,مهندسی معدن,دانشگاه کاشان,اصفهان,با آزمون,نوبت دوم,مرد و زن,3,,,,فاقد خوابگاه,,57,اصلی,,,
30240,مهندسی معماری,دانشگاه کاشان,اصفهان,با آزمون,نوبت دوم,مرد و زن,3,,,,فاقد خوابگاه,,57,اصلی,,,
30241,مهندسی مکانیک,دانشگاه کاشان,اصفهان,با آزمون,نوبت دوم,مرد و زن,7,,,,فاقد خوابگاه,,57,اصلی,,,
30242,مهندسی و علم مواد,دانشگاه کاشان,اصفهان,با آزمون,نوبت دوم,مرد و زن,2,,,,فاقد خوابگاه,,57,اصلی,,,
35905,روانشناسی,دانشگاه کاشان,اصفهان,با آزمون,نوبت دوم,مرد و زن,1,,,,فاقد خوابگاه,,57,اصلی,,,
35906,شیمی کاربردی,دانشگاه کاشان,اصفهان,با آزمون,نوبت دوم,مرد و زن,1,,,,فاقد خوابگاه,,57,اصلی,,,
35907,شیمی محض,دانشگاه کاشان,اصفهان,با آزمون,نوبت دوم,مرد و زن,1,,,,فاقد خوابگاه,,57,اصلی,,,
35909,گردشگری,دانشگاه کاشان,اصفهان,با آزمون,نوبت دوم,مرد و زن,1,,,,فاقد خوابگاه,,57,اصلی,,,
11003,آمار,دانشگاه کاشان,اصفهان,صرفا با سوابق تحصیلی,روزانه,مرد و زن,22,,,,دارای خوابگاه ملکی,,57,اصلی,,,
11004,ریاضیات و کاربردها,دانشگاه کاشان,اصفهان,صرفا با سوابق تحصیلی,روزانه,مرد و زن,27,,,,دارای خوابگاه ملکی,,57,اصلی,,,
11005,فیزیک,دانشگاه کاشان,اصفهان,صرفا با سوابق تحصیلی,روزانه,مرد و زن,31,,,,دارای خوابگاه ملکی,,58,اصلی,,,
11010,علوم و مهندسی محیط‌زیست,دانشگاه کاشان,اصفهان,صرفا با سوابق تحصیلی,روزانه,مرد و زن,22,,,,دارای خوابگاه ملکی,,58,اصلی,,,
11011,مهندسی طبیعت,دانشگاه کاشان,اصفهان,صرفا با سوابق تحصیلی,روزانه,مرد و زن,20,,,,دارای خوابگاه ملکی,,58,اصلی,,,
11006,آمار,دانشگاه کاشان,اصفهان,صرفا با سوابق تحصیلی,نوبت دوم,مرد و زن,3,,,,فاقد خوابگاه,,58,اصلی,,,
11007,ریاضیات و کاربردها,دانشگاه کاشان,اصفهان,صرفا با سوابق تحصیلی,نوبت دوم,مرد و زن,3,,,,فاقد خوابگاه,,58,اصلی,,,
11008,فیزیک,دانشگاه کاشان,اصفهان,صرفا با سوابق تحصیلی,نوبت دوم,مرد و زن,4,,,,فاقد خوابگاه,,58,اصلی,,,
11009,فیزیک مهندسی,دانشگاه کاشان,اصفهان,صرفا با سوابق تحصیلی,نوبت دوم,مرد و زن,3,,,,فاقد خوابگاه,,58,اصلی,,,
11012,علوم و مهندسی محیط‌زیست,دانشگاه کاشان,اصفهان,صرفا با سوابق تحصیلی,نوبت دوم,مرد و زن,3,,,,فاقد خوابگاه,,58,اصلی,,,
11013,مهندسی طبیعت,دانشگاه کاشان,اصفهان,صرفا با سوابق تحصیلی,نوبت دوم,مرد و زن,3,,,,فاقد خوابگاه,,58,اصلی,,,
11014,ادیان و عرفان,دانشگاه کاشان,اصفهان,صرفا با سوابق تحصیلی,نوبت دوم,مرد و زن,2,,,,فاقد خوابگاه,,58,اصلی,,,
30243,مهندسی شهرسازی,دانشگاه هنر اصفهان,اصفهان,با آزمون,روزانه,مرد و زن,20,,10,10,دارای خوابگاه استیجاری,,58,اصلی,,,
30244,مهندسی معماری,دانشگاه هنر اصفهان,اصفهان,با آزمون,روزانه,مرد و زن,24,,12,12,دارای خوابگاه استیجاری,,58,اصلی,,,
35913,گردشگری,دانشگاه هنر اصفهان,اصفهان,با آزمون,روزانه,مرد و زن,4,,2,2,دارای خوابگاه استیجاری,,58,اصلی,,,
30245,مهندسی شهرسازی,دانشگاه هنر اصفهان,اصفهان,با آزمون,نوبت دوم,مرد و زن,1,,,,دارای خوابگاه استیجاری,,58,اصلی,,,
30246,مهندسی معماری,دانشگاه هنر اصفهان,اصفهان,با آزمون,نوبت دوم,مرد و زن,1,,,,دارای خوابگاه استیجاری,,58,اصلی,,,
11015,کتاب‌آرایی,دانشگاه هنر اصفهان,اصفهان,صرفا با سوابق تحصیلی,روزانه,مرد و زن,16,,,,دارای خوابگاه استیجاری,,58,اصلی,,,
30247,مهندسی حرفه‌ای معماری,دانشگاه ملی مهارت - آموزشکده دختران کاشان,اصفهان,با آزمون,روزانه,زن,,30,,,,,58,اصلی,,,
30248,مهندسی حرفه‌ای معماری,دانشگاه ملی مهارت - آموزشکده دختران نجفآباد,اصفهان,با آزمون,روزانه,زن,25,,,,,,58,اصلی,,,
30249,مهندسی حرفه‌ای کامپیوتر,دانشگاه ملی مهارت - دانشکده پسران اصفهان (شهید محسن مهاجر),اصفهان,با آزمون,روزانه,مرد,25,,,,,,58,اصلی,,,
30250,مهندسی حرفه‌ای کامپیوتر,دانشگاه ملی مهارت - دانشکده پسران اصفهان (شهید محسن مهاجر),اصفهان,با آزمون,روزانه,مرد,,25,,,,,58,اصلی,,,
30251,مهندسی حرفه‌ای معماری,دانشگاه ملی مهارت - دانشکده پسران اصفهان (شهید محسن مهاجر),اصفهان,با آزمون,روزانه,مرد,25,,,,,,58,اصلی,,,
30252,مهندسی حرفه‌ای معماری,دانشگاه ملی مهارت - دانشکده پسران اصفهان (شهید محسن مهاجر),اصفهان,با آزمون,روزانه,مرد,,25,,,,,58,اصلی,,,
35915,حسابداری,دانشگاه ملی مهارت - دانشکده پسران اصفهان (شهید محسن مهاجر),اصفهان,با آزمون,روزانه,مرد,3,,,,,,58,اصلی,,,
35916,حسابداری,دانشگاه ملی مهارت - دانشکده پسران اصفهان (شهید محسن مهاجر),اصفهان,با آزمون,روزانه,مرد,,3,,,,,58,اصلی,,,
30253,مهندسی حرفه‌ای کامپیوتر,دانشگاه ملی مهارت - دانشکده پسران اصفهان (شهید محسن مهاجر),اصفهان,با آزمون,نوبت دوم,مرد,5,,,,,,58,اصلی,,,
30254,مهندسی حرفه‌ای کامپیوتر,دانشگاه ملی مهارت - دانشکده پسران اصفهان (شهید محسن مهاجر),اصفهان,با آزمون,نوبت دوم,مرد,,5,,,,,58,اصلی,,,
30255,مهندسی حرفه‌ای معماری,دانشگاه ملی مهارت - دانشکده پسران اصفهان (شهید محسن مهاجر),اصفهان,با آزمون,نوبت دوم,مرد,5,,,,,,58,اصلی,,,
30256,مهندسی حرفه‌ای معماری,دانشگاه ملی مهارت - دانشکده پسران اصفهان (شهید محسن مهاجر),اصفهان,با آزمون,نوبت دوم,مرد,,5,,,,,58,اصلی,,,
35917,حسابداری,دانشگاه ملی مهارت - دانشکده پسران اصفهان (شهید محسن مهاجر),اصفهان,با آزمون,نوبت دوم,مرد,1,,,,,,58,اصلی,,,
35918,حسابداری,دانشگاه ملی مهارت - دانشکده پسران اصفهان (شهید محسن مهاجر),اصفهان,با آزمون,نوبت دوم,مرد,,1,,,,,58,اصلی,,,
30257,مهندسی حرفه‌ای کامپیوتر,دانشگاه ملی مهارت - دانشکده پسران کاشان (شهید رجایی),اصفهان,با آزمون,روزانه,مرد,,30,,,,,58,اصلی,,,
30258,مهندسی حرفه‌ای معماری,دانشگاه ملی مهارت - دانشکده پسران کاشان (شهید رجایی),اصفهان,با آزمون,روزانه,مرد,30,,,,,,58,اصلی,,,
35919,حسابداری,دانشگاه ملی مهارت - دانشکده پسران کاشان (شهید رجایی),اصفهان,با آزمون,روزانه,مرد,3,,,,,,58,اصلی,,,
35920,حسابداری,دانشگاه ملی مهارت - دانشکده پسران کاشان (شهید رجایی),اصفهان,با آزمون,روزانه,مرد,,3,,,,,58,اصلی,,,
30259,مهندسی حرفه‌ای کامپیوتر,دانشگاه ملی مهارت - دانشکده پسران کاشان (شهید رجایی),اصفهان,با آزمون,نوبت دوم,مرد,,5,,,,,58,اصلی,,,
35921,حسابداری,دانشگاه ملی مهارت - دانشکده پسران کاشان (شهید رجایی),اصفهان,با آزمون,نوبت دوم,مرد,1,,,,,,58,اصلی,,,
35922,حسابداری,دانشگاه ملی مهارت - دانشکده پسران کاشان (شهید رجایی),اصفهان,با آزمون,نوبت دوم,مرد,,1,,,,,58,اصلی,,,
11365,مهندسی حرفه‌ای معماری,دانشگاه ملی مهارت - دانشکده پسران کاشان (شهید رجایی),اصفهان,صرفا با سوابق تحصیلی,نوبت دوم,مرد,5,,,,,,58,اصلی,,,
11002,علوم قرآن و حدیث,دانشگاه علوم و معارف قرآن کریم - وابسته به سازمان اوقاف و امور خیریه (محل تحصیل دانشکده علوم قرآنی دولت آباد اصفهان),اصفهان,صرفا با سوابق تحصیلی,روزانه,مرد,15,,,,دارای خوابگاه استیجاری,,59,اصلی,,,
30260,علوم و مهندسی آب,دانشگاه تهران (محل تحصیل دانشکدگان کشاورزی و منابع طبیعی واقع در کرج),البرز,با آزمون,روزانه,مرد و زن,20,,,,,,59,اصلی,,,
30261,مهندسی ماشین‌های صنایع غذایی,دانشگاه تهران (محل تحصیل دانشکدگان کشاورزی و منابع طبیعی واقع در کرج),البرز,با آزمون,روزانه,مرد و زن,20,,,,,,59,اصلی,,,
30262,مهندسی مکانیک بیوسیستم (این رشته متعلق به گروه کشاورزی است),دانشگاه تهران (محل تحصیل دانشکدگان کشاورزی و منابع طبیعی واقع در کرج),البرز,با آزمون,روزانه,مرد و زن,20,,,,,,59,اصلی,,,
35923,مهندسی اقتصاد کشاورزی,دانشگاه تهران (محل تحصیل دانشکدگان کشاورزی و منابع طبیعی واقع در کرج),البرز,با آزمون,روزانه,مرد و زن,4,,,,,,59,اصلی,,,
11607,علوم و مهندسی باغبانی,دانشگاه تهران (محل تحصیل دانشکدگان کشاورزی و منابع طبیعی واقع در کرج),البرز,صرفا با سوابق تحصیلی,روزانه,مرد و زن,20,,,,,,59,اصلی,,,
11608,علوم و مهندسی جنگل,دانشگاه تهران (محل تحصیل دانشکدگان کشاورزی و منابع طبیعی واقع در کرج),البرز,صرفا با سوابق تحصیلی,روزانه,مرد و زن,20,,,,,,59,اصلی,,,
11609,علوم و مهندسی خاک,دانشگاه تهران (محل تحصیل دانشکدگان کشاورزی و منابع طبیعی واقع در کرج),البرز,صرفا با سوابق تحصیلی,روزانه,مرد و زن,20,,,,,,59,اصلی,,,
11610,علوم و مهندسی شیلات,دانشگاه تهران (محل تحصیل دانشکدگان کشاورزی و منابع طبیعی واقع در کرج),البرز,صرفا با سوابق تحصیلی,روزانه,مرد و زن,20,,,,,,59,اصلی,,,
11611,علوم و مهندسی محیط‌زیست,دانشگاه تهران (محل تحصیل دانشکدگان کشاورزی و منابع طبیعی واقع در کرج),البرز,صرفا با سوابق تحصیلی,روزانه,مرد و زن,20,,,,,,59,اصلی,,,
11612,مهندسی ترویج و آموزش کشاورزی پایدار,دانشگاه تهران (محل تحصیل دانشکدگان کشاورزی و منابع طبیعی واقع در کرج),البرز,صرفا با سوابق تحصیلی,روزانه,مرد و زن,20,,,,,,59,اصلی,,,
11613,مهندسی تولید و ژنتیک گیاهی,دانشگاه تهران (محل تحصیل دانشکدگان کشاورزی و منابع طبیعی واقع در کرج),البرز,صرفا با سوابق تحصیلی,روزانه,مرد و زن,20,,,,,,59,اصلی,,,
11614,مهندسی صنایع چوب و فرآورده‌های سلولزی,دانشگاه تهران (محل تحصیل دانشکدگان کشاورزی و منابع طبیعی واقع در کرج),البرز,صرفا با سوابق تحصیلی,روزانه,مرد و زن,20,,,,,,59,اصلی,,,
11615,مهندسی صنایع مبلمان,دانشگاه تهران (محل تحصیل دانشکدگان کشاورزی و منابع طبیعی واقع در کرج),البرز,صرفا با سوابق تحصیلی,روزانه,مرد و زن,20,,,,,,59,اصلی,,,
11616,مهندسی طبیعت,دانشگاه تهران (محل تحصیل دانشکدگان کشاورزی و منابع طبیعی واقع در کرج),البرز,صرفا با سوابق تحصیلی,روزانه,مرد و زن,20,,,,,,59,اصلی,,,
11617,مهندسی علوم دامی,دانشگاه تهران (محل تحصیل دانشکدگان کشاورزی و منابع طبیعی واقع در کرج),البرز,صرفا با سوابق تحصیلی,روزانه,مرد و زن,20,,,,,,59,اصلی,,,
11618,مهندسی فضای سبز,دانشگاه تهران (محل تحصیل دانشکدگان کشاورزی و منابع طبیعی واقع در کرج),البرز,صرفا با سوابق تحصیلی,روزانه,مرد و زن,20,,,,,,59,اصلی,,,
11619,مهندسی گیاهپزشکی,دانشگاه تهران (محل تحصیل دانشکدگان کشاورزی و منابع طبیعی واقع در کرج),البرز,صرفا با سوابق تحصیلی,روزانه,مرد و زن,20,,,,,,59,اصلی,,,
30263,آمار,دانشگاه خوارزمی (محل تحصیل کرج),البرز,با آزمون,روزانه,مرد و زن,35,,,,,,59,اصلی,,,
30264,ریاضیات و کاربردها,دانشگاه خوارزمی (محل تحصیل کرج),البرز,با آزمون,روزانه,مرد و زن,35,,,,,,59,اصلی,,,
30265,علوم کامپیوتر,دانشگاه خوارزمی (محل تحصیل کرج),البرز,با آزمون,روزانه,مرد و زن,35,,,,,,59,اصلی,,,
30266,فیزیک,دانشگاه خوارزمی (محل تحصیل کرج),البرز,با آزمون,روزانه,مرد و زن,40,,,,,,59,اصلی,,,
30267,مهندسی برق,دانشگاه خوارزمی (محل تحصیل کرج),البرز,با آزمون,روزانه,مرد و زن,25,,,,,,59,اصلی,,,
30268,مهندسی صنایع و سیستم‌ها,دانشگاه خوارزمی (محل تحصیل کرج),البرز,با آزمون,روزانه,مرد و زن,30,,,,,,59,اصلی,,,
30269,مهندسی عمران,دانشگاه خوارزمی (محل تحصیل کرج),البرز,با آزمون,روزانه,مرد و زن,30,,,,,,59,اصلی,,,
30270,مهندسی کامپیوتر,دانشگاه خوارزمی (محل تحصیل کرج),البرز,با آزمون,روزانه,مرد و زن,25,,,,,,59,اصلی,,,
30271,مهندسی مکانیک,دانشگاه خوارزمی (محل تحصیل کرج),البرز,با آزمون,روزانه,مرد و زن,30,,,,,,59,اصلی,,,
35924,روانشناسی,دانشگاه خوارزمی (محل تحصیل کرج),البرز,با آزمون,روزانه,مرد و زن,3,,,,,,59,اصلی,,,
35925,شیمی کاربردی,دانشگاه خوارزمی (محل تحصیل کرج),البرز,با آزمون,روزانه,مرد و زن,,7,,,,,59,اصلی,,,
35926,شیمی محض,دانشگاه خوارزمی (محل تحصیل کرج),البرز,با آزمون,روزانه,مرد و زن,7,,,,,,59,اصلی,,,
35927,علم اطلاعات و دانش‌شناسی,دانشگاه خوارزمی (محل تحصیل کرج),البرز,با آزمون,روزانه,مرد و زن,3,,,,,,59,اصلی,,,
35928,علوم ورزشی,دانشگاه خوارزمی (محل تحصیل کرج),البرز,با آزمون,روزانه,زن,2,,,,,,59,اصلی,,,
35929,علوم ورزشی,دانشگاه خوارزمی (محل تحصیل کرج),البرز,با آزمون,روزانه,مرد,2,,,,,,59,اصلی,,,
35930,مددکاری اجتماعی,دانشگاه خوارزمی (محل تحصیل کرج),البرز,با آزمون,روزانه,مرد و زن,4,,,,,,59,اصلی,,,
30272,فیزیک,دانشگاه خوارزمی (محل تحصیل کرج),البرز,با آزمون,نوبت دوم,مرد و زن,30,,,,فاقد خوابگاه,,59,اصلی,,,
30273,مهندسی برق,دانشگاه خوارزمی (محل تحصیل کرج),البرز,با آزمون,نوبت دوم,مرد و زن,4,,,,فاقد خوابگاه,,60,اصلی,,,
30274,مهندسی صنایع و سیستم‌ها,دانشگاه خوارزمی (محل تحصیل کرج),البرز,با آزمون,نوبت دوم,مرد و زن,4,,,,فاقد خوابگاه,,60,اصلی,,,
30275,مهندسی عمران,دانشگاه خوارزمی (محل تحصیل کرج),البرز,با آزمون,نوبت دوم,مرد و زن,4,,,,فاقد خوابگاه,,60,اصلی,,,
30276,مهندسی کامپیوتر,دانشگاه خوارزمی (محل تحصیل کرج),البرز,با آزمون,نوبت دوم,مرد و زن,4,,,,فاقد خوابگاه,,60,اصلی,,,
30277,مهندسی مکانیک,دانشگاه خوارزمی (محل تحصیل کرج),البرز,با آزمون,نوبت دوم,مرد و زن,4,,,,فاقد خوابگاه,,60,اصلی,,,
35931,روانشناسی,دانشگاه خوارزمی (محل تحصیل کرج),البرز,با آزمون,نوبت دوم,مرد و زن,3,,,,فاقد خوابگاه,,60,اصلی,,,
35932,علم اطلاعات و دانش‌شناسی,دانشگاه خوارزمی (محل تحصیل کرج),البرز,با آزمون,نوبت دوم,مرد و زن,1,,,,فاقد خوابگاه,,60,اصلی,,,
35933,علوم ورزشی,دانشگاه خوارزمی (محل تحصیل کرج),البرز,با آزمون,نوبت دوم,زن,1,,,,فاقد خوابگاه,,60,اصلی,,,
35934,علوم ورزشی,دانشگاه خوارزمی (محل تحصیل کرج),البرز,با آزمون,نوبت دوم,مرد,1,,,,فاقد خوابگاه,,60,اصلی,,,
35935,مددکاری اجتماعی,دانشگاه خوارزمی (محل تحصیل کرج),البرز,با آزمون,نوبت دوم,مرد و زن,1,,,,فاقد خوابگاه,,60,اصلی,,,
11620,زمین‌شناسی,دانشگاه خوارزمی (محل تحصیل کرج),البرز,صرفا با سوابق تحصیلی,روزانه,مرد و زن,50,,,,,,60,اصلی,,,
11621,زیست‌شناسی گیاهی,دانشگاه خوارزمی (محل تحصیل کرج),البرز,صرفا با سوابق تحصیلی,روزانه,مرد و زن,30,,,,,,60,اصلی,,,
11622,زیست‌شناسی گیاهی,دانشگاه خوارزمی (محل تحصیل کرج),البرز,صرفا با سوابق تحصیلی,نوبت دوم,مرد و زن,5,,,,فاقد خوابگاه,,60,اصلی,,,
35937,حسابداری,دانشگاه ملی مهارت - آموزشکده دختران کرج,البرز,با آزمون,روزانه,زن,3,,,,,,60,اصلی,,,
35938,حسابداری,دانشگاه ملی مهارت - آموزشکده دختران کرج,البرز,با آزمون,روزانه,زن,,3,,,,,60,اصلی,,,
35939,حسابداری,دانشگاه ملی مهارت - آموزشکده دختران کرج,البرز,با آزمون,نوبت دوم,زن,1,,,,,,60,اصلی,,,
35940,حسابداری,دانشگاه ملی مهارت - آموزشکده دختران کرج,البرز,با آزمون,نوبت دوم,زن,,1,,,,,60,اصلی,,,
30278,ریاضیات و کاربردها,دانشگاه صنعتی خواجه نصیرالدین طوسی (محل تحصیل پردیس خودگردان پیام واقع در کرج),البرز,با آزمون,پردیس خودگردان,مرد و زن,5,,,,صرفاً برخی کلاس‌ها در شهر تهران برگزار می‌شود. - فاقد خوابگاه,,60,اصلی,,,
30279,علوم کامپیوتر,دانشگاه صنعتی خواجه نصیرالدین طوسی (محل تحصیل پردیس خودگردان پیام واقع در کرج),البرز,با آزمون,پردیس خودگردان,مرد و زن,15,,,,صرفاً برخی کلاس‌ها در شهر تهران برگزار می‌شود - فاقد خوابگاه,,60,اصلی,,,
30280,فیزیک,دانشگاه صنعتی خواجه نصیرالدین طوسی (محل تحصیل پردیس خودگردان پیام واقع در کرج),البرز,با آزمون,پردیس خودگردان,مرد و زن,7,,,,صرفاً برخی کلاس‌ها در شهر تهران برگزار می‌شود. - فاقد خوابگاه,,60,اصلی,,,
30281,مهندسی برق,دانشگاه صنعتی خواجه نصیرالدین طوسی (محل تحصیل پردیس خودگردان پیام واقع در کرج),البرز,با آزمون,پردیس خودگردان,مرد و زن,50,,,,صرفاً برخی کلاس‌ها در شهر تهران برگزار می‌شود. - فاقد خوابگاه,,60,اصلی,,,
30282,مهندسی صنایع و سیستم‌ها,دانشگاه صنعتی خواجه نصیرالدین طوسی (محل تحصیل پردیس خودگردان پیام واقع در کرج),البرز,با آزمون,پردیس خودگردان,مرد و زن,15,,,,صرفاً برخی کلاس‌ها در شهر تهران برگزار می‌شود. - فاقد خوابگاه,,60,اصلی,,,
30283,مهندسی عمران,دانشگاه صنعتی خواجه نصیرالدین طوسی (محل تحصیل پردیس خودگردان پیام واقع در کرج),البرز,با آزمون,پردیس خودگردان,مرد و زن,29,,,,صرفاً برخی کلاس‌ها در شهر تهران برگزار می‌شود. - فاقد خوابگاه,,60,اصلی,,,
30284,مهندسی کامپیوتر,دانشگاه صنعتی خواجه نصیرالدین طوسی (محل تحصیل پردیس خودگردان پیام واقع در کرج),البرز,با آزمون,پردیس خودگردان,مرد و زن,15,,,,صرفاً برخی کلاس‌ها در شهر تهران برگزار می‌شود. - فاقد خوابگاه,,60,اصلی,,,
30285,مهندسی مکانیک,دانشگاه صنعتی خواجه نصیرالدین طوسی (محل تحصیل پردیس خودگردان پیام واقع در کرج),البرز,با آزمون,پردیس خودگردان,مرد و زن,33,,,,صرفاً برخی کلاس‌ها در شهر تهران برگزار می‌شود. - فاقد خوابگاه,,60,اصلی,,,
30286,مهندسی نقشه‌برداری,دانشگاه صنعتی خواجه نصیرالدین طوسی (محل تحصیل پردیس خودگردان پیام واقع در کرج),البرز,با آزمون,پردیس خودگردان,مرد و زن,11,,,,صرفاً برخی کلاس‌ها در شهر تهران برگزار می‌شود. - فاقد خوابگاه,,60,اصلی,,,
30287,مهندسی و علم مواد,دانشگاه صنعتی خواجه نصیرالدین طوسی (محل تحصیل پردیس خودگردان پیام واقع در کرج),البرز,با آزمون,پردیس خودگردان,مرد و زن,12,,,,صرفاً برخی کلاس‌ها در شهر تهران برگزار می‌شود. - فاقد خوابگاه,,60,اصلی,,,
30288,مهندسی هوافضا,دانشگاه صنعتی خواجه نصیرالدین طوسی (محل تحصیل پردیس خودگردان پیام واقع در کرج),البرز,با آزمون,پردیس خودگردان,مرد و زن,17,,,,صرفاً برخی کلاس‌ها در شهر تهران برگزار می‌شود. - فاقد خوابگاه,,60,اصلی,,,
35936,شیمی کاربردی,دانشگاه صنعتی خواجه نصیرالدین طوسی (محل تحصیل پردیس خودگردان پیام واقع در کرج),البرز,با آزمون,پردیس خودگردان,مرد و زن,1,,,,صرفاً برخی کلاس‌ها در شهر تهران برگزار می‌شود. - فاقد خوابگاه,,60,اصلی,,,
30289,مهندسی معماری,دانشگاه هنر ایران (محل تحصیل کرج),البرز,با آزمون,پردیس خودگردان,مرد و زن,32,,,,فاقد خوابگاه,,61,اصلی,,,
30290,مهندسی برق,دانشگاه ایلام,ایلام,با آزمون,روزانه,مرد و زن,36,,,,,,61,اصلی,,,
30291,مهندسی شیمی,دانشگاه ایلام,ایلام,با آزمون,روزانه,مرد و زن,35,,,,,,61,اصلی,,,
30292,مهندسی عمران,دانشگاه ایلام,ایلام,با آزمون,روزانه,مرد و زن,35,,,,,,61,اصلی,,,
30293,مهندسی کامپیوتر,دانشگاه ایلام,ایلام,با آزمون,روزانه,مرد و زن,35,,,,,,61,اصلی,,,
30294,مهندسی معماری,دانشگاه ایلام,ایلام,با آزمون,روزانه,مرد و زن,36,,18,18,,,61,اصلی,,,
30295,مهندسی مکانیک,دانشگاه ایلام,ایلام,با آزمون,روزانه,مرد و زن,35,,,,,,61,اصلی,,,
30296,مهندسی نفت و زمین‌انرژی,دانشگاه ایلام,ایلام,با آزمون,روزانه,مرد و زن,35,,,,,,61,اصلی,,,
35941,اقتصاد,دانشگاه ایلام,ایلام,با آزمون,روزانه,مرد و زن,14,,,,,,61,اصلی,,,
35942,حسابداری,دانشگاه ایلام,ایلام,با آزمون,روزانه,مرد و زن,4,,,,,,61,اصلی,,,
35943,روانشناسی,دانشگاه ایلام,ایلام,با آزمون,روزانه,مرد و زن,4,,,,,,61,اصلی,,,
35944,علوم ورزشی,دانشگاه ایلام,ایلام,با آزمون,روزانه,مرد,3,,,,,,61,اصلی,,,
35945,علوم ورزشی,دانشگاه ایلام,ایلام,با آزمون,روزانه,زن,3,,,,,,61,اصلی,,,
35946,مددکاری اجتماعی,دانشگاه ایلام,ایلام,با آزمون,روزانه,مرد و زن,4,,,,,,61,اصلی,,,
35947,مدیریت بازرگانی,دانشگاه ایلام,ایلام,با آزمون,روزانه,مرد و زن,4,,,,,,61,اصلی,,,
11742,ریاضیات و کاربردها,دانشگاه ایلام,ایلام,صرفا با سوابق تحصیلی,روزانه,مرد و زن,35,,,,,,61,اصلی,,,
11743,علوم و مهندسی آب,دانشگاه ایلام,ایلام,صرفا با سوابق تحصیلی,روزانه,مرد و زن,20,,,,,,61,اصلی,,,
11744,فیزیک,دانشگاه ایلام,ایلام,صرفا با سوابق تحصیلی,روزانه,مرد و زن,35,,,,,,61,اصلی,,,
11745,مهندسی شهرسازی,دانشگاه ایلام,ایلام,صرفا با سوابق تحصیلی,روزانه,مرد و زن,20,,,,,,61,اصلی,,,
11746,مهندسی مکانیک بیوسیستم (این رشته متعلق به گروه کشاورزی است),دانشگاه ایلام,ایلام,صرفا با سوابق تحصیلی,روزانه,مرد و زن,15,,,,,,61,اصلی,,,
11747,بهداشت مواد غذایی,دانشگاه ایلام,ایلام,صرفا با سوابق تحصیلی,روزانه,مرد و زن,20,,,,,,61,اصلی,,,
11748,شیمی محض,دانشگاه ایلام,ایلام,صرفا با سوابق تحصیلی,روزانه,مرد و زن,35,,,,,,61,اصلی,,,
11749,علوم آزمایشگاهی دامپزشکی,دانشگاه ایلام,ایلام,صرفا با سوابق تحصیلی,روزانه,مرد و زن,25,,,,,,61,اصلی,,,
11750,علوم و مهندسی باغبانی,دانشگاه ایلام,ایلام,صرفا با سوابق تحصیلی,روزانه,مرد و زن,15,,,,,,61,اصلی,,,
11751,علوم و مهندسی جنگل,دانشگاه ایلام,ایلام,صرفا با سوابق تحصیلی,روزانه,مرد و زن,15,,,,,,61,اصلی,,,
11752,علوم و مهندسی صنایع غذایی(این رشته متعلق به گروه کشاورزی است),دانشگاه ایلام,ایلام,صرفا با سوابق تحصیلی,روزانه,مرد و زن,20,,,,,,61,اصلی,,,
11753,مهندسی تولید و ژنتیک گیاهی,دانشگاه ایلام,ایلام,صرفا با سوابق تحصیلی,روزانه,مرد و زن,15,,,,,,61,اصلی,,,
11754,مهندسی طبیعت,دانشگاه ایلام,ایلام,صرفا با سوابق تحصیلی,روزانه,مرد و زن,20,,,,,,61,اصلی,,,
11755,مهندسی علوم دامی,دانشگاه ایلام,ایلام,صرفا با سوابق تحصیلی,روزانه,مرد و زن,15,,,,,,61,اصلی,,,
11756,مهندسی فضای سبز,دانشگاه ایلام,ایلام,صرفا با سوابق تحصیلی,روزانه,مرد و زن,20,,,,,,61,اصلی,,,
11757,مهندسی گیاهپزشکی,دانشگاه ایلام,ایلام,صرفا با سوابق تحصیلی,روزانه,مرد و زن,20,,,,,,61,اصلی,,,
11758,کاردانی دامپزشکی,دانشگاه ایلام,ایلام,صرفا با سوابق تحصیلی,روزانه,مرد و زن,30,,,,,,61,اصلی,,,
11759,زبان و ادبیات کردی,دانشگاه ایلام,ایلام,صرفا با سوابق تحصیلی,روزانه,مرد و زن,25,,,,,,61,اصلی,,,
11760,علوم قرآن و حدیث,دانشگاه ایلام,ایلام,صرفا با سوابق تحصیلی,روزانه,مرد و زن,35,,,,,,61,اصلی,,,
11761,فلسفه و کلام اسلامی,دانشگاه ایلام,ایلام,صرفا با سوابق تحصیلی,روزانه,مرد و زن,30,,,,,,61,اصلی,,,
11825,طراحی لباس,دانشگاه ملی مهارت - آموزشکده دختران ایلام,ایلام,صرفا با سوابق تحصیلی,روزانه,زن,25,,,,,,61,اصلی,,,
11826,طراحی لباس,دانشگاه ملی مهارت - آموزشکده دختران ایلام,ایلام,صرفا با سوابق تحصیلی,روزانه,زن,,25,,,,,61,اصلی,,,
30297,مهندسی برق,دانشگاه خلیج فارس - بوشهر,بوشهر,با آزمون,روزانه,مرد و زن,45,,,,,,61,اصلی,,,
30298,مهندسی دریا,دانشگاه خلیج فارس - بوشهر,بوشهر,با آزمون,روزانه,مرد و زن,40,,,,دانشجویان این رشته در زمینه طراحی و ساخت کشتیها و سازه‌های دریایی آموزش میبینند.,,61,اصلی,,,
30299,مهندسی شهرسازی,دانشگاه خلیج فارس - بوشهر,بوشهر,با آزمون,روزانه,مرد و زن,30,,,,,,61,اصلی,,,
30300,مهندسی شیمی,دانشگاه خلیج فارس - بوشهر,بوشهر,با آزمون,روزانه,مرد و زن,40,,,,,,62,اصلی,,,
30301,مهندسی عمران,دانشگاه خلیج فارس - بوشهر,بوشهر,با آزمون,روزانه,مرد و زن,60,,,,,,62,اصلی,,,
30302,مهندسی کامپیوتر,دانشگاه خلیج فارس - بوشهر,بوشهر,با آزمون,روزانه,مرد و زن,40,,,,,,62,اصلی,,,
30303,مهندسی معماری,دانشگاه خلیج فارس - بوشهر,بوشهر,با آزمون,روزانه,مرد و زن,30,,,,,,62,اصلی,,,
30304,مهندسی مکانیک,دانشگاه خلیج فارس - بوشهر,بوشهر,با آزمون,روزانه,مرد و زن,60,,,,,,62,اصلی,,,
30305,مهندسی نفت و زمین‌انرژی,دانشگاه خلیج فارس - بوشهر,بوشهر,با آزمون,روزانه,مرد و زن,40,,,,,,62,اصلی,,,
35948,اقتصاد,دانشگاه خلیج فارس - بوشهر,بوشهر,با آزمون,روزانه,مرد و زن,16,,,,,,62,اصلی,,,
35949,حسابداری,دانشگاه خلیج فارس - بوشهر,بوشهر,با آزمون,روزانه,مرد و زن,5,,,,,,62,اصلی,,,
35950,روانشناسی,دانشگاه خلیج فارس - بوشهر,بوشهر,با آزمون,روزانه,مرد و زن,4,,,,,,62,اصلی,,,
35951,مدیریت بازرگانی,دانشگاه خلیج فارس - بوشهر,بوشهر,با آزمون,روزانه,مرد و زن,4,,,,,,62,اصلی,,,
35952,مدیریت صنعتی,دانشگاه خلیج فارس - بوشهر,بوشهر,با آزمون,روزانه,مرد و زن,4,,,,,,62,اصلی,,,
11842,آمار,دانشگاه خلیج فارس - بوشهر,بوشهر,صرفا با سوابق تحصیلی,روزانه,مرد و زن,50,,,,,,62,اصلی,,,
11843,ریاضیات و کاربردها,دانشگاه خلیج فارس - بوشهر,بوشهر,صرفا با سوابق تحصیلی,روزانه,مرد و زن,50,,,,,,62,اصلی,,,
11844,فیزیک,دانشگاه خلیج فارس - بوشهر,بوشهر,صرفا با سوابق تحصیلی,روزانه,مرد و زن,55,,,,,,62,اصلی,,,
11845,شیمی محض,دانشگاه خلیج فارس - بوشهر,بوشهر,صرفا با سوابق تحصیلی,روزانه,مرد و زن,55,,,,,,62,اصلی,,,
11846,علوم و مهندسی باغبانی,دانشگاه خلیج فارس - بوشهر,بوشهر,صرفا با سوابق تحصیلی,روزانه,مرد و زن,20,,,,,,62,اصلی,,,
11847,علوم و مهندسی شیلات,دانشگاه خلیج فارس - بوشهر,بوشهر,صرفا با سوابق تحصیلی,روزانه,مرد و زن,20,,,,,,62,اصلی,,,
11848,مهندسی تولید و ژنتیک گیاهی,دانشگاه خلیج فارس - بوشهر,بوشهر,صرفا با سوابق تحصیلی,روزانه,مرد و زن,20,,,,,,62,اصلی,,,
11849,مهندسی علوم دامی,دانشگاه خلیج فارس - بوشهر,بوشهر,صرفا با سوابق تحصیلی,روزانه,مرد و زن,20,,,,,,62,اصلی,,,
11850,مهندسی گیاهپزشکی,دانشگاه خلیج فارس - بوشهر,بوشهر,صرفا با سوابق تحصیلی,روزانه,مرد و زن,20,,,,,,62,اصلی,,,
11851,علم اطلاعات و دانش‌شناسی,دانشگاه خلیج فارس - بوشهر,بوشهر,صرفا با سوابق تحصیلی,روزانه,مرد و زن,35,,,,,,62,اصلی,,,
30306,مهندسی ایمنی و بازرسی فنی در صنایع نفت و گاز,دانشگاه خلیج فارس (محل تحصیل دانشکده فنی و مهندسی جم),بوشهر,با آزمون,روزانه,مرد و زن,20,,16,4,تعهد ارائه خوابگاه حداکثر تا 6 نیم‌سال - دارای خوابگاه ملکی,,62,اصلی,,,
30307,مهندسی صنایع و سیستم‌ها,دانشگاه خلیج فارس (محل تحصیل دانشکده فنی و مهندسی جم),بوشهر,با آزمون,روزانه,مرد و زن,20,,12,8,تعهد ارائه خوابگاه حداکثر تا 6 نیم‌سال - دارای خوابگاه ملکی,,62,اصلی,,,
30308,مهندسی کامپیوتر,دانشگاه خلیج فارس (محل تحصیل دانشکده فنی و مهندسی جم),بوشهر,با آزمون,روزانه,مرد و زن,20,,12,8,تعهد ارائه خوابگاه حداکثر تا 6 نیم‌سال - دارای خوابگاه ملکی,,62,اصلی,,,
30309,مهندسی حرفه‌ای کامپیوتر,دانشگاه ملی مهارت - آموزشکده دختران بوشهر,بوشهر,با آزمون,روزانه,زن,25,,,,,,62,اصلی,,,
30310,مهندسی حرفه‌ای کامپیوتر,دانشگاه ملی مهارت - آموزشکده دختران بوشهر,بوشهر,با آزمون,روزانه,زن,,25,,,,,62,اصلی,,,
11974,مهندسی حرفه‌ای کامپیوتر,دانشگاه ملی مهارت - آموزشکده دختران بوشهر,بوشهر,صرفا با سوابق تحصیلی,نوبت دوم,زن,5,,,,,,62,اصلی,,,
11975,مهندسی حرفه‌ای کامپیوتر,دانشگاه ملی مهارت - آموزشکده دختران بوشهر,بوشهر,صرفا با سوابق تحصیلی,نوبت دوم,زن,,5,,,,,62,اصلی,,,
35953,حسابداری,دانشگاه ملی مهارت - آموزشکده پسران بوشهر,بوشهر,با آزمون,روزانه,مرد,2,,,,,,62,اصلی,,,
35954,حسابداری,دانشگاه ملی مهارت - آموزشکده پسران بوشهر,بوشهر,با آزمون,روزانه,مرد,,2,,,,,62,اصلی,,,
35955,حسابداری,دانشگاه ملی مهارت - آموزشکده پسران بوشهر,بوشهر,با آزمون,نوبت دوم,مرد,1,,,,,,62,اصلی,,,
35956,حسابداری,دانشگاه ملی مهارت - آموزشکده پسران بوشهر,بوشهر,با آزمون,نوبت دوم,مرد,,1,,,,,62,اصلی,,,
36599,مهندسی دفاعی,دانشگاه افسری امام علی (ع) - تهران - وابسته به نیروی زمینی ارتش جمهوری اسلامی ایران,تهران,با آزمون,روزانه,مرد,,72,,,دارای مصاحبه - بورس و استخدام ارتش جمهوری اسلامی(آجا) - شرایط در دفترچه «پیوست‌ها» - در ۵ تخصص: استحکامات و عمران، الکترونیک، مخابرات و جنگال، مکانیک، الکترونیک و مهمات,,62,اصلی,,,
36600,مهندسی نگهداری و تعمیر بالگرد,دانشگاه افسری امام علی (ع) - تهران - وابسته به نیروی زمینی ارتش جمهوری اسلامی ایران,تهران,با آزمون,روزانه,مرد,,15,,,دارای مصاحبه - بورس و استخدام ارتش جمهوری اسلامی(آجا) - شرایط در دفترچه «پیوست‌ها»,,63,اصلی,,,
36601,خلبانی بالگرد,دانشگاه افسری امام علی (ع) - تهران - وابسته به نیروی زمینی ارتش جمهوری اسلامی ایران,تهران,با آزمون,روزانه,مرد,,12,,,دارای مصاحبه - بورس و استخدام ارتش جمهوری اسلامی(آجا) - شرایط در دفترچه «پیوست‌ها»,,63,اصلی,,,
36602,مهندسی عمران,دانشگاه افسری امام علی (ع) - تهران - وابسته به نیروی زمینی ارتش جمهوری اسلامی ایران,تهران,با آزمون,روزانه,مرد,,9,,,دارای مصاحبه - بورس و استخدام ارتش جمهوری اسلامی(آجا) - شرایط در دفترچه «پیوست‌ها»,,63,اصلی,,,
36603,ریاضی,دانشگاه افسری امام علی (ع) - تهران - وابسته به نیروی زمینی ارتش جمهوری اسلامی ایران,تهران,با آزمون,روزانه,مرد,,6,,,دارای مصاحبه - بورس و استخدام ارتش جمهوری اسلامی(آجا) - شرایط در دفترچه «پیوست‌ها»,,63,اصلی,,,
36604,فیزیک,دانشگاه افسری امام علی (ع) - تهران - وابسته به نیروی زمینی ارتش جمهوری اسلامی ایران,تهران,با آزمون,روزانه,مرد,,6,,,دارای مصاحبه - بورس و استخدام ارتش جمهوری اسلامی(آجا) - شرایط در دفترچه «پیوست‌ها»,,63,اصلی,,,
36605,مهندسی فرماندهی و کنترل,دانشگاه افسری خاتم الانبیاء (ص) - تهران - وابسته به نیروی پدافند هوایی ارتش جمهوری اسلامی ایران,تهران,با آزمون,روزانه,مرد,,30,,,دارای مصاحبه - بورس و استخدام ارتش جمهوری اسلامی(آجا) - شرایط در دفترچه «پیوست‌ها» - در 3 زمینه: اطلاعات عملیات، کنترل شکاری، عملیات موشک,,63,اصلی,,,
36606,مهندسی برق,دانشگاه افسری خاتم الانبیاء (ص) - تهران - وابسته به نیروی پدافند هوایی ارتش جمهوری اسلامی ایران,تهران,با آزمون,روزانه,مرد,,18,,,دارای مصاحبه - بورس و استخدام ارتش جمهوری اسلامی(آجا) - شرایط در دفترچه «پیوست‌ها» - در 2 زمینه: الکترونیک، مخابرات,,63,اصلی,,,
36607,مهندسی مکانیک,دانشگاه افسری خاتم الانبیاء (ص) - تهران - وابسته به نیروی پدافند هوایی ارتش جمهوری اسلامی ایران,تهران,با آزمون,روزانه,مرد,,18,,,دارای مصاحبه - بورس و استخدام ارتش جمهوری اسلامی(آجا) - شرایط در دفترچه «پیوست‌ها» - زمینه تعمیر و نگهداری سامانههای پدافندی,,63,اصلی,,,
36608,مهندسی نگهداری و تعمیر هواپیما (پهپاد-هواپیما),دانشگاه افسری شهید ستاری - تهران - وابسته به نیروی هوایی ارتش جمهوری اسلامی ایران,تهران,با آزمون,روزانه,مرد,,24,,,دارای مصاحبه - بورس و استخدام ارتش جمهوری اسلامی(آجا) - شرایط در دفترچه «پیوست‌ها»,,63,اصلی,,,
36609,مهندسی هوافضا,دانشگاه افسری شهید ستاری - تهران - وابسته به نیروی هوایی ارتش جمهوری اسلامی ایران,تهران,با آزمون,روزانه,مرد,,18,,,دارای مصاحبه - بورس و استخدام ارتش جمهوری اسلامی(آجا) - شرایط در دفترچه «پیوست‌ها»,,63,اصلی,,,
36610,مهندسی برق,دانشگاه افسری شهید ستاری - تهران - وابسته به نیروی هوایی ارتش جمهوری اسلامی ایران,تهران,با آزمون,روزانه,مرد,,30,,,دارای مصاحبه - بورس و استخدام ارتش جمهوری اسلامی(آجا) - شرایط در دفترچه «پیوست‌ها» - در 3 زمینه: الکترونیک، مخابرات، جنگ الکترونیک,,63,اصلی,,,
36611,مهندسی رایانه (نرم افزار),دانشگاه افسری شهید ستاری - تهران - وابسته به نیروی هوایی ارتش جمهوری اسلامی ایران,تهران,با آزمون,روزانه,مرد,,24,,,دارای مصاحبه - بورس و استخدام ارتش جمهوری اسلامی(آجا) - شرایط در دفترچه «پیوست‌ها»,,63,اصلی,,,
36612,خلبانی پهپاد,دانشگاه افسری شهید ستاری - تهران - وابسته به نیروی هوایی ارتش جمهوری اسلامی ایران,تهران,با آزمون,روزانه,مرد,,90,,,دارای مصاحبه - بورس و استخدام ارتش جمهوری اسلامی(آجا) - شرایط در دفترچه «پیوست‌ها»,,64,اصلی,,,
36613,هوانوردی خلبانی,دانشگاه افسری شهید ستاری - تهران - وابسته به نیروی هوایی ارتش جمهوری اسلامی ایران,تهران,با آزمون,روزانه,مرد,,24,,,دارای مصاحبه - بورس و استخدام ارتش جمهوری اسلامی(آجا) - شرایط در دفترچه «پیوست‌ها»,,64,اصلی,,,
36614,مهندسی سایبری,دانشگاه افسری شهید ستاری - تهران - وابسته به نیروی هوایی ارتش جمهوری اسلامی ایران,تهران,با آزمون,روزانه,مرد,,54,,,دارای مصاحبه - بورس و استخدام ارتش جمهوری اسلامی(آجا) - شرایط در دفترچه «پیوست‌ها» - در 3 زمینه: دفاع سایبری، امنیت سایبری، عملیات سایبری,,64,اصلی,,,
36618,مهندسی برق,دانشکده علوم و فنون فارابی - تهران - وابسته به ارتش جمهوری اسلامی ایران,تهران,با آزمون,روزانه,مرد,,12,,,دارای مصاحبه - بورس و استخدام ارتش جمهوری اسلامی(آجا) - شرایط در دفترچه «پیوست‌ها» - زمینه: جنگ الکترونیک,,64,اصلی,,,
36619,مهندسی سایبری,دانشکده علوم و فنون فارابی - تهران - وابسته به ارتش جمهوری اسلامی ایران,تهران,با آزمون,روزانه,مرد,,9,,,دارای مصاحبه - بورس و استخدام ارتش جمهوری اسلامی(آجا) - شرایط در دفترچه «پیوست‌ها» - زمینه: کنترل سایبری,,64,اصلی,,,
36620,علوم کاربردی اطلاعات,دانشکده علوم و فنون فارابی - تهران - وابسته به ارتش جمهوری اسلامی ایران,تهران,با آزمون,روزانه,مرد,,12,,,دارای مصاحبه - بورس و استخدام ارتش جمهوری اسلامی(آجا) - شرایط در دفترچه «پیوست‌ها» - زمینه: حفاظت اطلاعات,,64,اصلی,,,
36615,مهندسی کشتی,دانشگاه افسری علوم دریایی امام خمینی (ره) - نوشهر - وابسته به نیروی دریایی ارتش جمهوری,مازندران,با آزمون,روزانه,مرد,,12,,,دارای مصاحبه - بورس و استخدام ارتش جمهوری اسلامی(آجا) - شرایط در دفترچه «پیوست‌ها»,,64,اصلی,,,
36616,مهندسی ناوبری و فرماندهی کشتی,دانشگاه افسری علوم دریایی امام خمینی (ره) - نوشهر - وابسته به نیروی دریایی ارتش جمهوری,مازندران,با آزمون,روزانه,مرد,,12,,,دارای مصاحبه - بورس و استخدام ارتش جمهوری اسلامی(آجا) - شرایط در دفترچه «پیوست‌ها»,,64,اصلی,,,
36617,مهندسی برق الکترونیک و مخابرات دریایی,دانشگاه افسری علوم دریایی امام خمینی (ره) - نوشهر - وابسته به نیروی دریایی ارتش جمهوری,مازندران,با آزمون,روزانه,مرد,,12,,,دارای مصاحبه - بورس و استخدام ارتش جمهوری اسلامی(آجا) - شرایط در دفترچه «پیوست‌ها»,,64,اصلی,,,
30311,آمار,دانشگاه الزهرا (س) (ویژه خواهران) - تهران,تهران,با آزمون,روزانه,زن,26,,,,,,64,اصلی,,,
30312,ریاضیات و کاربردها,دانشگاه الزهرا (س) (ویژه خواهران) - تهران,تهران,با آزمون,روزانه,زن,32,,,,,,64,اصلی,,,
30313,علوم کامپیوتر,دانشگاه الزهرا (س) (ویژه خواهران) - تهران,تهران,با آزمون,روزانه,زن,20,,,,,,64,اصلی,,,
30314,فیزیک,دانشگاه الزهرا (س) (ویژه خواهران) - تهران,تهران,با آزمون,روزانه,زن,34,,,,,,64,اصلی,,,
30315,فیزیک مهندسی,دانشگاه الزهرا (س) (ویژه خواهران) - تهران,تهران,با آزمون,روزانه,زن,,30,,,,,64,اصلی,,,
30316,مهندسی برق,دانشگاه الزهرا (س) (ویژه خواهران) - تهران,تهران,با آزمون,روزانه,زن,19,,,,,,65,اصلی,,,
30317,مهندسی صنایع و سیستم‌ها,دانشگاه الزهرا (س) (ویژه خواهران) - تهران,تهران,با آزمون,روزانه,زن,26,,,,,,65,اصلی,,,
30318,مهندسی عمران,دانشگاه الزهرا (س) (ویژه خواهران) - تهران,تهران,با آزمون,روزانه,زن,20,,,,,,65,اصلی,,,
30319,مهندسی کامپیوتر,دانشگاه الزهرا (س) (ویژه خواهران) - تهران,تهران,با آزمون,روزانه,زن,25,,,,,,65,اصلی,,,
30320,مهندسی مکانیک,دانشگاه الزهرا (س) (ویژه خواهران) - تهران,تهران,با آزمون,روزانه,زن,26,,,,,,65,اصلی,,,
35967,اقتصاد,دانشگاه الزهرا (س) (ویژه خواهران) - تهران,تهران,با آزمون,روزانه,زن,15,,,,,,65,اصلی,,,
35968,حسابداری,دانشگاه الزهرا (س) (ویژه خواهران) - تهران,تهران,با آزمون,روزانه,زن,2,,,,,,65,اصلی,,,
35969,روانشناسی,دانشگاه الزهرا (س) (ویژه خواهران) - تهران,تهران,با آزمون,روزانه,زن,2,,,,,,65,اصلی,,,
35970,شیمی محض,دانشگاه الزهرا (س) (ویژه خواهران) - تهران,تهران,با آزمون,روزانه,زن,6,,,,,,65,اصلی,,,
35971,علم اطلاعات و دانش‌شناسی,دانشگاه الزهرا (س) (ویژه خواهران) - تهران,تهران,با آزمون,روزانه,زن,2,,,,,,65,اصلی,,,
35972,علوم ورزشی,دانشگاه الزهرا (س) (ویژه خواهران) - تهران,تهران,با آزمون,روزانه,زن,3,,,,,,65,اصلی,,,
35973,مدیریت بازرگانی,دانشگاه الزهرا (س) (ویژه خواهران) - تهران,تهران,با آزمون,روزانه,زن,2,,,,,,65,اصلی,,,
35974,مدیریت مالی,دانشگاه الزهرا (س) (ویژه خواهران) - تهران,تهران,با آزمون,روزانه,زن,2,,,,,,65,اصلی,,,
35975,اقتصاد,دانشگاه الزهرا (س) (ویژه خواهران) - تهران,تهران,با آزمون,نوبت دوم,زن,1,,,,فاقد خوابگاه,,65,اصلی,,,
30321,آمار,دانشگاه الزهرا (س) (ویژه خواهران) - تهران,تهران,با آزمون,نوبت دوم,زن,7,,,,فاقد خوابگاه,,65,اصلی,,,
30322,ریاضیات و کاربردها,دانشگاه الزهرا (س) (ویژه خواهران) - تهران,تهران,با آزمون,نوبت دوم,زن,5,,,,فاقد خوابگاه,,65,اصلی,,,
30323,علوم کامپیوتر,دانشگاه الزهرا (س) (ویژه خواهران) - تهران,تهران,با آزمون,نوبت دوم,زن,7,,,,فاقد خوابگاه,,65,اصلی,,,
30324,فیزیک,دانشگاه الزهرا (س) (ویژه خواهران) - تهران,تهران,با آزمون,نوبت دوم,زن,10,,,,فاقد خوابگاه,,65,اصلی,,,
30325,فیزیک مهندسی,دانشگاه الزهرا (س) (ویژه خواهران) - تهران,تهران,با آزمون,نوبت دوم,زن,,10,,,فاقد خوابگاه,,65,اصلی,,,
30326,مهندسی برق,دانشگاه الزهرا (س) (ویژه خواهران) - تهران,تهران,با آزمون,نوبت دوم,زن,9,,,,فاقد خوابگاه,,65,اصلی,,,
30327,مهندسی صنایع و سیستم‌ها,دانشگاه الزهرا (س) (ویژه خواهران) - تهران,تهران,با آزمون,نوبت دوم,زن,14,,,,فاقد خوابگاه,,65,اصلی,,,
30328,مهندسی عمران,دانشگاه الزهرا (س) (ویژه خواهران) - تهران,تهران,با آزمون,نوبت دوم,زن,10,,,,فاقد خوابگاه,,65,اصلی,,,
30329,مهندسی کامپیوتر,دانشگاه الزهرا (س) (ویژه خواهران) - تهران,تهران,با آزمون,نوبت دوم,زن,5,,,,فاقد خوابگاه,,65,اصلی,,,
30330,مهندسی مکانیک,دانشگاه الزهرا (س) (ویژه خواهران) - تهران,تهران,با آزمون,نوبت دوم,زن,9,,,,فاقد خوابگاه,,65,اصلی,,,
35976,حسابداری,دانشگاه الزهرا (س) (ویژه خواهران) - تهران,تهران,با آزمون,نوبت دوم,زن,1,,,,فاقد خوابگاه,,65,اصلی,,,
35977,روانشناسی,دانشگاه الزهرا (س) (ویژه خواهران) - تهران,تهران,با آزمون,نوبت دوم,زن,1,,,,فاقد خوابگاه,,65,اصلی,,,
35978,شیمی کاربردی,دانشگاه الزهرا (س) (ویژه خواهران) - تهران,تهران,با آزمون,نوبت دوم,زن,,10,,,فاقد خوابگاه,,65,اصلی,,,
35979,شیمی محض,دانشگاه الزهرا (س) (ویژه خواهران) - تهران,تهران,با آزمون,نوبت دوم,زن,3,,,,فاقد خوابگاه,,65,اصلی,,,
35980,علم اطلاعات و دانش‌شناسی,دانشگاه الزهرا (س) (ویژه خواهران) - تهران,تهران,با آزمون,نوبت دوم,زن,1,,,,فاقد خوابگاه,,65,اصلی,,,
35981,علوم ورزشی,دانشگاه الزهرا (س) (ویژه خواهران) - تهران,تهران,با آزمون,نوبت دوم,زن,1,,,,فاقد خوابگاه,,65,اصلی,,,
35982,مدیریت بازرگانی,دانشگاه الزهرا (س) (ویژه خواهران) - تهران,تهران,با آزمون,نوبت دوم,زن,1,,,,فاقد خوابگاه,,65,اصلی,,,
35983,مدیریت مالی,دانشگاه الزهرا (س) (ویژه خواهران) - تهران,تهران,با آزمون,نوبت دوم,زن,1,,,,فاقد خوابگاه,,65,اصلی,,,
12008,زیست‌شناسی گیاهی,دانشگاه الزهرا (س) (ویژه خواهران) - تهران,تهران,صرفا با سوابق تحصیلی,روزانه,زن,30,,,,,,65,اصلی,,,
12010,کتاب‌آرایی,دانشگاه الزهرا (س) (ویژه خواهران) - تهران,تهران,صرفا با سوابق تحصیلی,روزانه,زن,13,,,,,,65,اصلی,,,
12009,زیست‌شناسی گیاهی,دانشگاه الزهرا (س) (ویژه خواهران) - تهران,تهران,صرفا با سوابق تحصیلی,نوبت دوم,زن,5,,,,فاقد خوابگاه,,65,اصلی,,,
12011,کتاب‌آرایی,دانشگاه الزهرا (س) (ویژه خواهران) - تهران,تهران,صرفا با سوابق تحصیلی,نوبت دوم,زن,4,,,,فاقد خوابگاه,,65,اصلی,,,
30331,آمار,دانشگاه تهران,تهران,با آزمون,روزانه,مرد و زن,25,,,,,,65,اصلی,,,
30332,ریاضیات و کاربردها,دانشگاه تهران,تهران,با آزمون,روزانه,مرد و زن,40,,,,,,65,اصلی,,,
30333,علوم کامپیوتر,دانشگاه تهران,تهران,با آزمون,روزانه,مرد و زن,30,,,,,,65,اصلی,,,
30334,علوم مهندسی,دانشگاه تهران,تهران,با آزمون,روزانه,مرد و زن,30,,,,,,65,اصلی,,,
30335,فیزیک,دانشگاه تهران,تهران,با آزمون,روزانه,مرد و زن,35,,,,,,65,اصلی,,,
30336,فیزیک مهندسی,دانشگاه تهران,تهران,با آزمون,روزانه,مرد و زن,15,,,,,,65,اصلی,,,
30337,مهندسی برق,دانشگاه تهران,تهران,با آزمون,روزانه,مرد و زن,110,,,,,,65,اصلی,,,
30338,مهندسی پلیمر,دانشگاه تهران,تهران,با آزمون,روزانه,مرد و زن,25,,,,,,65,اصلی,,,
30339,مهندسی شهرسازی,دانشگاه تهران,تهران,با آزمون,روزانه,مرد و زن,28,,,,,,65,اصلی,,,
30340,مهندسی شیمی,دانشگاه تهران,تهران,با آزمون,روزانه,مرد و زن,80,,,,,,65,اصلی,,,
30341,مهندسی صنایع و سیستم‌ها,دانشگاه تهران,تهران,با آزمون,روزانه,مرد و زن,30,,,,,,65,اصلی,,,
30342,مهندسی عمران,دانشگاه تهران,تهران,با آزمون,روزانه,مرد و زن,80,,,,,,66,اصلی,,,
30343,مهندسی کامپیوتر,دانشگاه تهران,تهران,با آزمون,روزانه,مرد و زن,80,,,,,,66,اصلی,,,
30344,مهندسی معدن,دانشگاه تهران,تهران,با آزمون,روزانه,مرد و زن,70,,,,,,66,اصلی,,,
30345,مهندسی معماری,دانشگاه تهران,تهران,با آزمون,روزانه,مرد و زن,50,,,,,,66,اصلی,,,
30346,مهندسی مکانیک,دانشگاه تهران,تهران,با آزمون,روزانه,مرد و زن,120,,,,,,66,اصلی,,,
30347,مهندسی نفت و زمین‌انرژی,دانشگاه تهران,تهران,با آزمون,روزانه,مرد و زن,20,,,,,,66,اصلی,,,
30348,مهندسی نقشه‌برداری,دانشگاه تهران,تهران,با آزمون,روزانه,مرد و زن,45,,,,,,66,اصلی,,,
30349,مهندسی و علم مواد,دانشگاه تهران,تهران,با آزمون,روزانه,مرد و زن,50,,,,,,66,اصلی,,,
35984,دکتری پیوسته بیوتکنولوژی,دانشگاه تهران,تهران,با آزمون,روزانه,مرد و زن,3,,,,دارای مصاحبه (حداکثر رتبه کشوری مجاز: ۵00) - شرایط در دفترچه «پیوست‌ها» (اسامی چند برابر ظرفیت متقاضیان این رشته پس از اتمام مرحله انتخاب رشته استخراج و برای انجام مصاحبه و سایر مراحل گزینش از طریق درگاه اطلاعرسانی این سازمان اعلام خواهد شد).,,66,اصلی,,,
35985,اقتصاد,دانشگاه تهران,تهران,با آزمون,روزانه,مرد و زن,28,,,,,,66,اصلی,,,
35986,حسابداری,دانشگاه تهران,تهران,با آزمون,روزانه,مرد و زن,2,,,,,,66,اصلی,,,
35987,روانشناسی,دانشگاه تهران,تهران,با آزمون,روزانه,مرد و زن,2,,,,,,66,اصلی,,,
35988,شیمی کاربردی,دانشگاه تهران,تهران,با آزمون,روزانه,مرد و زن,4,,,,,,66,اصلی,,,
35989,شیمی محض,دانشگاه تهران,تهران,با آزمون,روزانه,مرد و زن,4,,,,,,66,اصلی,,,
35990,علوم ورزشی,دانشگاه تهران,تهران,با آزمون,روزانه,زن,2,,,,,,66,اصلی,,,
35991,علوم ورزشی,دانشگاه تهران,تهران,با آزمون,روزانه,مرد,2,,,,,,66,اصلی,,,
35992,مدیریت بازرگانی,دانشگاه تهران,تهران,با آزمون,روزانه,مرد و زن,6,,,,,,66,اصلی,,,
35993,مدیریت دولتی,دانشگاه تهران,تهران,با آزمون,روزانه,مرد و زن,2,,,,,,66,اصلی,,,
35994,مدیریت صنعتی,دانشگاه تهران,تهران,با آزمون,روزانه,مرد و زن,2,,,,,,66,اصلی,,,
35995,مدیریت مالی,دانشگاه تهران,تهران,با آزمون,روزانه,مرد و زن,2,,,,,,66,اصلی,,,
35996,فقه شافعی,دانشگاه تهران,تهران,با آزمون,روزانه,مرد و زن,3,,,,شرایط در دفترچه «پیوست‌ها» - مختص اهل سنت - محل تحصیل دانشکده الهیات و معارف اسلامی,,66,اصلی,,,
35997,گردشگری,دانشگاه تهران,تهران,با آزمون,روزانه,مرد و زن,2,,,,محل تحصیل دانشکدگان مدیریت,,66,اصلی,,,
35998,هتلداری,دانشگاه تهران,تهران,با آزمون,روزانه,مرد و زن,2,,,,محل تحصیل دانشکدگان مدیریت,,66,اصلی,,,
12016,زبان و ادبیات اردو,دانشگاه تهران,تهران,صرفا با سوابق تحصیلی,روزانه,مرد و زن,20,,,,محل تحصیل دانشکده زبانها و ادبیات خارجی,,66,اصلی,,,
30350,علوم و مهندسی آب,دانشگاه تهران (محل تحصیل دانشکدگان کشاورزی و منابع طبیعی - دانشکده فناوری کشاورزی واقع در پاکدشت),تهران,با آزمون,روزانه,مرد و زن,25,,,,,,66,اصلی,,,
30351,مهندسی ماشین‌های صنایع غذایی,دانشگاه تهران (محل تحصیل دانشکدگان کشاورزی و منابع طبیعی - دانشکده فناوری کشاورزی واقع در پاکدشت),تهران,با آزمون,روزانه,مرد و زن,20,,,,,,66,اصلی,,,
30352,مهندسی مکانیک بیوسیستم (این رشته متعلق به گروه کشاورزی است),دانشگاه تهران (محل تحصیل دانشکدگان کشاورزی و منابع طبیعی - دانشکده فناوری کشاورزی واقع در پاکدشت),تهران,با آزمون,روزانه,مرد و زن,20,,,,,,66,اصلی,,,
12012,علوم و مهندسی باغبانی,دانشگاه تهران (محل تحصیل دانشکدگان کشاورزی و منابع طبیعی - دانشکده فناوری کشاورزی واقع در پاکدشت),تهران,صرفا با سوابق تحصیلی,روزانه,مرد و زن,20,,,,,,66,اصلی,,,
12013,مهندسی تولید و ژنتیک گیاهی,دانشگاه تهران (محل تحصیل دانشکدگان کشاورزی و منابع طبیعی - دانشکده فناوری کشاورزی واقع در پاکدشت),تهران,صرفا با سوابق تحصیلی,روزانه,مرد و زن,20,,,,,,66,اصلی,,,
12014,مهندسی علوم دامی,دانشگاه تهران (محل تحصیل دانشکدگان کشاورزی و منابع طبیعی - دانشکده فناوری کشاورزی واقع در پاکدشت),تهران,صرفا با سوابق تحصیلی,روزانه,مرد و زن,20,,,,,,66,اصلی,,,
12015,مهندسی گیاهپزشکی,دانشگاه تهران (محل تحصیل دانشکدگان کشاورزی و منابع طبیعی - دانشکده فناوری کشاورزی واقع در پاکدشت),تهران,صرفا با سوابق تحصیلی,روزانه,مرد و زن,20,,,,,,66,اصلی,,,
30353,بیم‌سنجی,دانشگاه خوارزمی (محل تحصیل تهران),تهران,با آزمون,روزانه,مرد و زن,30,,,,محدودیت در ارائه خوابگاه,,66,اصلی,,,
30354,چند رسانه‌ای,دانشگاه خوارزمی (محل تحصیل تهران),تهران,با آزمون,روزانه,مرد و زن,20,,,,محدودیت در ارائه خوابگاه,,66,اصلی,,,
30355,مهندسی شهرسازی,دانشگاه خوارزمی (محل تحصیل تهران),تهران,با آزمون,روزانه,مرد و زن,21,,,,محدودیت در ارائه خوابگاه,,67,اصلی,,,
30356,مهندسی معماری,دانشگاه خوارزمی (محل تحصیل تهران),تهران,با آزمون,روزانه,مرد و زن,20,,,,محدودیت در ارائه خوابگاه,,67,اصلی,,,
36004,اقتصاد,دانشگاه خوارزمی (محل تحصیل تهران),تهران,با آزمون,روزانه,مرد و زن,28,,,,محدودیت در ارائه خوابگاه,,67,اصلی,,,
36005,حسابداری,دانشگاه خوارزمی (محل تحصیل تهران),تهران,با آزمون,روزانه,مرد و زن,3,,,,محدودیت در ارائه خوابگاه,,67,اصلی,,,
36006,مدیریت مالی,دانشگاه خوارزمی (محل تحصیل تهران),تهران,با آزمون,روزانه,مرد و زن,3,,,,محدودیت در ارائه خوابگاه,,67,اصلی,,,
30357,بیم‌سنجی,دانشگاه خوارزمی (محل تحصیل تهران),تهران,با آزمون,نوبت دوم,مرد و زن,6,,,,فاقد خوابگاه,,67,اصلی,,,
30358,چند رسانه‌ای,دانشگاه خوارزمی (محل تحصیل تهران),تهران,با آزمون,نوبت دوم,مرد و زن,5,,,,فاقد خوابگاه,,67,اصلی,,,
30359,مهندسی شهرسازی,دانشگاه خوارزمی (محل تحصیل تهران),تهران,با آزمون,نوبت دوم,مرد و زن,5,,,,فاقد خوابگاه,,67,اصلی,,,
30360,مهندسی معماری,دانشگاه خوارزمی (محل تحصیل تهران),تهران,با آزمون,نوبت دوم,مرد و زن,5,,,,فاقد خوابگاه,,67,اصلی,,,
36007,حسابداری,دانشگاه خوارزمی (محل تحصیل تهران),تهران,با آزمون,نوبت دوم,مرد و زن,1,,,,فاقد خوابگاه,,67,اصلی,,,
36008,مدیریت مالی,دانشگاه خوارزمی (محل تحصیل تهران),تهران,با آزمون,نوبت دوم,مرد و زن,1,,,,فاقد خوابگاه,,67,اصلی,,,
30361,ریاضیات و کاربردها,دانشگاه شاهد - تهران,تهران,با آزمون,روزانه,مرد و زن,50,,,,دارای مصاحبه - شرایط در دفترچه «پیوست‌ها» - فاقد خوابگاه متأهلی,,67,اصلی,,,
30362,علوم کامپیوتر,دانشگاه شاهد - تهران,تهران,با آزمون,روزانه,مرد و زن,55,,,,دارای مصاحبه - شرایط در دفترچه «پیوست‌ها» - فاقد خوابگاه متأهلی,,67,اصلی,,,
30363,فیزیک,دانشگاه شاهد - تهران,تهران,با آزمون,روزانه,مرد و زن,60,,,,دارای مصاحبه - شرایط در دفترچه «پیوست‌ها» - فاقد خوابگاه متأهلی,,67,اصلی,,,
30364,مهندسی برق,دانشگاه شاهد - تهران,تهران,با آزمون,روزانه,مرد و زن,110,,,,دارای مصاحبه - شرایط در دفترچه «پیوست‌ها» - فاقد خوابگاه متأهلی,,67,اصلی,,,
30365,مهندسی پزشکی,دانشگاه شاهد - تهران,تهران,با آزمون,روزانه,مرد و زن,35,,,,دارای مصاحبه - شرایط در دفترچه «پیوست‌ها» - فاقد خوابگاه متأهلی,,67,اصلی,,,
30366,مهندسی عمران,دانشگاه شاهد - تهران,تهران,با آزمون,روزانه,مرد و زن,40,,,,دارای مصاحبه - شرایط در دفترچه «پیوست‌ها» - فاقد خوابگاه متأهلی,,67,اصلی,,,
30367,مهندسی کامپیوتر,دانشگاه شاهد - تهران,تهران,با آزمون,روزانه,مرد و زن,50,,,,دارای مصاحبه - شرایط در دفترچه «پیوست‌ها» - فاقد خوابگاه متأهلی,,67,اصلی,,,
36009,روانشناسی,دانشگاه شاهد - تهران,تهران,با آزمون,روزانه,مرد و زن,4,,,,دارای مصاحبه - شرایط در دفترچه «پیوست‌ها» - فاقد خوابگاه متأهلی,,67,اصلی,,,
36010,علم اطلاعات و دانش‌شناسی,دانشگاه شاهد - تهران,تهران,با آزمون,روزانه,مرد و زن,3,,,,دارای مصاحبه - شرایط در دفترچه «پیوست‌ها» - فاقد خوابگاه متأهلی,,67,اصلی,,,
36011,مددکاری اجتماعی,دانشگاه شاهد - تهران,تهران,با آزمون,روزانه,مرد و زن,4,,,,دارای مصاحبه - شرایط در دفترچه «پیوست‌ها» - فاقد خوابگاه متأهلی,,67,اصلی,,,
36012,مدیریت بازرگانی,دانشگاه شاهد - تهران,تهران,با آزمون,روزانه,مرد و زن,3,,,,دارای مصاحبه - شرایط در دفترچه «پیوست‌ها» - فاقد خوابگاه متأهلی,,67,اصلی,,,
36013,مدیریت دولتی,دانشگاه شاهد - تهران,تهران,با آزمون,روزانه,مرد و زن,3,,,,دارای مصاحبه - شرایط در دفترچه «پیوست‌ها» - فاقد خوابگاه متأهلی,,67,اصلی,,,
36014,مدیریت صنعتی,دانشگاه شاهد - تهران,تهران,با آزمون,روزانه,مرد و زن,3,,,,دارای مصاحبه - شرایط در دفترچه «پیوست‌ها» - فاقد خوابگاه متأهلی,,67,اصلی,,,
30368,ریاضیات و کاربردها,دانشگاه شاهد - تهران,تهران,با آزمون,نوبت دوم,مرد و زن,20,,,,دارای مصاحبه - شرایط در دفترچه «پیوست‌ها» - فاقد خوابگاه متأهلی,,67,اصلی,,,
30369,علوم کامپیوتر,دانشگاه شاهد - تهران,تهران,با آزمون,نوبت دوم,مرد و زن,20,,,,دارای مصاحبه - شرایط در دفترچه «پیوست‌ها» - فاقد خوابگاه متأهلی,,67,اصلی,,,
30370,فیزیک,دانشگاه شاهد - تهران,تهران,با آزمون,نوبت دوم,مرد و زن,10,,,,دارای مصاحبه - شرایط در دفترچه «پیوست‌ها» - فاقد خوابگاه متأهلی,,67,اصلی,,,
30371,مهندسی برق,دانشگاه شاهد - تهران,تهران,با آزمون,نوبت دوم,مرد و زن,20,,,,دارای مصاحبه - شرایط در دفترچه «پیوست‌ها» - فاقد خوابگاه متأهلی,,67,اصلی,,,
30372,مهندسی پزشکی,دانشگاه شاهد - تهران,تهران,با آزمون,نوبت دوم,مرد و زن,10,,,,دارای مصاحبه - شرایط در دفترچه «پیوست‌ها» - فاقد خوابگاه متأهلی,,67,اصلی,,,
30373,مهندسی کامپیوتر,دانشگاه شاهد - تهران,تهران,با آزمون,نوبت دوم,مرد و زن,20,,,,دارای مصاحبه - شرایط در دفترچه «پیوست‌ها» - فاقد خوابگاه متأهلی,,68,اصلی,,,
36015,روانشناسی,دانشگاه شاهد - تهران,تهران,با آزمون,نوبت دوم,مرد و زن,1,,,,دارای مصاحبه - شرایط در دفترچه «پیوست‌ها» - فاقد خوابگاه متأهلی,,68,اصلی,,,
36016,علم اطلاعات و دانش‌شناسی,دانشگاه شاهد - تهران,تهران,با آزمون,نوبت دوم,مرد و زن,1,,,,دارای مصاحبه - شرایط در دفترچه «پیوست‌ها» - فاقد خوابگاه متأهلی,,68,اصلی,,,
36017,مددکاری اجتماعی,دانشگاه شاهد - تهران,تهران,با آزمون,نوبت دوم,مرد و زن,1,,,,دارای مصاحبه - شرایط در دفترچه «پیوست‌ها» - فاقد خوابگاه متأهلی,,68,اصلی,,,
36018,مدیریت بازرگانی,دانشگاه شاهد - تهران,تهران,با آزمون,نوبت دوم,مرد و زن,2,,,,دارای مصاحبه - شرایط در دفترچه «پیوست‌ها» - فاقد خوابگاه متأهلی,,68,اصلی,,,
36019,مدیریت دولتی,دانشگاه شاهد - تهران,تهران,با آزمون,نوبت دوم,مرد و زن,2,,,,دارای مصاحبه - شرایط در دفترچه «پیوست‌ها» - فاقد خوابگاه متأهلی,,68,اصلی,,,
36020,مدیریت صنعتی,دانشگاه شاهد - تهران,تهران,با آزمون,نوبت دوم,مرد و زن,1,,,,دارای مصاحبه - شرایط در دفترچه «پیوست‌ها» - فاقد خوابگاه متأهلی,,68,اصلی,,,
12017,علوم و مهندسی باغبانی,دانشگاه شاهد - تهران,تهران,صرفا با سوابق تحصیلی,روزانه,مرد و زن,20,,,,دارای مصاحبه - شرایط در دفترچه «پیوست‌ها» - فاقد خوابگاه متأهلی,,68,اصلی,,,
12018,مهندسی تولید و ژنتیک گیاهی,دانشگاه شاهد - تهران,تهران,صرفا با سوابق تحصیلی,روزانه,مرد و زن,20,,,,دارای مصاحبه - شرایط در دفترچه «پیوست‌ها» - فاقد خوابگاه متأهلی,,68,اصلی,,,
12019,مهندسی گیاهپزشکی,دانشگاه شاهد - تهران,تهران,صرفا با سوابق تحصیلی,روزانه,مرد و زن,20,,,,دارای مصاحبه - شرایط در دفترچه «پیوست‌ها» - فاقد خوابگاه متأهلی,,68,اصلی,,,
12020,کتاب‌آرایی,دانشگاه شاهد - تهران,تهران,صرفا با سوابق تحصیلی,روزانه,مرد و زن,30,,,,دارای مصاحبه - شرایط در دفترچه «پیوست‌ها» - فاقد خوابگاه متأهلی,,68,اصلی,,,
12021,کتاب‌آرایی,دانشگاه شاهد - تهران,تهران,صرفا با سوابق تحصیلی,نوبت دوم,مرد و زن,10,,,,دارای مصاحبه - شرایط در دفترچه «پیوست‌ها» - فاقد خوابگاه متأهلی,,68,اصلی,,,
30374,آمار,دانشگاه شهید بهشتی - تهران,تهران,با آزمون,روزانه,مرد و زن,20,,,,محدودیت در ارائه خوابگاه,,68,اصلی,,,
30375,بیم‌سنجی,دانشگاه شهید بهشتی - تهران,تهران,با آزمون,روزانه,مرد و زن,20,,,,محدودیت در ارائه خوابگاه,,68,اصلی,,,
30376,ریاضیات و کاربردها,دانشگاه شهید بهشتی - تهران,تهران,با آزمون,روزانه,مرد و زن,25,,,,محدودیت در ارائه خوابگاه,,68,اصلی,,,
30377,علوم کامپیوتر,دانشگاه شهید بهشتی - تهران,تهران,با آزمون,روزانه,مرد و زن,35,,,,محدودیت در ارائه خوابگاه,,68,اصلی,,,
30378,فیزیک,دانشگاه شهید بهشتی - تهران,تهران,با آزمون,روزانه,مرد و زن,25,,,,محدودیت در ارائه خوابگاه,,68,اصلی,,,
30379,مهندسی برق,دانشگاه شهید بهشتی - تهران,تهران,با آزمون,روزانه,مرد و زن,70,,,,محدودیت در ارائه خوابگاه,,68,اصلی,,,
30380,مهندسی پزشکی,دانشگاه شهید بهشتی - تهران,تهران,با آزمون,روزانه,مرد و زن,30,,,,محدودیت در ارائه خوابگاه,,68,اصلی,,,
30381,مهندسی کامپیوتر,دانشگاه شهید بهشتی - تهران,تهران,با آزمون,روزانه,مرد و زن,85,,,,محدودیت در ارائه خوابگاه,,68,اصلی,,,
30382,مهندسی معماری,دانشگاه شهید بهشتی - تهران,تهران,با آزمون,روزانه,مرد و زن,50,,,,محدودیت در ارائه خوابگاه,,68,اصلی,,,
30383,مهندسی هوافضا,دانشگاه شهید بهشتی - تهران,تهران,با آزمون,روزانه,مرد و زن,30,,,,محدودیت در ارائه خوابگاه,,68,اصلی,,,
30384,مهندسی انرژی,دانشگاه شهید بهشتی - تهران,تهران,با آزمون,روزانه,مرد و زن,25,,,,محل تحصیل پردیس فنی و مهندسی شهید عباسپور - محدودیت در ارائه خوابگاه,,68,اصلی,,,
30385,مهندسی برق,دانشگاه شهید بهشتی - تهران,تهران,با آزمون,روزانه,مرد و زن,70,,,,محل تحصیل پردیس فنی و مهندسی شهید عباسپور - محدودیت در ارائه خوابگاه,,68,اصلی,,,
30386,مهندسی صنایع و سیستم‌ها,دانشگاه شهید بهشتی - تهران,تهران,با آزمون,روزانه,مرد و زن,30,,,,محل تحصیل پردیس فنی و مهندسی شهید عباسپور - محدودیت در ارائه خوابگاه,,68,اصلی,,,
30387,مهندسی عمران,دانشگاه شهید بهشتی - تهران,تهران,با آزمون,روزانه,مرد و زن,60,,,,محل تحصیل پردیس فنی و مهندسی شهید عباسپور - محدودیت در ارائه خوابگاه,,68,اصلی,,,
30388,مهندسی مکانیک,دانشگاه شهید بهشتی - تهران,تهران,با آزمون,روزانه,مرد و زن,50,,,,محل تحصیل پردیس فنی و مهندسی شهید عباسپور - محدودیت در ارائه خوابگاه,,68,اصلی,,,
30389,مهندسی نقشه‌برداری,دانشگاه شهید بهشتی - تهران,تهران,با آزمون,روزانه,مرد و زن,20,,,,محل تحصیل پردیس فنی و مهندسی شهید عباسپور - محدودیت در ارائه خوابگاه,,68,اصلی,,,
30390,مهندسی و علم مواد,دانشگاه شهید بهشتی - تهران,تهران,با آزمون,روزانه,مرد و زن,25,,,,محل تحصیل پردیس فنی و مهندسی شهید عباسپور - محدودیت در ارائه خوابگاه,,69,اصلی,,,
36021,اقتصاد,دانشگاه شهید بهشتی - تهران,تهران,با آزمون,روزانه,مرد و زن,12,,,,محدودیت در ارائه خوابگاه,,69,اصلی,,,
36022,حسابداری,دانشگاه شهید بهشتی - تهران,تهران,با آزمون,روزانه,مرد و زن,3,,,,محدودیت در ارائه خوابگاه,,69,اصلی,,,
36023,روانشناسی,دانشگاه شهید بهشتی - تهران,تهران,با آزمون,روزانه,مرد و زن,3,,,,محدودیت در ارائه خوابگاه,,69,اصلی,,,
36024,شیمی کاربردی,دانشگاه شهید بهشتی - تهران,تهران,با آزمون,روزانه,مرد و زن,5,,,,محدودیت در ارائه خوابگاه,,69,اصلی,,,
36025,شیمی محض,دانشگاه شهید بهشتی - تهران,تهران,با آزمون,روزانه,مرد و زن,5,,,,محدودیت در ارائه خوابگاه,,69,اصلی,,,
36026,علم اطلاعات و دانش‌شناسی,دانشگاه شهید بهشتی - تهران,تهران,با آزمون,روزانه,مرد و زن,3,,,,محدودیت در ارائه خوابگاه,,69,اصلی,,,
36027,علوم ورزشی,دانشگاه شهید بهشتی - تهران,تهران,با آزمون,روزانه,مرد,2,,,,محدودیت در ارائه خوابگاه,,69,اصلی,,,
36028,علوم ورزشی,دانشگاه شهید بهشتی - تهران,تهران,با آزمون,روزانه,زن,2,,,,محدودیت در ارائه خوابگاه,,69,اصلی,,,
36029,مدیریت بازرگانی,دانشگاه شهید بهشتی - تهران,تهران,با آزمون,روزانه,مرد و زن,3,,,,محدودیت در ارائه خوابگاه,,69,اصلی,,,
36030,مدیریت دولتی,دانشگاه شهید بهشتی - تهران,تهران,با آزمون,روزانه,مرد و زن,3,,,,محدودیت در ارائه خوابگاه,,69,اصلی,,,
36031,مدیریت صنعتی,دانشگاه شهید بهشتی - تهران,تهران,با آزمون,روزانه,مرد و زن,3,,,,محدودیت در ارائه خوابگاه,,69,اصلی,,,
36032,مدیریت مالی,دانشگاه شهید بهشتی - تهران,تهران,با آزمون,روزانه,مرد و زن,3,,,,محدودیت در ارائه خوابگاه,,69,اصلی,,,
12022,زیست‌شناسی دریا,دانشگاه شهید بهشتی - تهران,تهران,صرفا با سوابق تحصیلی,روزانه,مرد و زن,20,,,,محدودیت در ارائه خوابگاه,,69,اصلی,,,
30391,مهندسی برق,دانشگاه صداوسیما - تهران - وابسته به سازمان صداوسیما,تهران,با آزمون,روزانه,زن,5,,,,دارای مصاحبه - شرایط در دفترچه «پیوست‌ها»,,69,اصلی,,,
30392,مهندسی برق,دانشگاه صداوسیما - تهران - وابسته به سازمان صداوسیما,تهران,با آزمون,روزانه,مرد,20,,,,دارای مصاحبه - شرایط در دفترچه «پیوست‌ها»,,69,اصلی,,,
30393,مهندسی برق,دانشگاه صداوسیما - تهران - وابسته به سازمان صداوسیما,تهران,با آزمون,روزانه,مرد,4,,,,دارای مصاحبه - شرایط در دفترچه «پیوست‌ها» - محل خدمت استان ایلام,,69,اصلی,,,
30394,مهندسی برق,دانشگاه صداوسیما - تهران - وابسته به سازمان صداوسیما,تهران,با آزمون,روزانه,مرد,4,,,,دارای مصاحبه - شرایط در دفترچه «پیوست‌ها» - محل خدمت استان بوشهر,,69,اصلی,,,
30395,مهندسی برق,دانشگاه صداوسیما - تهران - وابسته به سازمان صداوسیما,تهران,با آزمون,روزانه,مرد,4,,,,دارای مصاحبه - شرایط در دفترچه «پیوست‌ها» - محل خدمت استان خوزستان,,69,اصلی,,,
30396,مهندسی برق,دانشگاه صداوسیما - تهران - وابسته به سازمان صداوسیما,تهران,با آزمون,روزانه,مرد,4,,,,دارای مصاحبه - شرایط در دفترچه «پیوست‌ها» - محل خدمت استان سیستان و بلوچستان,,69,اصلی,,,
30397,مهندسی برق,دانشگاه صداوسیما - تهران - وابسته به سازمان صداوسیما,تهران,با آزمون,روزانه,مرد,4,,,,دارای مصاحبه - شرایط در دفترچه «پیوست‌ها» - محل خدمت استان هرمزگان,,69,اصلی,,,
30398,مهندسی برق,دانشگاه صداوسیما - تهران - وابسته به سازمان صداوسیما,تهران,با آزمون,روزانه,مرد,,4,,,دارای مصاحبه - شرایط در دفترچه «پیوست‌ها» - محل خدمت استان آذربایجان غربی,,69,اصلی,,,
30399,مهندسی برق,دانشگاه صداوسیما - تهران - وابسته به سازمان صداوسیما,تهران,با آزمون,روزانه,مرد,,4,,,دارای مصاحبه - شرایط در دفترچه «پیوست‌ها» - محل خدمت استان خراسان جنوبی,,69,اصلی,,,
30400,مهندسی برق,دانشگاه صداوسیما - تهران - وابسته به سازمان صداوسیما,تهران,با آزمون,روزانه,مرد,,4,,,دارای مصاحبه - شرایط در دفترچه «پیوست‌ها» - محل خدمت استان خراسان شمالی,,69,اصلی,,,
30401,مهندسی برق,دانشگاه صداوسیما - تهران - وابسته به سازمان صداوسیما,تهران,با آزمون,روزانه,مرد,,4,,,دارای مصاحبه - شرایط در دفترچه «پیوست‌ها» - محل خدمت استان کرمان,,69,اصلی,,,
30402,مهندسی برق,دانشگاه صداوسیما - تهران - وابسته به سازمان صداوسیما,تهران,با آزمون,روزانه,مرد,,4,,,دارای مصاحبه - شرایط در دفترچه «پیوست‌ها» - محل خدمت استان لرستان,,70,اصلی,,,
30403,مهندسی برق,دانشگاه صداوسیما - تهران - وابسته به سازمان صداوسیما,تهران,با آزمون,روزانه,مرد,,20,,,دارای مصاحبه - شرایط در دفترچه «پیوست‌ها»,,70,اصلی,,,
30404,مهندسی برق,دانشگاه صداوسیما - تهران - وابسته به سازمان صداوسیما,تهران,با آزمون,نوبت دوم,مرد و زن,10,,,,دارای مصاحبه - شرایط در دفترچه «پیوست‌ها»,,70,اصلی,,,
30405,ریاضیات و کاربردها,دانشگاه صنعتی امیرکبیر - تهران,تهران,با آزمون,روزانه,مرد و زن,40,,,,,,70,اصلی,,,
30406,علوم کامپیوتر,دانشگاه صنعتی امیرکبیر - تهران,تهران,با آزمون,روزانه,مرد و زن,35,,,,,,70,اصلی,,,
30407,فیزیک,دانشگاه صنعتی امیرکبیر - تهران,تهران,با آزمون,روزانه,مرد و زن,40,,,,,,70,اصلی,,,
30408,مهندسی انرژی,دانشگاه صنعتی امیرکبیر - تهران,تهران,با آزمون,روزانه,مرد و زن,25,,,,,,70,اصلی,,,
30409,مهندسی برق,دانشگاه صنعتی امیرکبیر - تهران,تهران,با آزمون,روزانه,مرد و زن,85,,,,,,70,اصلی,,,
30410,مهندسی پزشکی,دانشگاه صنعتی امیرکبیر - تهران,تهران,با آزمون,روزانه,مرد و زن,65,,,,,,70,اصلی,,,
30411,مهندسی پلیمر,دانشگاه صنعتی امیرکبیر - تهران,تهران,با آزمون,روزانه,مرد و زن,55,,,,,,70,اصلی,,,
30412,مهندسی دریا,دانشگاه صنعتی امیرکبیر - تهران,تهران,با آزمون,روزانه,مرد و زن,35,,,,,,70,اصلی,,,
30413,مهندسی ساخت و تولید,دانشگاه صنعتی امیرکبیر - تهران,تهران,با آزمون,روزانه,مرد و زن,25,,,,,,70,اصلی,,,
30414,مهندسی شیمی,دانشگاه صنعتی امیرکبیر - تهران,تهران,با آزمون,روزانه,مرد و زن,40,,,,,,70,اصلی,,,
30415,مهندسی صنایع و سیستم‌ها,دانشگاه صنعتی امیرکبیر - تهران,تهران,با آزمون,روزانه,مرد و زن,45,,,,,,70,اصلی,,,
30416,مهندسی صنایع و سیستم‌ها,دانشگاه صنعتی امیرکبیر - تهران,تهران,با آزمون,روزانه,مرد و زن,1,,,,دارای مصاحبه - بورس شرکت گروه فناوری ارتباطات و اطلاعات شاتل - شرایط در دفترچه «پیوست‌ها»,,70,اصلی,,,
30417,مهندسی عمران,دانشگاه صنعتی امیرکبیر - تهران,تهران,با آزمون,روزانه,مرد و زن,45,,,,,,70,اصلی,,,
30418,مهندسی کامپیوتر,دانشگاه صنعتی امیرکبیر - تهران,تهران,با آزمون,روزانه,مرد و زن,65,,,,,,70,اصلی,,,
30419,مهندسی کامپیوتر,دانشگاه صنعتی امیرکبیر - تهران,تهران,با آزمون,روزانه,مرد و زن,2,,,,دارای مصاحبه - بورس شرکت گروه فناوری ارتباطات و اطلاعات شاتل - شرایط در دفترچه «پیوست‌ها»,,70,اصلی,,,
30420,مهندسی معدن,دانشگاه صنعتی امیرکبیر - تهران,تهران,با آزمون,روزانه,مرد و زن,45,,,,,,70,اصلی,,,
30421,مهندسی معماری,دانشگاه صنعتی امیرکبیر - تهران,تهران,با آزمون,روزانه,مرد و زن,20,,,,,,70,اصلی,,,
30422,مهندسی مکانیک,دانشگاه صنعتی امیرکبیر - تهران,تهران,با آزمون,روزانه,مرد و زن,55,,,,,,70,اصلی,,,
30423,مهندسی نساجی,دانشگاه صنعتی امیرکبیر - تهران,تهران,با آزمون,روزانه,مرد و زن,65,,,,,,70,اصلی,,,
30424,مهندسی نفت و زمین‌انرژی,دانشگاه صنعتی امیرکبیر - تهران,تهران,با آزمون,روزانه,مرد و زن,30,,,,,,70,اصلی,,,
30425,مهندسی و علم مواد,دانشگاه صنعتی امیرکبیر - تهران,تهران,با آزمون,روزانه,مرد و زن,40,,,,,,70,اصلی,,,
30426,مهندسی هوافضا,دانشگاه صنعتی امیرکبیر - تهران,تهران,با آزمون,روزانه,مرد و زن,40,,,,,,70,اصلی,,,
30427,علوم کامپیوتر,دانشگاه صنعتی امیرکبیر - تهران,تهران,با آزمون,پردیس خودگردان,مرد و زن,25,,,,محل تحصیل پردیس خودگردان دانشگاه - عدم تعهد در واگذاری خوابگاه,,70,اصلی,,,
30428,فیزیک,دانشگاه صنعتی امیرکبیر - تهران,تهران,با آزمون,پردیس خودگردان,مرد و زن,10,,,,محل تحصیل پردیس خودگردان دانشگاه - عدم تعهد در واگذاری خوابگاه,,70,اصلی,,,
30429,مهندسی انرژی,دانشگاه صنعتی امیرکبیر - تهران,تهران,با آزمون,پردیس خودگردان,مرد و زن,10,,,,محل تحصیل پردیس خودگردان دانشگاه - عدم تعهد در واگذاری خوابگاه,,70,اصلی,,,
30430,مهندسی برق,دانشگاه صنعتی امیرکبیر - تهران,تهران,با آزمون,پردیس خودگردان,مرد و زن,15,,,,محل تحصیل پردیس خودگردان دانشگاه - عدم تعهد در واگذاری خوابگاه,,70,اصلی,,,
30431,مهندسی پزشکی,دانشگاه صنعتی امیرکبیر - تهران,تهران,با آزمون,پردیس خودگردان,مرد و زن,25,,,,محل تحصیل پردیس خودگردان دانشگاه - عدم تعهد در واگذاری خوابگاه,,70,اصلی,,,
30432,مهندسی پلیمر,دانشگاه صنعتی امیرکبیر - تهران,تهران,با آزمون,پردیس خودگردان,مرد و زن,25,,,,محل تحصیل پردیس خودگردان دانشگاه - عدم تعهد در واگذاری خوابگاه,,70,اصلی,,,
30433,مهندسی دریا,دانشگاه صنعتی امیرکبیر - تهران,تهران,با آزمون,پردیس خودگردان,مرد و زن,15,,,,محل تحصیل پردیس خودگردان دانشگاه - عدم تعهد در واگذاری خوابگاه,,70,اصلی,,,
30434,مهندسی ساخت و تولید,دانشگاه صنعتی امیرکبیر - تهران,تهران,با آزمون,پردیس خودگردان,مرد و زن,10,,,,محل تحصیل پردیس خودگردان دانشگاه - عدم تعهد در واگذاری خوابگاه,,71,اصلی,,,
30435,مهندسی شیمی,دانشگاه صنعتی امیرکبیر - تهران,تهران,با آزمون,پردیس خودگردان,مرد و زن,25,,,,محل تحصیل پردیس خودگردان دانشگاه - عدم تعهد در واگذاری خوابگاه,,71,اصلی,,,
30436,مهندسی صنایع و سیستم‌ها,دانشگاه صنعتی امیرکبیر - تهران,تهران,با آزمون,پردیس خودگردان,مرد و زن,25,,,,محل تحصیل پردیس خودگردان دانشگاه - عدم تعهد در واگذاری خوابگاه,,71,اصلی,,,
30437,مهندسی عمران,دانشگاه صنعتی امیرکبیر - تهران,تهران,با آزمون,پردیس خودگردان,مرد و زن,15,,,,محل تحصیل پردیس خودگردان دانشگاه - عدم تعهد در واگذاری خوابگاه,,71,اصلی,,,
30438,مهندسی کامپیوتر,دانشگاه صنعتی امیرکبیر - تهران,تهران,با آزمون,پردیس خودگردان,مرد و زن,20,,,,محل تحصیل پردیس خودگردان دانشگاه - عدم تعهد در واگذاری خوابگاه,,71,اصلی,,,
30439,مهندسی معدن,دانشگاه صنعتی امیرکبیر - تهران,تهران,با آزمون,پردیس خودگردان,مرد و زن,10,,,,محل تحصیل پردیس خودگردان دانشگاه - عدم تعهد در واگذاری خوابگاه,,71,اصلی,,,
30440,مهندسی معماری,دانشگاه صنعتی امیرکبیر - تهران,تهران,با آزمون,پردیس خودگردان,مرد و زن,10,,,,محل تحصیل پردیس خودگردان دانشگاه - عدم تعهد در واگذاری خوابگاه,,71,اصلی,,,
30441,مهندسی مکانیک,دانشگاه صنعتی امیرکبیر - تهران,تهران,با آزمون,پردیس خودگردان,مرد و زن,25,,,,محل تحصیل پردیس خودگردان دانشگاه - عدم تعهد در واگذاری خوابگاه,,71,اصلی,,,
30442,مهندسی نساجی,دانشگاه صنعتی امیرکبیر - تهران,تهران,با آزمون,پردیس خودگردان,مرد و زن,5,,,,محل تحصیل پردیس خودگردان دانشگاه - عدم تعهد در واگذاری خوابگاه,,71,اصلی,,,
30443,مهندسی نفت و زمین‌انرژی,دانشگاه صنعتی امیرکبیر - تهران,تهران,با آزمون,پردیس خودگردان,مرد و زن,10,,,,محل تحصیل پردیس خودگردان دانشگاه - عدم تعهد در واگذاری خوابگاه,,71,اصلی,,,
30444,مهندسی و علم مواد,دانشگاه صنعتی امیرکبیر - تهران,تهران,با آزمون,پردیس خودگردان,مرد و زن,10,,,,محل تحصیل پردیس خودگردان دانشگاه - عدم تعهد در واگذاری خوابگاه,,71,اصلی,,,
30445,مهندسی هوافضا,دانشگاه صنعتی امیرکبیر - تهران,تهران,با آزمون,پردیس خودگردان,مرد و زن,15,,,,محل تحصیل پردیس خودگردان دانشگاه - عدم تعهد در واگذاری خوابگاه,,71,اصلی,,,
30446,ریاضیات و کاربردها,دانشگاه صنعتی خواجه نصیرالدین طوسی - تهران,تهران,با آزمون,روزانه,مرد و زن,45,,,,,,71,اصلی,,,
30447,علوم کامپیوتر,دانشگاه صنعتی خواجه نصیرالدین طوسی - تهران,تهران,با آزمون,روزانه,مرد و زن,35,,,,,,71,اصلی,,,
30448,فیزیک,دانشگاه صنعتی خواجه نصیرالدین طوسی - تهران,تهران,با آزمون,روزانه,مرد و زن,63,,,,,,71,اصلی,,,
30449,مهندسی برق,دانشگاه صنعتی خواجه نصیرالدین طوسی - تهران,تهران,با آزمون,روزانه,مرد و زن,116,,,,,,71,اصلی,,,
30450,مهندسی صنایع و سیستم‌ها,دانشگاه صنعتی خواجه نصیرالدین طوسی - تهران,تهران,با آزمون,روزانه,مرد و زن,35,,,,,,71,اصلی,,,
30451,مهندسی عمران,دانشگاه صنعتی خواجه نصیرالدین طوسی - تهران,تهران,با آزمون,روزانه,مرد و زن,67,,,,,,71,اصلی,,,
30452,مهندسی کامپیوتر,دانشگاه صنعتی خواجه نصیرالدین طوسی - تهران,تهران,با آزمون,روزانه,مرد و زن,35,,,,,,71,اصلی,,,
30453,مهندسی مکانیک,دانشگاه صنعتی خواجه نصیرالدین طوسی - تهران,تهران,با آزمون,روزانه,مرد و زن,77,,,,,,71,اصلی,,,
30454,مهندسی نقشه‌برداری,دانشگاه صنعتی خواجه نصیرالدین طوسی - تهران,تهران,با آزمون,روزانه,مرد و زن,25,,,,,,71,اصلی,,,
30455,مهندسی و علم مواد,دانشگاه صنعتی خواجه نصیرالدین طوسی - تهران,تهران,با آزمون,روزانه,مرد و زن,28,,,,,,71,اصلی,,,
30456,مهندسی هوافضا,دانشگاه صنعتی خواجه نصیرالدین طوسی - تهران,تهران,با آزمون,روزانه,مرد و زن,39,,,,,,71,اصلی,,,
36034,شیمی کاربردی,دانشگاه صنعتی خواجه نصیرالدین طوسی - تهران,تهران,با آزمون,روزانه,مرد و زن,9,,,,,,71,اصلی,,,
30457,ریاضیات و کاربردها,دانشگاه صنعتی شریف - تهران,تهران,با آزمون,روزانه,مرد و زن,25,,,,,,71,اصلی,,,
30458,علوم کامپیوتر,دانشگاه صنعتی شریف - تهران,تهران,با آزمون,روزانه,مرد و زن,25,,,,,,71,اصلی,,,
30459,فیزیک,دانشگاه صنعتی شریف - تهران,تهران,با آزمون,روزانه,مرد و زن,42,,,,,,71,اصلی,,,
30460,مهندسی انرژی,دانشگاه صنعتی شریف - تهران,تهران,با آزمون,روزانه,مرد و زن,30,,,,,,71,اصلی,,,
30461,مهندسی برق,دانشگاه صنعتی شریف - تهران,تهران,با آزمون,روزانه,مرد و زن,145,,,,,,71,اصلی,,,
30462,مهندسی دریا,دانشگاه صنعتی شریف - تهران,تهران,با آزمون,روزانه,مرد و زن,10,,,,,,71,اصلی,,,
30463,مهندسی شیمی,دانشگاه صنعتی شریف - تهران,تهران,با آزمون,روزانه,مرد و زن,80,,,,,,72,اصلی,,,
30464,مهندسی صنایع و سیستم‌ها,دانشگاه صنعتی شریف - تهران,تهران,با آزمون,روزانه,مرد و زن,70,,,,,,72,اصلی,,,
30465,مهندسی عمران,دانشگاه صنعتی شریف - تهران,تهران,با آزمون,روزانه,مرد و زن,70,,,,,,72,اصلی,,,
30466,مهندسی کامپیوتر,دانشگاه صنعتی شریف - تهران,تهران,با آزمون,روزانه,مرد و زن,120,,,,,,72,اصلی,,,
30467,مهندسی مکانیک,دانشگاه صنعتی شریف - تهران,تهران,با آزمون,روزانه,مرد و زن,90,,,,,,72,اصلی,,,
30468,مهندسی نفت و زمین‌انرژی,دانشگاه صنعتی شریف - تهران,تهران,با آزمون,روزانه,مرد و زن,30,,,,,,72,اصلی,,,
30469,مهندسی و علم مواد,دانشگاه صنعتی شریف - تهران,تهران,با آزمون,روزانه,مرد و زن,50,,,,,,72,اصلی,,,
30470,مهندسی هوافضا,دانشگاه صنعتی شریف - تهران,تهران,با آزمون,روزانه,مرد و زن,55,,,,,,72,اصلی,,,
36035,اقتصاد,دانشگاه صنعتی شریف - تهران,تهران,با آزمون,روزانه,مرد و زن,10,,,,,,72,اصلی,,,
36036,شیمی کاربردی,دانشگاه صنعتی شریف - تهران,تهران,با آزمون,روزانه,مرد و زن,4,,,,,,72,اصلی,,,
36037,شیمی محض,دانشگاه صنعتی شریف - تهران,تهران,با آزمون,روزانه,مرد و زن,4,,,,,,72,اصلی,,,
30471,ریاضیات و کاربردها,دانشگاه صنعتی شریف - تهران,تهران,با آزمون,پردیس خودگردان,مرد و زن,12,,,,محل تحصیل پردیس خودگردان در تهران - معرفی به خوابگاه‌های خودگردان,,72,اصلی,,,
30472,علوم کامپیوتر,دانشگاه صنعتی شریف - تهران,تهران,با آزمون,پردیس خودگردان,مرد و زن,20,,,,محل تحصیل پردیس خودگردان در تهران - معرفی به خوابگاه‌های خودگردان,,72,اصلی,,,
30473,فیزیک,دانشگاه صنعتی شریف - تهران,تهران,با آزمون,پردیس خودگردان,مرد و زن,8,,,,محل تحصیل پردیس خودگردان در تهران - معرفی به خوابگاه‌های خودگردان,,72,اصلی,,,
30474,مهندسی انرژی,دانشگاه صنعتی شریف - تهران,تهران,با آزمون,پردیس خودگردان,مرد و زن,5,,,,محل تحصیل پردیس خودگردان در تهران - معرفی به خوابگاه‌های خودگردان,,72,اصلی,,,
30475,مهندسی برق,دانشگاه صنعتی شریف - تهران,تهران,با آزمون,پردیس خودگردان,مرد و زن,35,,,,محل تحصیل پردیس خودگردان در تهران - معرفی به خوابگاه‌های خودگردان,,72,اصلی,,,
30476,مهندسی شیمی,دانشگاه صنعتی شریف - تهران,تهران,با آزمون,پردیس خودگردان,مرد و زن,15,,,,محل تحصیل پردیس خودگردان در تهران - معرفی به خوابگاه‌های خودگردان,,72,اصلی,,,
30477,مهندسی صنایع و سیستم‌ها,دانشگاه صنعتی شریف - تهران,تهران,با آزمون,پردیس خودگردان,مرد و زن,10,,,,محل تحصیل پردیس خودگردان در تهران - معرفی به خوابگاه‌های خودگردان,,72,اصلی,,,
30478,مهندسی عمران,دانشگاه صنعتی شریف - تهران,تهران,با آزمون,پردیس خودگردان,مرد و زن,25,,,,محل تحصیل پردیس خودگردان در تهران - معرفی به خوابگاه‌های خودگردان,,72,اصلی,,,
30479,مهندسی کامپیوتر,دانشگاه صنعتی شریف - تهران,تهران,با آزمون,پردیس خودگردان,مرد و زن,30,,,,محل تحصیل پردیس خودگردان در تهران - معرفی به خوابگاه‌های خودگردان,,72,اصلی,,,
30480,مهندسی مکانیک,دانشگاه صنعتی شریف - تهران,تهران,با آزمون,پردیس خودگردان,مرد و زن,25,,,,محل تحصیل پردیس خودگردان در تهران - معرفی به خوابگاه‌های خودگردان,,72,اصلی,,,
30481,مهندسی نفت و زمین‌انرژی,دانشگاه صنعتی شریف - تهران,تهران,با آزمون,پردیس خودگردان,مرد و زن,5,,,,محل تحصیل پردیس خودگردان در تهران - معرفی به خوابگاه‌های خودگردان,,72,اصلی,,,
30482,مهندسی و علم مواد,دانشگاه صنعتی شریف - تهران,تهران,با آزمون,پردیس خودگردان,مرد و زن,20,,,,محل تحصیل پردیس خودگردان در تهران - معرفی به خوابگاه‌های خودگردان,,72,اصلی,,,
30483,مهندسی هوافضا,دانشگاه صنعتی شریف - تهران,تهران,با آزمون,پردیس خودگردان,مرد و زن,16,,,,محل تحصیل پردیس خودگردان در تهران - معرفی به خوابگاه‌های خودگردان,,72,اصلی,,,
36038,شیمی کاربردی,دانشگاه صنعتی شریف - تهران,تهران,با آزمون,پردیس خودگردان,مرد و زن,1,,,,محل تحصیل پردیس خودگردان در تهران - معرفی به خوابگاه‌های خودگردان,,72,اصلی,,,
36039,شیمی محض,دانشگاه صنعتی شریف - تهران,تهران,با آزمون,پردیس خودگردان,مرد و زن,1,,,,محل تحصیل پردیس خودگردان در تهران - معرفی به خوابگاه‌های خودگردان,,72,اصلی,,,
30484,آمار,دانشگاه علامه طباطبایی - تهران,تهران,با آزمون,روزانه,مرد و زن,21,,,,دارای خوابگاه ملکی,,72,اصلی,,,
30485,مهندسی کامپیوتر,دانشگاه علامه طباطبایی - تهران,تهران,با آزمون,روزانه,مرد و زن,20,,,,دارای خوابگاه ملکی,,72,اصلی,,,
36040,اقتصاد,دانشگاه علامه طباطبایی - تهران,تهران,با آزمون,روزانه,مرد و زن,30,,,,دارای خوابگاه ملکی,,72,اصلی,,,
36041,حسابداری,دانشگاه علامه طباطبایی - تهران,تهران,با آزمون,روزانه,مرد و زن,2,,,,دارای خوابگاه ملکی,,72,اصلی,,,
36042,روانشناسی,دانشگاه علامه طباطبایی - تهران,تهران,با آزمون,روزانه,مرد و زن,2,,,,دارای خوابگاه ملکی,,72,اصلی,,,
36043,علم اطلاعات و دانش‌شناسی,دانشگاه علامه طباطبایی - تهران,تهران,با آزمون,روزانه,مرد و زن,3,,,,دارای خوابگاه ملکی,,72,اصلی,,,
36044,علوم ورزشی,دانشگاه علامه طباطبایی - تهران,تهران,با آزمون,روزانه,زن,1,,,,دارای خوابگاه ملکی,,72,اصلی,,,
36045,علوم ورزشی,دانشگاه علامه طباطبایی - تهران,تهران,با آزمون,روزانه,مرد,1,,,,دارای خوابگاه ملکی,,72,اصلی,,,
36046,گردشگری,دانشگاه علامه طباطبایی - تهران,تهران,با آزمون,روزانه,مرد و زن,2,,,,دارای خوابگاه ملکی,,73,اصلی,,,
36047,مددکاری اجتماعی,دانشگاه علامه طباطبایی - تهران,تهران,با آزمون,روزانه,زن,3,,,,دارای خوابگاه ملکی,,73,اصلی,,,
36048,مددکاری اجتماعی,دانشگاه علامه طباطبایی - تهران,تهران,با آزمون,روزانه,مرد,2,,,,دارای خوابگاه ملکی,,73,اصلی,,,
36049,مدیریت بازرگانی,دانشگاه علامه طباطبایی - تهران,تهران,با آزمون,روزانه,مرد و زن,2,,,,دارای خوابگاه ملکی,,73,اصلی,,,
36050,مدیریت دولتی,دانشگاه علامه طباطبایی - تهران,تهران,با آزمون,روزانه,مرد و زن,2,,,,دارای خوابگاه ملکی,,73,اصلی,,,
36051,مدیریت صنعتی,دانشگاه علامه طباطبایی - تهران,تهران,با آزمون,روزانه,مرد و زن,2,,,,دارای خوابگاه ملکی,,73,اصلی,,,
36052,مدیریت مالی,دانشگاه علامه طباطبایی - تهران,تهران,با آزمون,روزانه,مرد و زن,2,,,,دارای خوابگاه ملکی,,73,اصلی,,,
36053,هتلداری,دانشگاه علامه طباطبایی - تهران,تهران,با آزمون,روزانه,مرد و زن,2,,,,دارای خوابگاه ملکی,,73,اصلی,,,
36067,مدیریت بیمه اکو,دانشگاه علامه طباطبایی - تهران,تهران,با آزمون,روزانه,مرد و زن,4,,,,دارای مصاحبه - شرایط در دفترچه «پیوست‌ها» - کلاس‌های درسی به زبان انگلیسی - محل تحصیل موسسه آموزش عالی بیمه اکو - دارای خوابگاه ملکی,بله,73,اصلی,,,
30486,آمار,دانشگاه علامه طباطبایی - تهران,تهران,با آزمون,نوبت دوم,مرد و زن,4,,,,فاقد خوابگاه,,73,اصلی,,,
36054,حسابداری,دانشگاه علامه طباطبایی - تهران,تهران,با آزمون,نوبت دوم,مرد و زن,1,,,,فاقد خوابگاه,,73,اصلی,,,
36055,روانشناسی,دانشگاه علامه طباطبایی - تهران,تهران,با آزمون,نوبت دوم,مرد و زن,1,,,,فاقد خوابگاه,,73,اصلی,,,
36056,علم اطلاعات و دانش‌شناسی,دانشگاه علامه طباطبایی - تهران,تهران,با آزمون,نوبت دوم,مرد و زن,1,,,,فاقد خوابگاه,,73,اصلی,,,
36059,گردشگری,دانشگاه علامه طباطبایی - تهران,تهران,با آزمون,نوبت دوم,مرد و زن,1,,,,فاقد خوابگاه,,73,اصلی,,,
36060,مددکاری اجتماعی,دانشگاه علامه طباطبایی - تهران,تهران,با آزمون,نوبت دوم,زن,1,,,,فاقد خوابگاه,,73,اصلی,,,
36061,مددکاری اجتماعی,دانشگاه علامه طباطبایی - تهران,تهران,با آزمون,نوبت دوم,مرد,1,,,,فاقد خوابگاه,,73,اصلی,,,
36062,مدیریت بازرگانی,دانشگاه علامه طباطبایی - تهران,تهران,با آزمون,نوبت دوم,مرد و زن,1,,,,فاقد خوابگاه,,73,اصلی,,,
36063,مدیریت دولتی,دانشگاه علامه طباطبایی - تهران,تهران,با آزمون,نوبت دوم,مرد و زن,1,,,,فاقد خوابگاه,,73,اصلی,,,
36064,مدیریت صنعتی,دانشگاه علامه طباطبایی - تهران,تهران,با آزمون,نوبت دوم,مرد و زن,1,,,,فاقد خوابگاه,,73,اصلی,,,
36065,مدیریت مالی,دانشگاه علامه طباطبایی - تهران,تهران,با آزمون,نوبت دوم,مرد و زن,1,,,,فاقد خوابگاه,,73,اصلی,,,
36066,هتلداری,دانشگاه علامه طباطبایی - تهران,تهران,با آزمون,نوبت دوم,مرد و زن,1,,,,فاقد خوابگاه,,73,اصلی,,,
36068,مدیریت بیمه اکو,دانشگاه علامه طباطبایی - تهران,تهران,با آزمون,نوبت دوم,مرد و زن,3,,,,دارای مصاحبه - شرایط در دفترچه «پیوست‌ها» - کلاس‌های درسی به زبان انگلیسی - محل تحصیل موسسه آموزش عالی بیمه اکو - فاقد خوابگاه,بله,73,اصلی,,,
30487,کارشناسی ارشد پیوسته مهندسی پزشکی گرایش بیوالکتریک,دانشگاه علم و صنعت ایران - تهران,تهران,با آزمون,روزانه,مرد و زن,18,,,,محدودیت در ارائه خوابگاه,,73,اصلی,,,
30488,ریاضیات و کاربردها,دانشگاه علم و صنعت ایران - تهران,تهران,با آزمون,روزانه,مرد و زن,40,,,,محدودیت در ارائه خوابگاه,,73,اصلی,,,
30489,علوم کامپیوتر,دانشگاه علم و صنعت ایران - تهران,تهران,با آزمون,روزانه,مرد و زن,40,,,,محدودیت در ارائه خوابگاه,,73,اصلی,,,
30490,فیزیک,دانشگاه علم و صنعت ایران - تهران,تهران,با آزمون,روزانه,مرد و زن,40,,,,محدودیت در ارائه خوابگاه,,73,اصلی,,,
30491,مهندسی برق,دانشگاه علم و صنعت ایران - تهران,تهران,با آزمون,روزانه,مرد و زن,105,,,,محدودیت در ارائه خوابگاه,,73,اصلی,,,
30492,مهندسی حمل و نقل ریلی,دانشگاه علم و صنعت ایران - تهران,تهران,با آزمون,روزانه,مرد و زن,17,,8,9,محدودیت در ارائه خوابگاه,,73,اصلی,,,
30493,مهندسی خط و سازه‌های ریلی,دانشگاه علم و صنعت ایران - تهران,تهران,با آزمون,روزانه,مرد و زن,17,,5,12,محدودیت در ارائه خوابگاه,,73,اصلی,,,
30494,مهندسی شیمی,دانشگاه علم و صنعت ایران - تهران,تهران,با آزمون,روزانه,مرد و زن,37,,,,محدودیت در ارائه خوابگاه,,73,اصلی,,,
30495,مهندسی صنایع و سیستم‌ها,دانشگاه علم و صنعت ایران - تهران,تهران,با آزمون,روزانه,مرد و زن,80,,,,محدودیت در ارائه خوابگاه,,73,اصلی,,,
30496,مهندسی عمران,دانشگاه علم و صنعت ایران - تهران,تهران,با آزمون,روزانه,مرد و زن,55,,,,محدودیت در ارائه خوابگاه,,73,اصلی,,,
30497,مهندسی کامپیوتر,دانشگاه علم و صنعت ایران - تهران,تهران,با آزمون,روزانه,مرد و زن,60,,,,محدودیت در ارائه خوابگاه,,73,اصلی,,,
30498,مهندسی ماشین‌های ریلی,دانشگاه علم و صنعت ایران - تهران,تهران,با آزمون,روزانه,مرد و زن,17,,5,12,محدودیت در ارائه خوابگاه,,73,اصلی,,,
30499,مهندسی معماری,دانشگاه علم و صنعت ایران - تهران,تهران,با آزمون,روزانه,مرد و زن,24,,12,12,محدودیت در ارائه خوابگاه,,73,اصلی,,,
30500,مهندسی مکانیک,دانشگاه علم و صنعت ایران - تهران,تهران,با آزمون,روزانه,مرد و زن,85,,,,محدودیت در ارائه خوابگاه,,73,اصلی,,,
30501,مهندسی نفت و زمین‌انرژی,دانشگاه علم و صنعت ایران - تهران,تهران,با آزمون,روزانه,مرد و زن,25,,,,محدودیت در ارائه خوابگاه,,73,اصلی,,,
30502,مهندسی و علم مواد,دانشگاه علم و صنعت ایران - تهران,تهران,با آزمون,روزانه,مرد و زن,83,,,,محدودیت در ارائه خوابگاه,,73,اصلی,,,
36069,شیمی کاربردی,دانشگاه علم و صنعت ایران - تهران,تهران,با آزمون,روزانه,مرد و زن,7,,,,محدودیت در ارائه خوابگاه,,74,اصلی,,,
30503,ریاضیات و کاربردها,دانشگاه علم و صنعت ایران - تهران,تهران,با آزمون,نوبت دوم,مرد و زن,5,,,,فاقد خوابگاه,,74,اصلی,,,
30504,علوم کامپیوتر,دانشگاه علم و صنعت ایران - تهران,تهران,با آزمون,نوبت دوم,مرد و زن,5,,,,فاقد خوابگاه,,74,اصلی,,,
30505,فیزیک,دانشگاه علم و صنعت ایران - تهران,تهران,با آزمون,نوبت دوم,مرد و زن,5,,,,فاقد خوابگاه,,74,اصلی,,,
30506,مهندسی برق,دانشگاه علم و صنعت ایران - تهران,تهران,با آزمون,نوبت دوم,مرد و زن,25,,,,فاقد خوابگاه,,74,اصلی,,,
30507,مهندسی حمل و نقل ریلی,دانشگاه علم و صنعت ایران - تهران,تهران,با آزمون,نوبت دوم,مرد و زن,2,,1,1,فاقد خوابگاه,,74,اصلی,,,
30508,مهندسی خط و سازه‌های ریلی,دانشگاه علم و صنعت ایران - تهران,تهران,با آزمون,نوبت دوم,مرد و زن,2,,1,1,فاقد خوابگاه,,74,اصلی,,,
30509,مهندسی شیمی,دانشگاه علم و صنعت ایران - تهران,تهران,با آزمون,نوبت دوم,مرد و زن,8,,,,فاقد خوابگاه,,74,اصلی,,,
30510,مهندسی صنایع و سیستم‌ها,دانشگاه علم و صنعت ایران - تهران,تهران,با آزمون,نوبت دوم,مرد و زن,20,,,,فاقد خوابگاه,,74,اصلی,,,
30511,مهندسی عمران,دانشگاه علم و صنعت ایران - تهران,تهران,با آزمون,نوبت دوم,مرد و زن,15,,,,فاقد خوابگاه,,74,اصلی,,,
30512,مهندسی کامپیوتر,دانشگاه علم و صنعت ایران - تهران,تهران,با آزمون,نوبت دوم,مرد و زن,18,,,,فاقد خوابگاه,,74,اصلی,,,
30513,مهندسی ماشین‌های ریلی,دانشگاه علم و صنعت ایران - تهران,تهران,با آزمون,نوبت دوم,مرد و زن,2,,1,1,فاقد خوابگاه,,74,اصلی,,,
30514,مهندسی معماری,دانشگاه علم و صنعت ایران - تهران,تهران,با آزمون,نوبت دوم,مرد و زن,4,,2,2,فاقد خوابگاه,,74,اصلی,,,
30515,مهندسی مکانیک,دانشگاه علم و صنعت ایران - تهران,تهران,با آزمون,نوبت دوم,مرد و زن,15,,,,فاقد خوابگاه,,74,اصلی,,,
30516,مهندسی نفت و زمین‌انرژی,دانشگاه علم و صنعت ایران - تهران,تهران,با آزمون,نوبت دوم,مرد و زن,5,,,,فاقد خوابگاه,,74,اصلی,,,
30517,مهندسی و علم مواد,دانشگاه علم و صنعت ایران - تهران,تهران,با آزمون,نوبت دوم,مرد و زن,12,,,,فاقد خوابگاه,,74,اصلی,,,
30518,معماری داخلی,دانشگاه هنر ایران (محل تحصیل تهران),تهران,با آزمون,روزانه,مرد و زن,20,,10,10,فاقد خوابگاه,,74,اصلی,,,
30519,مهندسی شهرسازی,دانشگاه هنر ایران (محل تحصیل تهران),تهران,با آزمون,روزانه,مرد و زن,22,,,,فاقد خوابگاه,,74,اصلی,,,
30520,مهندسی معماری,دانشگاه هنر ایران (محل تحصیل تهران),تهران,با آزمون,روزانه,مرد و زن,32,,,,فاقد خوابگاه,,74,اصلی,,,
30521,مهندسی الکترونیک هواپیمایی,مرکز آموزش عالی هوانوردی و فرودگاهی کشور,تهران,با آزمون,روزانه,مرد,10,,,,دارای مصاحبه - بورس شرکت فرودگاهها و ناوبری هوایی ایران - شرایط در دفترچه «پیوست‌ها» - محل کار بورسیه استان تهران - عدم تعهد در واگذاری خوابگاه,,74,اصلی,,,
30522,مهندسی الکترونیک هواپیمایی,مرکز آموزش عالی هوانوردی و فرودگاهی کشور,تهران,با آزمون,روزانه,مرد,1,,,,دارای مصاحبه - بورس شرکت فرودگاهها و ناوبری هوایی ایران - شرایط در دفترچه «پیوست‌ها» - محل کار بورسیه شهر ایلام - عدم تعهد در واگذاری خوابگاه,,74,اصلی,,,
30523,مهندسی الکترونیک هواپیمایی,مرکز آموزش عالی هوانوردی و فرودگاهی کشور,تهران,با آزمون,روزانه,مرد,2,,,,دارای مصاحبه - بورس شرکت فرودگاهها و ناوبری هوایی ایران - شرایط در دفترچه «پیوست‌ها» - محل کار بورسیه شهر بندرعباس - عدم تعهد در واگذاری خوابگاه,,74,اصلی,,,
30524,مهندسی الکترونیک هواپیمایی,مرکز آموزش عالی هوانوردی و فرودگاهی کشور,تهران,با آزمون,روزانه,مرد,2,,,,دارای مصاحبه - بورس شرکت فرودگاهها و ناوبری هوایی ایران - شرایط در دفترچه «پیوست‌ها» - محل کار بورسیه شهر بیرجند - عدم تعهد در واگذاری خوابگاه,,74,اصلی,,,
30525,مهندسی الکترونیک هواپیمایی,مرکز آموزش عالی هوانوردی و فرودگاهی کشور,تهران,با آزمون,روزانه,مرد,1,,,,دارای مصاحبه - بورس شرکت فرودگاهها و ناوبری هوایی ایران - شرایط در دفترچه «پیوست‌ها» - محل کار بورسیه شهر رفسنجان - عدم تعهد در واگذاری خوابگاه,,74,اصلی,,,
30526,مهندسی الکترونیک هواپیمایی,مرکز آموزش عالی هوانوردی و فرودگاهی کشور,تهران,با آزمون,روزانه,مرد,1,,,,دارای مصاحبه - بورس شرکت فرودگاهها و ناوبری هوایی ایران - شرایط در دفترچه «پیوست‌ها» - محل کار بورسیه شهر زابل - عدم تعهد در واگذاری خوابگاه,,75,اصلی,,,
30527,مهندسی الکترونیک هواپیمایی,مرکز آموزش عالی هوانوردی و فرودگاهی کشور,تهران,با آزمون,روزانه,مرد,1,,,,دارای مصاحبه - بورس شرکت فرودگاهها و ناوبری هوایی ایران - شرایط در دفترچه «پیوست‌ها» - محل کار بورسیه شهر سنندج - عدم تعهد در واگذاری خوابگاه,,75,اصلی,,,
30528,مهندسی الکترونیک هواپیمایی,مرکز آموزش عالی هوانوردی و فرودگاهی کشور,تهران,با آزمون,روزانه,مرد,1,,,,دارای مصاحبه - بورس شرکت فرودگاهها و ناوبری هوایی ایران - شرایط در دفترچه «پیوست‌ها» - محل کار بورسیه شهر لارستان - عدم تعهد در واگذاری خوابگاه,,75,اصلی,,,
30529,مهندسی الکترونیک هواپیمایی,مرکز آموزش عالی هوانوردی و فرودگاهی کشور,تهران,با آزمون,روزانه,مرد,1,,,,دارای مصاحبه - بورس شرکت فرودگاهها و ناوبری هوایی ایران - شرایط در دفترچه «پیوست‌ها» - محل کار بورسیه شهر لامرد - عدم تعهد در واگذاری خوابگاه,,75,اصلی,,,
30530,مهندسی اویونیک,مرکز آموزش عالی هوانوردی و فرودگاهی کشور,تهران,با آزمون,روزانه,مرد,15,,,,شرایط در دفترچه «پیوست‌ها» - عدم تعهد در واگذاری خوابگاه,,75,اصلی,,,
30531,مهندسی تعمیر و نگهداری هواپیما,مرکز آموزش عالی هوانوردی و فرودگاهی کشور,تهران,با آزمون,روزانه,مرد,20,,,,شرایط در دفترچه «پیوست‌ها» - عدم تعهد در واگذاری خوابگاه,,75,اصلی,,,
30532,مهندسی مخابرات هواپیمایی,مرکز آموزش عالی هوانوردی و فرودگاهی کشور,تهران,با آزمون,روزانه,مرد,6,,,,دارای مصاحبه - بورس شرکت فرودگاهها و ناوبری هوایی ایران - شرایط در دفترچه «پیوست‌ها» - محل کار بورسیه استان تهران - عدم تعهد در واگذاری خوابگاه,,75,اصلی,,,
30533,مهندسی مخابرات هواپیمایی,مرکز آموزش عالی هوانوردی و فرودگاهی کشور,تهران,با آزمون,روزانه,مرد,2,,,,دارای مصاحبه - بورس شرکت فرودگاهها و ناوبری هوایی ایران - شرایط در دفترچه «پیوست‌ها» - محل کار بورسیه شهر بندرعباس - عدم تعهد در واگذاری خوابگاه,,75,اصلی,,,
30534,مهندسی مخابرات هواپیمایی,مرکز آموزش عالی هوانوردی و فرودگاهی کشور,تهران,با آزمون,روزانه,مرد,2,,,,دارای مصاحبه - بورس شرکت فرودگاهها و ناوبری هوایی ایران - شرایط در دفترچه «پیوست‌ها» - محل کار بورسیه شهر زاهدان - عدم تعهد در واگذاری خوابگاه,,75,اصلی,,,
30535,مهندسی مخابرات هواپیمایی,مرکز آموزش عالی هوانوردی و فرودگاهی کشور,تهران,با آزمون,روزانه,مرد,2,,,,دارای مصاحبه - بورس شرکت فرودگاهها و ناوبری هوایی ایران - شرایط در دفترچه «پیوست‌ها» - محل کار بورسیه شهر کرمان - عدم تعهد در واگذاری خوابگاه,,75,اصلی,,,
30536,مهندسی هوانوردی و مراقبت پرواز,مرکز آموزش عالی هوانوردی و فرودگاهی کشور,تهران,با آزمون,روزانه,مرد,13,,,,دارای مصاحبه - بورس شرکت فرودگاهها و ناوبری هوایی ایران - شرایط در دفترچه «پیوست‌ها» - محل کار بورسیه استان تهران - عدم تعهد در واگذاری خوابگاه,,75,اصلی,,,
30537,مهندسی هوانوردی و مراقبت پرواز,مرکز آموزش عالی هوانوردی و فرودگاهی کشور,تهران,با آزمون,روزانه,مرد,2,,,,دارای مصاحبه - بورس شرکت فرودگاهها و ناوبری هوایی ایران - شرایط در دفترچه «پیوست‌ها» - محل کار بورسیه شهر اهواز - عدم تعهد در واگذاری خوابگاه,,75,اصلی,,,
30538,مهندسی هوانوردی و مراقبت پرواز,مرکز آموزش عالی هوانوردی و فرودگاهی کشور,تهران,با آزمون,روزانه,مرد,2,,,,دارای مصاحبه - بورس شرکت فرودگاهها و ناوبری هوایی ایران - شرایط در دفترچه «پیوست‌ها» - محل کار بورسیه شهر بندرعباس - عدم تعهد در واگذاری خوابگاه,,76,اصلی,,,
30539,مهندسی هوانوردی و مراقبت پرواز,مرکز آموزش عالی هوانوردی و فرودگاهی کشور,تهران,با آزمون,روزانه,مرد,2,,,,دارای مصاحبه - بورس شرکت فرودگاهها و ناوبری هوایی ایران - شرایط در دفترچه «پیوست‌ها» - محل کار بورسیه شهر بوشهر - عدم تعهد در واگذاری خوابگاه,,76,اصلی,,,
30540,مهندسی هوانوردی و مراقبت پرواز,مرکز آموزش عالی هوانوردی و فرودگاهی کشور,تهران,با آزمون,روزانه,مرد,2,,,,دارای مصاحبه - بورس شرکت فرودگاهها و ناوبری هوایی ایران - شرایط در دفترچه «پیوست‌ها» - محل کار بورسیه شهر زاهدان - عدم تعهد در واگذاری خوابگاه,,76,اصلی,,,
30541,مهندسی هوانوردی و مراقبت پرواز,مرکز آموزش عالی هوانوردی و فرودگاهی کشور,تهران,با آزمون,روزانه,مرد,2,,,,دارای مصاحبه - بورس شرکت فرودگاهها و ناوبری هوایی ایران - شرایط در دفترچه «پیوست‌ها» - محل کار بورسیه شهر کرمان - عدم تعهد در واگذاری خوابگاه,,76,اصلی,,,
30542,مهندسی هوانوردی و مراقبت پرواز,مرکز آموزش عالی هوانوردی و فرودگاهی کشور,تهران,با آزمون,روزانه,مرد,2,,,,دارای مصاحبه - بورس شرکت فرودگاهها و ناوبری هوایی ایران - شرایط در دفترچه «پیوست‌ها» - محل کار بورسیه شهر کرمانشاه - عدم تعهد در واگذاری خوابگاه,,76,اصلی,,,
30543,مهندسی حرفه‌ای کامپیوتر,دانشگاه ملی مهارت - آموزشکده شماره دو پسران تهران (شهید شمسیپور),تهران,با آزمون,روزانه,مرد,30,,,,,,76,اصلی,,,
36074,حسابداری,دانشگاه ملی مهارت - آموزشکده شماره دو پسران تهران (شهید شمسیپور),تهران,با آزمون,روزانه,مرد,3,,,,,,76,اصلی,,,
30544,مهندسی حرفه‌ای کامپیوتر,دانشگاه ملی مهارت - دانشکده دختران تهران (دکتر شریعتی),تهران,با آزمون,روزانه,زن,30,,,,,,76,اصلی,,,
30545,مهندسی حرفه‌ای کامپیوتر,دانشگاه ملی مهارت - دانشکده دختران تهران (دکتر شریعتی),تهران,با آزمون,روزانه,زن,,30,,,,,76,اصلی,,,
30546,مهندسی حرفه‌ای معماری,دانشگاه ملی مهارت - دانشکده دختران تهران (دکتر شریعتی),تهران,با آزمون,روزانه,زن,30,,,,,,76,اصلی,,,
30547,مهندسی حرفه‌ای معماری,دانشگاه ملی مهارت - دانشکده دختران تهران (دکتر شریعتی),تهران,با آزمون,روزانه,زن,,30,,,,,76,اصلی,,,
36075,حسابداری,دانشگاه ملی مهارت - دانشکده دختران تهران (دکتر شریعتی),تهران,با آزمون,روزانه,زن,3,,,,,,76,اصلی,,,
36076,حسابداری,دانشگاه ملی مهارت - دانشکده دختران تهران (دکتر شریعتی),تهران,با آزمون,روزانه,زن,,3,,,,,76,اصلی,,,
30548,مهندسی حرفه‌ای معماری,دانشگاه ملی مهارت - دانشکده شماره یک پسران تهران (انقلاب اسلامی),تهران,با آزمون,روزانه,مرد,30,,,,,,76,اصلی,,,
30549,مهندسی حرفه‌ای معماری,دانشگاه ملی مهارت - دانشکده شماره یک پسران تهران (انقلاب اسلامی),تهران,با آزمون,روزانه,مرد,,30,,,,,76,اصلی,,,
35957,امنیت اطلاعات,دانشگاه اطلاعات و امنیت ملی امام باقر(ع),تهران,با آزمون,روزانه,مرد,,5,,,دارای مصاحبه - شرایط در دفترچه «پیوست‌ها»,,76,اصلی,,,
35958,امنیت اقتصادی,دانشگاه اطلاعات و امنیت ملی امام باقر(ع),تهران,با آزمون,روزانه,مرد,,5,,,دارای مصاحبه - شرایط در دفترچه «پیوست‌ها»,,76,اصلی,,,
35959,امنیت بینالملل,دانشگاه اطلاعات و امنیت ملی امام باقر(ع),تهران,با آزمون,روزانه,مرد,,5,,,دارای مصاحبه - شرایط در دفترچه «پیوست‌ها»,,76,اصلی,,,
35960,امنیت نرم,دانشگاه اطلاعات و امنیت ملی امام باقر(ع),تهران,با آزمون,روزانه,مرد,,5,,,دارای مصاحبه - شرایط در دفترچه «پیوست‌ها»,,76,اصلی,,,
35961,پژوهشگری امنیت,دانشگاه اطلاعات و امنیت ملی امام باقر(ع),تهران,با آزمون,روزانه,مرد,,5,,,دارای مصاحبه - شرایط در دفترچه «پیوست‌ها»,,77,اصلی,,,
35962,حفاظت اطلاعات,دانشگاه اطلاعات و امنیت ملی امام باقر(ع),تهران,با آزمون,روزانه,مرد,,5,,,دارای مصاحبه - شرایط در دفترچه «پیوست‌ها»,,77,اصلی,,,
35963,ضد تروریسم,دانشگاه اطلاعات و امنیت ملی امام باقر(ع),تهران,با آزمون,روزانه,مرد,,5,,,دارای مصاحبه - شرایط در دفترچه «پیوست‌ها»,,77,اصلی,,,
35964,علوم فنی امنیت,دانشگاه اطلاعات و امنیت ملی امام باقر(ع),تهران,با آزمون,روزانه,مرد,,5,,,دارای مصاحبه - شرایط در دفترچه «پیوست‌ها»,,77,اصلی,,,
35965,فناوری اطلاعات و ارتباطات,دانشگاه اطلاعات و امنیت ملی امام باقر(ع),تهران,با آزمون,روزانه,مرد,,5,,,دارای مصاحبه - شرایط در دفترچه «پیوست‌ها»,,77,اصلی,,,
35966,مدیریت اطلاعات و ارتباطات,دانشگاه اطلاعات و امنیت ملی امام باقر(ع),تهران,با آزمون,روزانه,مرد,,5,,,دارای مصاحبه - شرایط در دفترچه «پیوست‌ها»,,77,اصلی,,,
35999,کارشناسی ارشد پیوسته معارف اسلامی و اقتصاد,دانشگاه جامع امام حسین (ع) - تهران,تهران,با آزمون,روزانه,مرد,8,,,,دارای مصاحبه - شرایط در دفترچه «پیوست‌ها»,,77,اصلی,,,
36000,کارشناسی ارشد پیوسته معارف اسلامی و حقوق,دانشگاه جامع امام حسین (ع) - تهران,تهران,با آزمون,روزانه,مرد,2,,,,دارای مصاحبه - شرایط در دفترچه «پیوست‌ها»,,77,اصلی,,,
36001,کارشناسی ارشد پیوسته معارف اسلامی و فرهنگ و ارتباطات,دانشگاه جامع امام حسین (ع) - تهران,تهران,با آزمون,روزانه,مرد,2,,,,دارای مصاحبه - شرایط در دفترچه «پیوست‌ها»,,77,اصلی,,,
36002,کارشناسی ارشد پیوسته معارف اسلامی و مدیریت,دانشگاه جامع امام حسین (ع) - تهران,تهران,با آزمون,روزانه,مرد,2,,,,دارای مصاحبه - شرایط در دفترچه «پیوست‌ها»,,77,اصلی,,,
36003,کارشناسی ارشد پیوسته مهندسی شیمی گرایش مواد پرانرژی,دانشگاه جامع امام حسین (ع) - تهران,تهران,با آزمون,روزانه,مرد,4,,,,دارای مصاحبه - شرایط در دفترچه «پیوست‌ها»,,77,اصلی,,,
36033,حسابداری,دانشگاه صنعت نفت (محل تحصیل واحد تهران),تهران,با آزمون,روزانه,مرد و زن,3,,,,دارای خوابگاه ملکی,,77,اصلی,,,
36070,روانشناسی,دانشگاه علوم توانبخشی و سلامت اجتماعی - تهران,تهران,با آزمون,روزانه,مرد و زن,2,,,,,,77,اصلی,,,
36071,کارشناسی ارشد پیوسته علوم قضایی,دانشگاه علوم قضایی و خدمات اداری - تهران - وابسته به قوه قضائیه,تهران,با آزمون,روزانه,مرد,4,,,,دارای مصاحبه - شرایط در دفترچه «پیوست‌ها» - فاقد خوابگاه متأهلی,,77,اصلی,,,
36072,علوم قضایی,دانشگاه علوم قضایی و خدمات اداری - تهران - وابسته به قوه قضائیه,تهران,با آزمون,روزانه,زن,3,,,,دارای مصاحبه - شرایط در دفترچه «پیوست‌ها» - فاقد خوابگاه متأهلی,,77,اصلی,,,
36073,علوم قضایی,دانشگاه علوم قضایی و خدمات اداری - تهران - وابسته به قوه قضائیه,تهران,با آزمون,روزانه,مرد,13,,,,دارای مصاحبه - شرایط در دفترچه «پیوست‌ها» - فاقد خوابگاه متأهلی,,77,اصلی,,,
36091,روانشناسی,دانشگاه غیردولتی شهید مطهری - تهران,تهران,با آزمون,روزانه - غیردولتی,زن,6,,,,دارای مصاحبه - شرایط در دفترچه «پیوست‌ها» - تحصیل رایگان - دانشجویان علاوه بر واحدهای تخصصی باید 22 واحد حوزوی را نیز بگذرانند. - محدودیت در ارائه خوابگاه,,77,اصلی,,,
36092,فقه و حقوق اسلامی (برنامه درسی خاص دانشگاه شهید مطهری),دانشگاه غیردولتی شهید مطهری - تهران,تهران,با آزمون,روزانه - غیردولتی,زن,2,,,,دارای مصاحبه - شرایط در دفترچه «پیوست‌ها» - تحصیل رایگان - محدودیت در ارائه خوابگاه,,78,اصلی,,,
36093,فقه و حقوق اسلامی (برنامه درسی خاص دانشگاه شهید مطهری),دانشگاه غیردولتی شهید مطهری - تهران,تهران,با آزمون,روزانه - غیردولتی,مرد,2,,,,دارای مصاحبه - شرایط در دفترچه «پیوست‌ها» - تحصیل رایگان - محدودیت در ارائه خوابگاه,,78,اصلی,,,
36094,فلسفه و حکمت اسلامی,دانشگاه غیردولتی شهید مطهری - تهران,تهران,با آزمون,روزانه - غیردولتی,مرد,1,,,,دارای مصاحبه - شرایط در دفترچه «پیوست‌ها» - تحصیل رایگان - محدودیت در ارائه خوابگاه,,78,اصلی,,,
36095,فلسفه و حکمت اسلامی,دانشگاه غیردولتی شهید مطهری - تهران,تهران,با آزمون,روزانه - غیردولتی,زن,3,,,,دارای مصاحبه - شرایط در دفترچه «پیوست‌ها» - تحصیل رایگان - محدودیت در ارائه خوابگاه,,78,اصلی,,,
12023,علوم قرآن و حدیث,دانشگاه علوم و معارف قرآن کریم - وابسته به سازمان اوقاف و امور خیریه (محل تحصیل دانشکده علوم قرآنی تهران),تهران,صرفا با سوابق تحصیلی,روزانه,مرد,15,,,,دارای خوابگاه ملکی,,78,اصلی,,,
12519,کاردانی نقشه‌برداری - ژئودزی,آموزشکده فنی نقشه‌برداری - سازمان جغرافیایی نیروهای مسلح,تهران,صرفا با سوابق تحصیلی,نوبت دوم,مرد و زن,100,,,,دارای مصاحبه - شرایط در دفترچه «پیوست‌ها» - فاقد خوابگاه (اسامی چند برابر ظرفیت متقاضیان این رشته پس از اتمام مرحله انتخاب رشته استخراج و برای انجام مصاحبه و سایر مراحل گزینش از طریق درگاه اطلاعرسانی این سازمان اعلام خواهد شد.),,78,اصلی,,,
12406,ادیان,دانشگاه غیردولتی بین‌المللی مذاهب اسلامی (محل تحصیل واحد تهران),تهران,صرفا با سوابق تحصیلی,روزانه - غیردولتی,مرد و زن,35,,,,شرایط در دفترچه «پیوست‌ها» - تحصیل رایگان - فاقد خوابگاه,,78,اصلی,,,
12407,تاریخ اسلام,دانشگاه غیردولتی بین‌المللی مذاهب اسلامی (محل تحصیل واحد تهران),تهران,صرفا با سوابق تحصیلی,روزانه - غیردولتی,مرد و زن,40,,,,شرایط در دفترچه «پیوست‌ها» - تحصیل رایگان - فاقد خوابگاه,,78,اصلی,,,
12408,حقوق,دانشگاه غیردولتی بین‌المللی مذاهب اسلامی (محل تحصیل واحد تهران),تهران,صرفا با سوابق تحصیلی,روزانه - غیردولتی,مرد و زن,30,,,,شرایط در دفترچه «پیوست‌ها» - تحصیل رایگان - فاقد خوابگاه,,78,اصلی,,,
12409,زبان و ادبیات عربی,دانشگاه غیردولتی بین‌المللی مذاهب اسلامی (محل تحصیل واحد تهران),تهران,صرفا با سوابق تحصیلی,روزانه - غیردولتی,مرد و زن,35,,,,شرایط در دفترچه «پیوست‌ها» - تحصیل رایگان - فاقد خوابگاه,,78,اصلی,,,
12410,علوم قرآن و حدیث,دانشگاه غیردولتی بین‌المللی مذاهب اسلامی (محل تحصیل واحد تهران),تهران,صرفا با سوابق تحصیلی,روزانه - غیردولتی,مرد و زن,35,,,,شرایط در دفترچه «پیوست‌ها» - تحصیل رایگان - فاقد خوابگاه,,78,اصلی,,,
12411,فقه و حقوق امامی,دانشگاه غیردولتی بین‌المللی مذاهب اسلامی (محل تحصیل واحد تهران),تهران,صرفا با سوابق تحصیلی,روزانه - غیردولتی,مرد و زن,30,,,,شرایط در دفترچه «پیوست‌ها» - تحصیل رایگان- مختص خواهران و برادران مذهب امامی (شیعه) - فاقد خوابگاه,,78,اصلی,,,
12412,فقه و حقوق حنفی,دانشگاه غیردولتی بین‌المللی مذاهب اسلامی (محل تحصیل واحد تهران),تهران,صرفا با سوابق تحصیلی,روزانه - غیردولتی,مرد و زن,20,,,,شرایط در دفترچه «پیوست‌ها» - تحصیل رایگان- مختص خواهران و برادران مذهب حنفی (اهل سنت) - فاقد خوابگاه,,78,اصلی,,,
12413,فقه و حقوق شافعی,دانشگاه غیردولتی بین‌المللی مذاهب اسلامی (محل تحصیل واحد تهران),تهران,صرفا با سوابق تحصیلی,روزانه - غیردولتی,مرد و زن,20,,,,شرایط در دفترچه «پیوست‌ها» - تحصیل رایگان- مختص خواهران و برادران مذهب شافعی (اهل سنت) - فاقد خوابگاه,,79,اصلی,,,
12414,فلسفه,دانشگاه غیردولتی بین‌المللی مذاهب اسلامی (محل تحصیل واحد تهران),تهران,صرفا با سوابق تحصیلی,روزانه - غیردولتی,مرد و زن,40,,,,شرایط در دفترچه «پیوست‌ها» - تحصیل رایگان - فاقد خوابگاه,,79,اصلی,,,
12415,فلسفه و عرفان اسلامی,دانشگاه غیردولتی بین‌المللی مذاهب اسلامی (محل تحصیل واحد تهران),تهران,صرفا با سوابق تحصیلی,روزانه - غیردولتی,مرد و زن,40,,,,شرایط در دفترچه «پیوست‌ها» - تحصیل رایگان - فاقد خوابگاه,,79,اصلی,,,
30550,علوم کامپیوتر,دانشگاه شهرکرد,چهارمحال و بختیاری,با آزمون,روزانه,مرد و زن,50,,,,فاقد خوابگاه,,79,اصلی,,,
30551,مهندسی برق,دانشگاه شهرکرد,چهارمحال و بختیاری,با آزمون,روزانه,مرد و زن,70,,,,,,79,اصلی,,,
30552,مهندسی عمران,دانشگاه شهرکرد,چهارمحال و بختیاری,با آزمون,روزانه,مرد و زن,40,,,,,,79,اصلی,,,
30553,مهندسی کامپیوتر,دانشگاه شهرکرد,چهارمحال و بختیاری,با آزمون,روزانه,مرد و زن,60,,,,فاقد خوابگاه,,79,اصلی,,,
30554,مهندسی مکانیک,دانشگاه شهرکرد,چهارمحال و بختیاری,با آزمون,روزانه,مرد و زن,70,,,,,,79,اصلی,,,
30555,مهندسی و علم مواد,دانشگاه شهرکرد,چهارمحال و بختیاری,با آزمون,روزانه,مرد و زن,70,,,,,,79,اصلی,,,
36096,شیمی کاربردی,دانشگاه شهرکرد,چهارمحال و بختیاری,با آزمون,روزانه,مرد و زن,8,,,,فاقد خوابگاه,,79,اصلی,,,
36097,علوم ورزشی,دانشگاه شهرکرد,چهارمحال و بختیاری,با آزمون,روزانه,زن,2,,,,,,79,اصلی,,,
36098,علوم ورزشی,دانشگاه شهرکرد,چهارمحال و بختیاری,با آزمون,روزانه,مرد,2,,,,,,79,اصلی,,,
36099,علوم ورزشی,دانشگاه شهرکرد,چهارمحال و بختیاری,با آزمون,روزانه,زن,,2,,,,,79,اصلی,,,
36100,علوم ورزشی,دانشگاه شهرکرد,چهارمحال و بختیاری,با آزمون,روزانه,مرد,,2,,,,,79,اصلی,,,
36101,گردشگری,دانشگاه شهرکرد,چهارمحال و بختیاری,با آزمون,روزانه,مرد و زن,3,,,,فاقد خوابگاه,,79,اصلی,,,
12520,ریاضیات و کاربردها,دانشگاه شهرکرد,چهارمحال و بختیاری,صرفا با سوابق تحصیلی,روزانه,مرد و زن,35,,,,فاقد خوابگاه,,79,اصلی,,,
12521,علوم و مهندسی آب,دانشگاه شهرکرد,چهارمحال و بختیاری,صرفا با سوابق تحصیلی,روزانه,مرد و زن,20,,,,فاقد خوابگاه,,79,اصلی,,,
12522,فیزیک,دانشگاه شهرکرد,چهارمحال و بختیاری,صرفا با سوابق تحصیلی,روزانه,مرد و زن,40,,,,فاقد خوابگاه,,79,اصلی,,,
12523,فیزیک مهندسی,دانشگاه شهرکرد,چهارمحال و بختیاری,صرفا با سوابق تحصیلی,روزانه,مرد و زن,40,,,,فاقد خوابگاه,,79,اصلی,,,
12524,مهندسی ماشین‌های صنایع غذایی,دانشگاه شهرکرد,چهارمحال و بختیاری,صرفا با سوابق تحصیلی,روزانه,مرد و زن,20,,,,فاقد خوابگاه,,79,اصلی,,,
12525,مهندسی مکانیزاسیون کشاورزی,دانشگاه شهرکرد,چهارمحال و بختیاری,صرفا با سوابق تحصیلی,روزانه,مرد و زن,20,,,,فاقد خوابگاه,,79,اصلی,,,
12526,مهندسی مکانیک بیوسیستم (این رشته متعلق به گروه کشاورزی است),دانشگاه شهرکرد,چهارمحال و بختیاری,صرفا با سوابق تحصیلی,روزانه,مرد و زن,20,,,,فاقد خوابگاه,,79,اصلی,,,
12527,زیست‌شناسی جانوری,دانشگاه شهرکرد,چهارمحال و بختیاری,صرفا با سوابق تحصیلی,روزانه,مرد و زن,25,,,,فاقد خوابگاه,,79,اصلی,,,
12528,زیست‌شناسی گیاهی,دانشگاه شهرکرد,چهارمحال و بختیاری,صرفا با سوابق تحصیلی,روزانه,مرد و زن,30,,,,فاقد خوابگاه,,79,اصلی,,,
12529,علوم و مهندسی باغبانی,دانشگاه شهرکرد,چهارمحال و بختیاری,صرفا با سوابق تحصیلی,روزانه,مرد و زن,20,,,,فاقد خوابگاه,,79,اصلی,,,
12530,علوم و مهندسی جنگل,دانشگاه شهرکرد,چهارمحال و بختیاری,صرفا با سوابق تحصیلی,روزانه,مرد و زن,20,,,,فاقد خوابگاه,,79,اصلی,,,
12531,علوم و مهندسی خاک,دانشگاه شهرکرد,چهارمحال و بختیاری,صرفا با سوابق تحصیلی,روزانه,مرد و زن,20,,,,فاقد خوابگاه,,79,اصلی,,,
12532,علوم و مهندسی شیلات,دانشگاه شهرکرد,چهارمحال و بختیاری,صرفا با سوابق تحصیلی,روزانه,مرد و زن,20,,,,فاقد خوابگاه,,79,اصلی,,,
12533,علوم و مهندسی محیط‌زیست,دانشگاه شهرکرد,چهارمحال و بختیاری,صرفا با سوابق تحصیلی,روزانه,مرد و زن,20,,,,فاقد خوابگاه,,79,اصلی,,,
12534,مهندسی تولید و ژنتیک گیاهی,دانشگاه شهرکرد,چهارمحال و بختیاری,صرفا با سوابق تحصیلی,روزانه,مرد و زن,20,,,,فاقد خوابگاه,,79,اصلی,,,
12535,مهندسی صنایع مبلمان,دانشگاه شهرکرد,چهارمحال و بختیاری,صرفا با سوابق تحصیلی,روزانه,مرد و زن,20,,,,فاقد خوابگاه,,79,اصلی,,,
12536,مهندسی طبیعت,دانشگاه شهرکرد,چهارمحال و بختیاری,صرفا با سوابق تحصیلی,روزانه,مرد و زن,20,,,,فاقد خوابگاه,,79,اصلی,,,
12537,مهندسی علوم دامی,دانشگاه شهرکرد,چهارمحال و بختیاری,صرفا با سوابق تحصیلی,روزانه,مرد و زن,20,,,,فاقد خوابگاه,,79,اصلی,,,
12538,مهندسی گیاهپزشکی,دانشگاه شهرکرد,چهارمحال و بختیاری,صرفا با سوابق تحصیلی,روزانه,مرد و زن,20,,,,فاقد خوابگاه,,79,اصلی,,,
12539,ادیان و عرفان,دانشگاه شهرکرد,چهارمحال و بختیاری,صرفا با سوابق تحصیلی,روزانه,مرد و زن,40,,,,فاقد خوابگاه,,79,اصلی,,,
30556,مهندسی حرفه‌ای کامپیوتر,دانشگاه ملی مهارت - آموزشکده پسران شهرکرد,چهارمحال و بختیاری,با آزمون,روزانه,مرد,45,,,,,,79,اصلی,,,
36102,حسابداری,دانشگاه ملی مهارت - آموزشکده پسران شهرکرد,چهارمحال و بختیاری,با آزمون,روزانه,مرد,3,,,,,,79,اصلی,,,
36103,حسابداری,دانشگاه ملی مهارت - آموزشکده پسران شهرکرد,چهارمحال و بختیاری,با آزمون,روزانه,مرد,,3,,,,,79,اصلی,,,
12639,مهندسی حرفه‌ای معماری,دانشگاه ملی مهارت - آموزشکده پسران شهرکرد,چهارمحال و بختیاری,صرفا با سوابق تحصیلی,روزانه,مرد,45,,,,,,79,اصلی,,,
12640,مهندسی حرفه‌ای کامپیوتر,دانشگاه ملی مهارت - آموزشکده پسران شهرکرد,چهارمحال و بختیاری,صرفا با سوابق تحصیلی,نوبت دوم,مرد,5,,,,,,79,اصلی,,,
12641,مهندسی حرفه‌ای معماری,دانشگاه ملی مهارت - آموزشکده پسران شهرکرد,چهارمحال و بختیاری,صرفا با سوابق تحصیلی,نوبت دوم,مرد,5,,,,,,79,اصلی,,,
30557,مهندسی حرفه‌ای کامپیوتر,دانشگاه ملی مهارت - آموزشکده دختران شهرکرد,چهارمحال و بختیاری,با آزمون,روزانه,زن,30,,,,,,80,اصلی,,,
12540,فرش,دانشگاه شهرکرد (محل تحصیل دانشکده ادبیات و علوم انسانی فارسان),چهارمحال و بختیاری,صرفا با سوابق تحصیلی,روزانه,مرد و زن,20,,,,دارای خوابگاه ملکی,,80,اصلی,,,
12541,صنایع دستی,دانشگاه شهرکرد (محل تحصیل دانشکده ادبیات و علوم انسانی فارسان),چهارمحال و بختیاری,صرفا با سوابق تحصیلی,نوبت دوم,مرد و زن,5,,,,دارای خوابگاه ملکی,,80,اصلی,,,
12542,فرش,دانشگاه شهرکرد (محل تحصیل دانشکده ادبیات و علوم انسانی فارسان),چهارمحال و بختیاری,صرفا با سوابق تحصیلی,نوبت دوم,مرد و زن,5,,,,دارای خوابگاه ملکی,,80,اصلی,,,
30558,مهندسی عمران,دانشگاه بیرجند,خراسان جنوبی,با آزمون,روزانه,مرد و زن,55,,,,,,80,اصلی,,,
30559,مهندسی کامپیوتر,دانشگاه بیرجند,خراسان جنوبی,با آزمون,روزانه,مرد و زن,50,,,,,,80,اصلی,,,
30560,مهندسی معماری,دانشگاه بیرجند,خراسان جنوبی,با آزمون,روزانه,مرد و زن,20,,,,,,80,اصلی,,,
30561,مهندسی مکانیک,دانشگاه بیرجند,خراسان جنوبی,با آزمون,روزانه,مرد و زن,80,,,,,,80,اصلی,,,
36106,اقتصاد,دانشگاه بیرجند,خراسان جنوبی,با آزمون,روزانه,مرد و زن,20,,,,,,80,اصلی,,,
36107,روانشناسی,دانشگاه بیرجند,خراسان جنوبی,با آزمون,روزانه,مرد و زن,4,,,,,,80,اصلی,,,
36108,علوم ورزشی,دانشگاه بیرجند,خراسان جنوبی,با آزمون,روزانه,زن,1,,,,,,80,اصلی,,,
36109,علوم ورزشی,دانشگاه بیرجند,خراسان جنوبی,با آزمون,روزانه,مرد,1,,,,,,80,اصلی,,,
36110,مدیریت دولتی,دانشگاه بیرجند,خراسان جنوبی,با آزمون,روزانه,مرد و زن,5,,,,,,80,اصلی,,,
30562,مهندسی عمران,دانشگاه بیرجند,خراسان جنوبی,با آزمون,نوبت دوم,مرد و زن,10,,,,,,80,اصلی,,,
30563,مهندسی کامپیوتر,دانشگاه بیرجند,خراسان جنوبی,با آزمون,نوبت دوم,مرد و زن,10,,,,,,80,اصلی,,,
36111,مدیریت دولتی,دانشگاه بیرجند,خراسان جنوبی,با آزمون,نوبت دوم,مرد و زن,1,,,,,,80,اصلی,,,
12659,آمار,دانشگاه بیرجند,خراسان جنوبی,صرفا با سوابق تحصیلی,روزانه,مرد و زن,25,,,,,,80,اصلی,,,
12660,آمار و سنجش آموزشی,دانشگاه بیرجند,خراسان جنوبی,صرفا با سوابق تحصیلی,روزانه,مرد و زن,24,,,,,,80,اصلی,,,
12661,بیم‌سنجی,دانشگاه بیرجند,خراسان جنوبی,صرفا با سوابق تحصیلی,روزانه,مرد و زن,30,,,,,,80,اصلی,,,
12662,ریاضیات و کاربردها,دانشگاه بیرجند,خراسان جنوبی,صرفا با سوابق تحصیلی,روزانه,مرد و زن,30,,,,,,80,اصلی,,,
12663,علوم و مهندسی آب,دانشگاه بیرجند,خراسان جنوبی,صرفا با سوابق تحصیلی,روزانه,مرد و زن,20,,,,,,80,اصلی,,,
12664,فیزیک,دانشگاه بیرجند,خراسان جنوبی,صرفا با سوابق تحصیلی,روزانه,مرد و زن,35,,,,,,80,اصلی,,,
12665,مهندسی برق,دانشگاه بیرجند,خراسان جنوبی,صرفا با سوابق تحصیلی,روزانه,مرد و زن,120,,,,,,80,اصلی,,,
12666,مهندسی پزشکی,دانشگاه بیرجند,خراسان جنوبی,صرفا با سوابق تحصیلی,روزانه,مرد و زن,65,,,,,,80,اصلی,,,
12667,مهندسی ساخت و تولید,دانشگاه بیرجند,خراسان جنوبی,صرفا با سوابق تحصیلی,روزانه,مرد و زن,40,,,,,,80,اصلی,,,
12668,مهندسی شهرسازی,دانشگاه بیرجند,خراسان جنوبی,صرفا با سوابق تحصیلی,روزانه,مرد و زن,20,,,,,,80,اصلی,,,
12669,مهندسی معدن,دانشگاه بیرجند,خراسان جنوبی,صرفا با سوابق تحصیلی,روزانه,مرد و زن,50,,,,,,80,اصلی,,,
12677,زمین‌شناسی,دانشگاه بیرجند,خراسان جنوبی,صرفا با سوابق تحصیلی,روزانه,مرد و زن,30,,,,,,80,اصلی,,,
12678,زیست‌شناسی گیاهی,دانشگاه بیرجند,خراسان جنوبی,صرفا با سوابق تحصیلی,روزانه,مرد و زن,40,,,,,,80,اصلی,,,
12679,شیمی کاربردی,دانشگاه بیرجند,خراسان جنوبی,صرفا با سوابق تحصیلی,روزانه,مرد و زن,90,,,,,,80,اصلی,,,
12680,شیمی محض,دانشگاه بیرجند,خراسان جنوبی,صرفا با سوابق تحصیلی,روزانه,مرد و زن,90,,,,,,80,اصلی,,,
12681,علوم و مهندسی باغبانی,دانشگاه بیرجند,خراسان جنوبی,صرفا با سوابق تحصیلی,روزانه,مرد و زن,20,,,,,,80,اصلی,,,
12682,علوم و مهندسی خاک,دانشگاه بیرجند,خراسان جنوبی,صرفا با سوابق تحصیلی,روزانه,مرد و زن,20,,,,,,80,اصلی,,,
12683,علوم و مهندسی محیط‌زیست,دانشگاه بیرجند,خراسان جنوبی,صرفا با سوابق تحصیلی,روزانه,مرد و زن,20,,,,,,80,اصلی,,,
12684,مهندسی تولید و ژنتیک گیاهی,دانشگاه بیرجند,خراسان جنوبی,صرفا با سوابق تحصیلی,روزانه,مرد و زن,20,,,,,,80,اصلی,,,
12685,مهندسی طبیعت,دانشگاه بیرجند,خراسان جنوبی,صرفا با سوابق تحصیلی,روزانه,مرد و زن,20,,,,,,80,اصلی,,,
12686,مهندسی علوم دامی,دانشگاه بیرجند,خراسان جنوبی,صرفا با سوابق تحصیلی,روزانه,مرد و زن,20,,,,,,80,اصلی,,,
12687,مهندسی گیاهپزشکی,دانشگاه بیرجند,خراسان جنوبی,صرفا با سوابق تحصیلی,روزانه,مرد و زن,20,,,,,,80,اصلی,,,
12696,علم اطلاعات و دانش‌شناسی,دانشگاه بیرجند,خراسان جنوبی,صرفا با سوابق تحصیلی,روزانه,مرد و زن,40,,30,10,,,80,اصلی,,,
12697,فلسفه و کلام اسلامی,دانشگاه بیرجند,خراسان جنوبی,صرفا با سوابق تحصیلی,روزانه,مرد و زن,45,,,,,,80,اصلی,,,
12702,باستان‌شناسی,دانشگاه بیرجند,خراسان جنوبی,صرفا با سوابق تحصیلی,روزانه,مرد و زن,25,,,,,,80,اصلی,,,
12703,فرش,دانشگاه بیرجند,خراسان جنوبی,صرفا با سوابق تحصیلی,روزانه,مرد و زن,25,,,,,,80,اصلی,,,
12704,هنر اسلامی,دانشگاه بیرجند,خراسان جنوبی,صرفا با سوابق تحصیلی,روزانه,مرد و زن,30,,,,,,80,اصلی,,,
12707,زبان و ادبیات انگلیسی,دانشگاه بیرجند,خراسان جنوبی,صرفا با سوابق تحصیلی,روزانه,مرد و زن,35,,,,,,80,اصلی,,,
12670,علوم و مهندسی آب,دانشگاه بیرجند,خراسان جنوبی,صرفا با سوابق تحصیلی,نوبت دوم,مرد و زن,20,,,,,,80,اصلی,,,
12671,مهندسی برق,دانشگاه بیرجند,خراسان جنوبی,صرفا با سوابق تحصیلی,نوبت دوم,مرد و زن,20,,,,,,80,اصلی,,,
12672,مهندسی پزشکی,دانشگاه بیرجند,خراسان جنوبی,صرفا با سوابق تحصیلی,نوبت دوم,مرد و زن,10,,,,,,81,اصلی,,,
12673,مهندسی ساخت و تولید,دانشگاه بیرجند,خراسان جنوبی,صرفا با سوابق تحصیلی,نوبت دوم,مرد و زن,20,,,,,,81,اصلی,,,
12674,مهندسی معدن,دانشگاه بیرجند,خراسان جنوبی,صرفا با سوابق تحصیلی,نوبت دوم,مرد و زن,15,,,,,,81,اصلی,,,
12675,مهندسی معماری,دانشگاه بیرجند,خراسان جنوبی,صرفا با سوابق تحصیلی,نوبت دوم,مرد و زن,5,,,,,,81,اصلی,,,
12676,مهندسی مکانیک,دانشگاه بیرجند,خراسان جنوبی,صرفا با سوابق تحصیلی,نوبت دوم,مرد و زن,20,,,,,,81,اصلی,,,
12688,زمین‌شناسی,دانشگاه بیرجند,خراسان جنوبی,صرفا با سوابق تحصیلی,نوبت دوم,مرد و زن,10,,,,,,81,اصلی,,,
12689,زیست‌شناسی گیاهی,دانشگاه بیرجند,خراسان جنوبی,صرفا با سوابق تحصیلی,نوبت دوم,مرد و زن,10,,,,,,81,اصلی,,,
12690,علوم و مهندسی باغبانی,دانشگاه بیرجند,خراسان جنوبی,صرفا با سوابق تحصیلی,نوبت دوم,مرد و زن,5,,,,,,81,اصلی,,,
12691,علوم و مهندسی خاک,دانشگاه بیرجند,خراسان جنوبی,صرفا با سوابق تحصیلی,نوبت دوم,مرد و زن,5,,,,,,81,اصلی,,,
12692,مهندسی تولید و ژنتیک گیاهی,دانشگاه بیرجند,خراسان جنوبی,صرفا با سوابق تحصیلی,نوبت دوم,مرد و زن,5,,,,,,81,اصلی,,,
12693,مهندسی طبیعت,دانشگاه بیرجند,خراسان جنوبی,صرفا با سوابق تحصیلی,نوبت دوم,مرد و زن,5,,,,,,81,اصلی,,,
12694,مهندسی علوم دامی,دانشگاه بیرجند,خراسان جنوبی,صرفا با سوابق تحصیلی,نوبت دوم,مرد و زن,10,,,,,,81,اصلی,,,
12695,مهندسی گیاهپزشکی,دانشگاه بیرجند,خراسان جنوبی,صرفا با سوابق تحصیلی,نوبت دوم,مرد و زن,5,,,,,,81,اصلی,,,
12698,اقتصاد,دانشگاه بیرجند,خراسان جنوبی,صرفا با سوابق تحصیلی,نوبت دوم,مرد و زن,5,,,,,,81,اصلی,,,
12699,جغرافیا,دانشگاه بیرجند,خراسان جنوبی,صرفا با سوابق تحصیلی,نوبت دوم,مرد و زن,10,,,,,,81,اصلی,,,
12700,علم اطلاعات و دانش‌شناسی,دانشگاه بیرجند,خراسان جنوبی,صرفا با سوابق تحصیلی,نوبت دوم,مرد و زن,10,,5,5,,,81,اصلی,,,
12701,علوم ورزشی,دانشگاه بیرجند,خراسان جنوبی,صرفا با سوابق تحصیلی,نوبت دوم,مرد و زن,10,,5,5,,,81,اصلی,,,
12705,صنایع دستی,دانشگاه بیرجند,خراسان جنوبی,صرفا با سوابق تحصیلی,نوبت دوم,مرد و زن,5,,,,,,81,اصلی,,,
12706,هنر اسلامی,دانشگاه بیرجند,خراسان جنوبی,صرفا با سوابق تحصیلی,نوبت دوم,مرد و زن,5,,,,,,81,اصلی,,,
12708,زبان و ادبیات انگلیسی,دانشگاه بیرجند,خراسان جنوبی,صرفا با سوابق تحصیلی,نوبت دوم,مرد و زن,10,,,,,,81,اصلی,,,
12709,مترجمی زبان انگلیسی,دانشگاه بیرجند,خراسان جنوبی,صرفا با سوابق تحصیلی,نوبت دوم,مرد و زن,10,,,,,,81,اصلی,,,
30564,مهندسی شیمی,دانشگاه صنعتی بیرجند,خراسان جنوبی,با آزمون,روزانه,مرد و زن,24,,,,,,81,اصلی,,,
30565,مهندسی صنایع و سیستم‌ها,دانشگاه صنعتی بیرجند,خراسان جنوبی,با آزمون,روزانه,مرد و زن,42,,,,,,81,اصلی,,,
30566,مهندسی عمران,دانشگاه صنعتی بیرجند,خراسان جنوبی,با آزمون,روزانه,مرد و زن,20,,,,,,81,اصلی,,,
30567,مهندسی کامپیوتر,دانشگاه صنعتی بیرجند,خراسان جنوبی,با آزمون,روزانه,مرد و زن,45,,,,,,81,اصلی,,,
30568,مهندسی مکانیک,دانشگاه صنعتی بیرجند,خراسان جنوبی,با آزمون,روزانه,مرد و زن,33,,,,,,81,اصلی,,,
30569,مهندسی صنایع و سیستم‌ها,دانشگاه صنعتی بیرجند,خراسان جنوبی,با آزمون,نوبت دوم,مرد و زن,5,,,,,,81,اصلی,,,
12716,علوم کامپیوتر,دانشگاه صنعتی بیرجند,خراسان جنوبی,صرفا با سوابق تحصیلی,روزانه,مرد و زن,28,,,,,,81,اصلی,,,
12717,علوم مهندسی,دانشگاه صنعتی بیرجند,خراسان جنوبی,صرفا با سوابق تحصیلی,روزانه,مرد و زن,25,,,,,,81,اصلی,,,
12718,مهندسی انرژی,دانشگاه صنعتی بیرجند,خراسان جنوبی,صرفا با سوابق تحصیلی,روزانه,مرد و زن,23,,,,,,81,اصلی,,,
12719,مهندسی پلیمر,دانشگاه صنعتی بیرجند,خراسان جنوبی,صرفا با سوابق تحصیلی,روزانه,مرد و زن,20,,,,,,81,اصلی,,,
12720,مهندسی معدن,دانشگاه صنعتی بیرجند,خراسان جنوبی,صرفا با سوابق تحصیلی,روزانه,مرد و زن,47,,,,,,81,اصلی,,,
12721,مهندسی و علم مواد,دانشگاه صنعتی بیرجند,خراسان جنوبی,صرفا با سوابق تحصیلی,روزانه,مرد و زن,34,,,,,,81,اصلی,,,
12722,علوم کامپیوتر,دانشگاه صنعتی بیرجند,خراسان جنوبی,صرفا با سوابق تحصیلی,نوبت دوم,مرد و زن,3,,,,,,81,اصلی,,,
12723,مهندسی انرژی,دانشگاه صنعتی بیرجند,خراسان جنوبی,صرفا با سوابق تحصیلی,نوبت دوم,مرد و زن,3,,,,,,81,اصلی,,,
12724,مهندسی پلیمر,دانشگاه صنعتی بیرجند,خراسان جنوبی,صرفا با سوابق تحصیلی,نوبت دوم,مرد و زن,3,,,,,,81,اصلی,,,
12725,مهندسی شیمی,دانشگاه صنعتی بیرجند,خراسان جنوبی,صرفا با سوابق تحصیلی,نوبت دوم,مرد و زن,12,,,,,,81,اصلی,,,
12726,مهندسی عمران,دانشگاه صنعتی بیرجند,خراسان جنوبی,صرفا با سوابق تحصیلی,نوبت دوم,مرد و زن,13,,,,,,81,اصلی,,,
12727,مهندسی مکانیک,دانشگاه صنعتی بیرجند,خراسان جنوبی,صرفا با سوابق تحصیلی,نوبت دوم,مرد و زن,5,,,,,,81,اصلی,,,
36104,حسابداری,دانشگاه بزرگمهر قائنات,خراسان جنوبی,با آزمون,روزانه,مرد و زن,5,,,,,,81,اصلی,,,
36105,حسابداری,دانشگاه بزرگمهر قائنات,خراسان جنوبی,با آزمون,نوبت دوم,مرد و زن,1,,,,,,81,اصلی,,,
12648,مهندسی انرژی,دانشگاه بزرگمهر قائنات,خراسان جنوبی,صرفا با سوابق تحصیلی,روزانه,مرد و زن,26,,,,,,81,اصلی,,,
12649,مهندسی عمران,دانشگاه بزرگمهر قائنات,خراسان جنوبی,صرفا با سوابق تحصیلی,روزانه,مرد و زن,30,,,,,,81,اصلی,,,
12650,مهندسی کامپیوتر,دانشگاه بزرگمهر قائنات,خراسان جنوبی,صرفا با سوابق تحصیلی,روزانه,مرد و زن,45,,,,,,81,اصلی,,,
12651,مهندسی مکانیک,دانشگاه بزرگمهر قائنات,خراسان جنوبی,صرفا با سوابق تحصیلی,روزانه,مرد و زن,34,,,,,,81,اصلی,,,
12656,جغرافیا,دانشگاه بزرگمهر قائنات,خراسان جنوبی,صرفا با سوابق تحصیلی,روزانه,مرد و زن,30,,,,,,81,اصلی,,,
12652,مهندسی انرژی,دانشگاه بزرگمهر قائنات,خراسان جنوبی,صرفا با سوابق تحصیلی,نوبت دوم,مرد و زن,2,,,,,,82,اصلی,,,
12653,مهندسی عمران,دانشگاه بزرگمهر قائنات,خراسان جنوبی,صرفا با سوابق تحصیلی,نوبت دوم,مرد و زن,3,,,,,,82,اصلی,,,
12654,مهندسی کامپیوتر,دانشگاه بزرگمهر قائنات,خراسان جنوبی,صرفا با سوابق تحصیلی,نوبت دوم,مرد و زن,2,,,,,,82,اصلی,,,
12655,مهندسی مکانیک,دانشگاه بزرگمهر قائنات,خراسان جنوبی,صرفا با سوابق تحصیلی,نوبت دوم,مرد و زن,2,,,,,,82,اصلی,,,
12657,جغرافیا,دانشگاه بزرگمهر قائنات,خراسان جنوبی,صرفا با سوابق تحصیلی,نوبت دوم,مرد و زن,2,,,,,,82,اصلی,,,
12658,فقه و حقوق اسلامی,دانشگاه بزرگمهر قائنات,خراسان جنوبی,صرفا با سوابق تحصیلی,نوبت دوم,مرد و زن,10,,,,,,82,اصلی,,,
36112,حسابداری,دانشگاه ملی مهارت - آموزشکده دختران بیرجند,خراسان جنوبی,با آزمون,روزانه,زن,4,,,,,,82,اصلی,,,
36113,حسابداری,دانشگاه ملی مهارت - آموزشکده دختران بیرجند,خراسان جنوبی,با آزمون,نوبت دوم,زن,1,,,,,,82,اصلی,,,
12817,طراحی لباس,دانشگاه ملی مهارت - آموزشکده دختران بیرجند,خراسان جنوبی,صرفا با سوابق تحصیلی,روزانه,زن,,40,,,,,82,اصلی,,,
12818,طراحی لباس,دانشگاه ملی مهارت - آموزشکده دختران بیرجند,خراسان جنوبی,صرفا با سوابق تحصیلی,نوبت دوم,زن,,5,,,,,82,اصلی,,,
12710,مهندسی برق,دانشگاه بیرجند (محل تحصیل دانشکده فنی فردوس واقع در شهرستان فردوس),خراسان جنوبی,صرفا با سوابق تحصیلی,روزانه,مرد و زن,50,,,,,,82,اصلی,,,
12711,مهندسی عمران,دانشگاه بیرجند (محل تحصیل دانشکده فنی فردوس واقع در شهرستان فردوس),خراسان جنوبی,صرفا با سوابق تحصیلی,روزانه,مرد و زن,50,,,,,,82,اصلی,,,
12712,مهندسی کامپیوتر,دانشگاه بیرجند (محل تحصیل دانشکده فنی فردوس واقع در شهرستان فردوس),خراسان جنوبی,صرفا با سوابق تحصیلی,روزانه,مرد و زن,50,,,,,,82,اصلی,,,
12713,علوم و مهندسی محیط‌زیست,دانشگاه بیرجند (محل تحصیل آموزشکده کشاورزی سرایان),خراسان جنوبی,صرفا با سوابق تحصیلی,روزانه,مرد و زن,20,,,,در صورت عدم تحقق حدنصاب تشکیل کلاس، محل برگزاری کلاس، پردیس کشاورزی،منابع طبیعی و محیط زیست بیرجند خواهد بود.,,82,اصلی,,,
12714,مهندسی تولید و ژنتیک گیاهی,دانشگاه بیرجند (محل تحصیل آموزشکده کشاورزی سرایان),خراسان جنوبی,صرفا با سوابق تحصیلی,روزانه,مرد و زن,20,,,,در صورت عدم تحقق حدنصاب تشکیل کلاس، محل برگزاری کلاس، پردیس کشاورزی، منابع طبیعی و محیط زیست بیرجند خواهد بود.,,82,اصلی,,,
12715,مهندسی تولید و ژنتیک گیاهی,دانشگاه بیرجند (محل تحصیل آموزشکده کشاورزی سرایان),خراسان جنوبی,صرفا با سوابق تحصیلی,نوبت دوم,مرد و زن,5,,,,در صورت عدم تحقق حدنصاب تشکیل کلاس، محل برگزاری کلاس، پردیس کشاورزی، منابع طبیعی و محیط زیست بیرجند خواهد بود.,,82,اصلی,,,
12815,مهندسی حرفه‌ای کامپیوتر,دانشگاه ملی مهارت - آموزشکده پسران بیرجند (ابن حسام),خراسان جنوبی,صرفا با سوابق تحصیلی,روزانه,مرد,55,,,,,,82,اصلی,,,
12816,مهندسی حرفه‌ای کامپیوتر,دانشگاه ملی مهارت - آموزشکده پسران بیرجند (ابن حسام),خراسان جنوبی,صرفا با سوابق تحصیلی,نوبت دوم,مرد,5,,,,,,82,اصلی,,,
30570,مهندسی صنایع و سیستم‌ها,دانشگاه تربت حیدریه,خراسان رضوی,با آزمون,روزانه,مرد و زن,24,,,,معرفی به خوابگاه‌های خودگردان,,82,اصلی,,,
30571,مهندسی عمران,دانشگاه تربت حیدریه,خراسان رضوی,با آزمون,روزانه,مرد و زن,22,,,,معرفی به خوابگاه‌های خودگردان,,82,اصلی,,,
30572,مهندسی کامپیوتر,دانشگاه تربت حیدریه,خراسان رضوی,با آزمون,روزانه,مرد و زن,32,,,,معرفی به خوابگاه‌های خودگردان,,82,اصلی,,,
30573,مهندسی معماری,دانشگاه تربت حیدریه,خراسان رضوی,با آزمون,روزانه,مرد و زن,20,,,,معرفی به خوابگاه‌های خودگردان,,82,اصلی,,,
30574,مهندسی مکانیک,دانشگاه تربت حیدریه,خراسان رضوی,با آزمون,روزانه,مرد و زن,26,,,,معرفی به خوابگاه‌های خودگردان,,82,اصلی,,,
36114,مدیریت صنعتی,دانشگاه تربت حیدریه,خراسان رضوی,با آزمون,روزانه,مرد و زن,2,,,,معرفی به خوابگاه‌های خودگردان,,82,اصلی,,,
12823,علوم و مهندسی آب,دانشگاه تربت حیدریه,خراسان رضوی,صرفا با سوابق تحصیلی,روزانه,مرد و زن,18,,,,معرفی به خوابگاه‌های خودگردان,,82,اصلی,,,
12824,مهندسی برق,دانشگاه تربت حیدریه,خراسان رضوی,صرفا با سوابق تحصیلی,روزانه,مرد و زن,30,,,,معرفی به خوابگاه‌های خودگردان,,82,اصلی,,,
12825,مهندسی و علم مواد,دانشگاه تربت حیدریه,خراسان رضوی,صرفا با سوابق تحصیلی,روزانه,مرد و زن,19,,,,معرفی به خوابگاه‌های خودگردان,,82,اصلی,,,
12826,کاردانی ارتباطات و فناوری اطلاعات,دانشگاه تربت حیدریه,خراسان رضوی,صرفا با سوابق تحصیلی,روزانه,مرد و زن,60,,,,معرفی به خوابگاه‌های خودگردان,,82,اصلی,,,
12827,کاردانی معماری,دانشگاه تربت حیدریه,خراسان رضوی,صرفا با سوابق تحصیلی,روزانه,مرد و زن,40,,,,معرفی به خوابگاه‌های خودگردان,,82,اصلی,,,
12828,علوم و مهندسی باغبانی,دانشگاه تربت حیدریه,خراسان رضوی,صرفا با سوابق تحصیلی,روزانه,مرد و زن,13,,,,معرفی به خوابگاه‌های خودگردان,,82,اصلی,,,
12829,مهندسی اقتصاد کشاورزی,دانشگاه تربت حیدریه,خراسان رضوی,صرفا با سوابق تحصیلی,روزانه,مرد و زن,11,,,,معرفی به خوابگاه‌های خودگردان,,82,اصلی,,,
12830,مهندسی تولید و ژنتیک گیاهی,دانشگاه تربت حیدریه,خراسان رضوی,صرفا با سوابق تحصیلی,روزانه,مرد و زن,13,,,,معرفی به خوابگاه‌های خودگردان,,82,اصلی,,,
12831,مهندسی طبیعت,دانشگاه تربت حیدریه,خراسان رضوی,صرفا با سوابق تحصیلی,روزانه,مرد و زن,10,,,,معرفی به خوابگاه‌های خودگردان,,83,اصلی,,,
12832,کاردانی تکنولوژی تولیدات گیاهی,دانشگاه تربت حیدریه,خراسان رضوی,صرفا با سوابق تحصیلی,روزانه,مرد و زن,40,,,,معرفی به خوابگاه‌های خودگردان,,83,اصلی,,,
12833,کاردانی تولید و بهره‌برداری از گیاهان دارویی و معطر,دانشگاه تربت حیدریه,خراسان رضوی,صرفا با سوابق تحصیلی,روزانه,مرد و زن,40,,,,معرفی به خوابگاه‌های خودگردان,,83,اصلی,,,
12834,باستان‌شناسی,دانشگاه تربت حیدریه,خراسان رضوی,صرفا با سوابق تحصیلی,روزانه,مرد و زن,13,,,,معرفی به خوابگاه‌های خودگردان,,83,اصلی,,,
12835,علوم سیاسی,دانشگاه تربت حیدریه,خراسان رضوی,صرفا با سوابق تحصیلی,روزانه,مرد و زن,13,,,,معرفی به خوابگاه‌های خودگردان,,83,اصلی,,,
30575,علوم کامپیوتر,دانشگاه حکیم سبزواری - سبزوار,خراسان رضوی,با آزمون,روزانه,مرد و زن,37,,,,,,83,اصلی,,,
30576,مهندسی برق,دانشگاه حکیم سبزواری - سبزوار,خراسان رضوی,با آزمون,روزانه,مرد و زن,42,,,,,,83,اصلی,,,
30577,مهندسی شیمی,دانشگاه حکیم سبزواری - سبزوار,خراسان رضوی,با آزمون,روزانه,مرد و زن,42,,,,,,83,اصلی,,,
30578,مهندسی عمران,دانشگاه حکیم سبزواری - سبزوار,خراسان رضوی,با آزمون,روزانه,مرد و زن,42,,,,,,83,اصلی,,,
30579,مهندسی کامپیوتر,دانشگاه حکیم سبزواری - سبزوار,خراسان رضوی,با آزمون,روزانه,مرد و زن,40,,,,,,83,اصلی,,,
30580,مهندسی معماری,دانشگاه حکیم سبزواری - سبزوار,خراسان رضوی,با آزمون,روزانه,مرد و زن,32,,,,,,83,اصلی,,,
30581,مهندسی مکانیک,دانشگاه حکیم سبزواری - سبزوار,خراسان رضوی,با آزمون,روزانه,مرد و زن,37,,,,,,83,اصلی,,,
30582,مهندسی نفت و زمین‌انرژی,دانشگاه حکیم سبزواری - سبزوار,خراسان رضوی,با آزمون,روزانه,مرد و زن,37,,,,,,83,اصلی,,,
30583,مهندسی هوافضا,دانشگاه حکیم سبزواری - سبزوار,خراسان رضوی,با آزمون,روزانه,مرد و زن,42,,,,,,83,اصلی,,,
36115,اقتصاد,دانشگاه حکیم سبزواری - سبزوار,خراسان رضوی,با آزمون,روزانه,مرد و زن,14,,,,,,83,اصلی,,,
36116,روانشناسی,دانشگاه حکیم سبزواری - سبزوار,خراسان رضوی,با آزمون,روزانه,مرد و زن,4,,,,,,83,اصلی,,,
36117,علوم ورزشی,دانشگاه حکیم سبزواری - سبزوار,خراسان رضوی,با آزمون,روزانه,زن,2,,,,,,83,اصلی,,,
36118,علوم ورزشی,دانشگاه حکیم سبزواری - سبزوار,خراسان رضوی,با آزمون,روزانه,مرد,2,,,,,,83,اصلی,,,
30584,علوم کامپیوتر,دانشگاه حکیم سبزواری - سبزوار,خراسان رضوی,با آزمون,نوبت دوم,مرد و زن,3,,,,,,83,اصلی,,,
30585,مهندسی برق,دانشگاه حکیم سبزواری - سبزوار,خراسان رضوی,با آزمون,نوبت دوم,مرد و زن,5,,,,,,83,اصلی,,,
30586,مهندسی شیمی,دانشگاه حکیم سبزواری - سبزوار,خراسان رضوی,با آزمون,نوبت دوم,مرد و زن,2,,,,,,83,اصلی,,,
30587,مهندسی عمران,دانشگاه حکیم سبزواری - سبزوار,خراسان رضوی,با آزمون,نوبت دوم,مرد و زن,5,,,,,,83,اصلی,,,
30588,مهندسی کامپیوتر,دانشگاه حکیم سبزواری - سبزوار,خراسان رضوی,با آزمون,نوبت دوم,مرد و زن,7,,,,,,83,اصلی,,,
30589,مهندسی معماری,دانشگاه حکیم سبزواری - سبزوار,خراسان رضوی,با آزمون,نوبت دوم,مرد و زن,1,,,,,,83,اصلی,,,
30590,مهندسی مکانیک,دانشگاه حکیم سبزواری - سبزوار,خراسان رضوی,با آزمون,نوبت دوم,مرد و زن,5,,,,,,83,اصلی,,,
30591,مهندسی نفت و زمین‌انرژی,دانشگاه حکیم سبزواری - سبزوار,خراسان رضوی,با آزمون,نوبت دوم,مرد و زن,5,,,,,,83,اصلی,,,
30592,مهندسی هوافضا,دانشگاه حکیم سبزواری - سبزوار,خراسان رضوی,با آزمون,نوبت دوم,مرد و زن,5,,,,,,83,اصلی,,,
36119,روانشناسی,دانشگاه حکیم سبزواری - سبزوار,خراسان رضوی,با آزمون,نوبت دوم,مرد و زن,1,,,,,,83,اصلی,,,
12836,آمار,دانشگاه حکیم سبزواری - سبزوار,خراسان رضوی,صرفا با سوابق تحصیلی,روزانه,مرد و زن,29,,,,,,83,اصلی,,,
12837,آمار و سنجش آموزشی,دانشگاه حکیم سبزواری - سبزوار,خراسان رضوی,صرفا با سوابق تحصیلی,روزانه,مرد و زن,27,,,,,,83,اصلی,,,
12838,ریاضیات و کاربردها,دانشگاه حکیم سبزواری - سبزوار,خراسان رضوی,صرفا با سوابق تحصیلی,روزانه,مرد و زن,30,,,,,,83,اصلی,,,
12839,فیزیک,دانشگاه حکیم سبزواری - سبزوار,خراسان رضوی,صرفا با سوابق تحصیلی,روزانه,مرد و زن,33,,,,,,83,اصلی,,,
12840,فیزیک مهندسی,دانشگاه حکیم سبزواری - سبزوار,خراسان رضوی,صرفا با سوابق تحصیلی,روزانه,مرد و زن,25,,,,,,83,اصلی,,,
12841,مهندسی پلیمر,دانشگاه حکیم سبزواری - سبزوار,خراسان رضوی,صرفا با سوابق تحصیلی,روزانه,مرد و زن,37,,,,,,83,اصلی,,,
12842,مهندسی شهرسازی,دانشگاه حکیم سبزواری - سبزوار,خراسان رضوی,صرفا با سوابق تحصیلی,روزانه,مرد و زن,37,,,,,,83,اصلی,,,
12843,مهندسی و علم مواد,دانشگاه حکیم سبزواری - سبزوار,خراسان رضوی,صرفا با سوابق تحصیلی,روزانه,مرد و زن,24,,,,,,83,اصلی,,,
12851,زیست‌شناسی جانوری,دانشگاه حکیم سبزواری - سبزوار,خراسان رضوی,صرفا با سوابق تحصیلی,روزانه,مرد و زن,26,,,,,,83,اصلی,,,
12852,زیست‌شناسی گیاهی,دانشگاه حکیم سبزواری - سبزوار,خراسان رضوی,صرفا با سوابق تحصیلی,روزانه,مرد و زن,27,,,,,,83,اصلی,,,
12853,شیمی کاربردی,دانشگاه حکیم سبزواری - سبزوار,خراسان رضوی,صرفا با سوابق تحصیلی,روزانه,مرد و زن,40,,,,,,83,اصلی,,,
12854,شیمی محض,دانشگاه حکیم سبزواری - سبزوار,خراسان رضوی,صرفا با سوابق تحصیلی,روزانه,مرد و زن,23,,,,,,83,اصلی,,,
12855,علوم و مهندسی محیط‌زیست,دانشگاه حکیم سبزواری - سبزوار,خراسان رضوی,صرفا با سوابق تحصیلی,روزانه,مرد و زن,20,,,,,,83,اصلی,,,
12861,ادیان و عرفان,دانشگاه حکیم سبزواری - سبزوار,خراسان رضوی,صرفا با سوابق تحصیلی,روزانه,مرد و زن,22,,,,,,83,اصلی,,,
12862,تاریخ و تمدن ملل اسلامی,دانشگاه حکیم سبزواری - سبزوار,خراسان رضوی,صرفا با سوابق تحصیلی,روزانه,مرد و زن,28,,,,,,83,اصلی,,,
12863,فلسفه و کلام اسلامی,دانشگاه حکیم سبزواری - سبزوار,خراسان رضوی,صرفا با سوابق تحصیلی,روزانه,مرد و زن,29,,,,,,83,اصلی,,,
12870,مرمت بناهای تاریخی,دانشگاه حکیم سبزواری - سبزوار,خراسان رضوی,صرفا با سوابق تحصیلی,روزانه,مرد و زن,27,,,,,,83,اصلی,,,
12872,زبان و ادبیات فرانسه,دانشگاه حکیم سبزواری - سبزوار,خراسان رضوی,صرفا با سوابق تحصیلی,روزانه,مرد و زن,32,,,,,,83,اصلی,,,
12874,علوم مهندسی,دانشگاه حکیم سبزواری - سبزوار,خراسان رضوی,صرفا با سوابق تحصیلی,روزانه,زن,27,,,,محل تحصیل دانشکده فنی و مهندسی فناوری‌های نوین سبزوار حضرت زینب (س) ویژه خواهران,,84,اصلی,,,
12875,مهندسی صنایع و سیستم‌ها,دانشگاه حکیم سبزواری - سبزوار,خراسان رضوی,صرفا با سوابق تحصیلی,روزانه,زن,33,,,,محل تحصیل دانشکده فنی و مهندسی فناوری‌های نوین سبزوار حضرت زینب (س) ویژه خواهران,,84,اصلی,,,
12876,مهندسی کامپیوتر,دانشگاه حکیم سبزواری - سبزوار,خراسان رضوی,صرفا با سوابق تحصیلی,روزانه,زن,37,,,,محل تحصیل دانشکده فنی و مهندسی فناوری‌های نوین سبزوار حضرت زینب (س) ویژه خواهران,,84,اصلی,,,
12844,آمار,دانشگاه حکیم سبزواری - سبزوار,خراسان رضوی,صرفا با سوابق تحصیلی,نوبت دوم,مرد و زن,3,,,,,,84,اصلی,,,
12845,آمار و سنجش آموزشی,دانشگاه حکیم سبزواری - سبزوار,خراسان رضوی,صرفا با سوابق تحصیلی,نوبت دوم,مرد و زن,2,,,,,,84,اصلی,,,
12846,ریاضیات و کاربردها,دانشگاه حکیم سبزواری - سبزوار,خراسان رضوی,صرفا با سوابق تحصیلی,نوبت دوم,مرد و زن,2,,,,,,84,اصلی,,,
12847,فیزیک,دانشگاه حکیم سبزواری - سبزوار,خراسان رضوی,صرفا با سوابق تحصیلی,نوبت دوم,مرد و زن,4,,,,,,84,اصلی,,,
12848,مهندسی پلیمر,دانشگاه حکیم سبزواری - سبزوار,خراسان رضوی,صرفا با سوابق تحصیلی,نوبت دوم,مرد و زن,3,,,,,,84,اصلی,,,
12849,مهندسی شهرسازی,دانشگاه حکیم سبزواری - سبزوار,خراسان رضوی,صرفا با سوابق تحصیلی,نوبت دوم,مرد و زن,4,,,,,,84,اصلی,,,
12850,مهندسی و علم مواد,دانشگاه حکیم سبزواری - سبزوار,خراسان رضوی,صرفا با سوابق تحصیلی,نوبت دوم,مرد و زن,1,,,,,,84,اصلی,,,
12856,زیست‌شناسی جانوری,دانشگاه حکیم سبزواری - سبزوار,خراسان رضوی,صرفا با سوابق تحصیلی,نوبت دوم,مرد و زن,1,,,,,,84,اصلی,,,
12857,زیست‌شناسی گیاهی,دانشگاه حکیم سبزواری - سبزوار,خراسان رضوی,صرفا با سوابق تحصیلی,نوبت دوم,مرد و زن,2,,,,,,84,اصلی,,,
12858,شیمی کاربردی,دانشگاه حکیم سبزواری - سبزوار,خراسان رضوی,صرفا با سوابق تحصیلی,نوبت دوم,مرد و زن,1,,,,,,84,اصلی,,,
12859,شیمی محض,دانشگاه حکیم سبزواری - سبزوار,خراسان رضوی,صرفا با سوابق تحصیلی,نوبت دوم,مرد و زن,2,,,,,,84,اصلی,,,
12860,علوم و مهندسی محیط‌زیست,دانشگاه حکیم سبزواری - سبزوار,خراسان رضوی,صرفا با سوابق تحصیلی,نوبت دوم,مرد و زن,4,,,,,,84,اصلی,,,
12864,ادیان و عرفان,دانشگاه حکیم سبزواری - سبزوار,خراسان رضوی,صرفا با سوابق تحصیلی,نوبت دوم,مرد و زن,2,,,,,,84,اصلی,,,
12865,اقتصاد,دانشگاه حکیم سبزواری - سبزوار,خراسان رضوی,صرفا با سوابق تحصیلی,نوبت دوم,مرد و زن,2,,,,,,84,اصلی,,,
12866,تاریخ و تمدن ملل اسلامی,دانشگاه حکیم سبزواری - سبزوار,خراسان رضوی,صرفا با سوابق تحصیلی,نوبت دوم,مرد و زن,1,,,,,,84,اصلی,,,
12867,جغرافیا,دانشگاه حکیم سبزواری - سبزوار,خراسان رضوی,صرفا با سوابق تحصیلی,نوبت دوم,مرد و زن,1,,,,,,84,اصلی,,,
12868,علوم ورزشی,دانشگاه حکیم سبزواری - سبزوار,خراسان رضوی,صرفا با سوابق تحصیلی,نوبت دوم,مرد و زن,2,,1,1,,,84,اصلی,,,
12869,فلسفه و کلام اسلامی,دانشگاه حکیم سبزواری - سبزوار,خراسان رضوی,صرفا با سوابق تحصیلی,نوبت دوم,مرد و زن,1,,,,,,84,اصلی,,,
12871,مرمت بناهای تاریخی,دانشگاه حکیم سبزواری - سبزوار,خراسان رضوی,صرفا با سوابق تحصیلی,نوبت دوم,مرد و زن,3,,,,,,84,اصلی,,,
12873,زبان و ادبیات فرانسه,دانشگاه حکیم سبزواری - سبزوار,خراسان رضوی,صرفا با سوابق تحصیلی,نوبت دوم,مرد و زن,2,,,,,,84,اصلی,,,
12877,علوم مهندسی,دانشگاه حکیم سبزواری - سبزوار,خراسان رضوی,صرفا با سوابق تحصیلی,نوبت دوم,زن,2,,,,محل تحصیل دانشکده فنی و مهندسی فناوری‌های نوین سبزوار حضرت زینب (س) ویژه خواهران,,84,اصلی,,,
12878,مهندسی صنایع و سیستم‌ها,دانشگاه حکیم سبزواری - سبزوار,خراسان رضوی,صرفا با سوابق تحصیلی,نوبت دوم,زن,4,,,,محل تحصیل دانشکده فنی و مهندسی فناوری‌های نوین سبزوار حضرت زینب (س) ویژه خواهران,,84,اصلی,,,
12879,مهندسی کامپیوتر,دانشگاه حکیم سبزواری - سبزوار,خراسان رضوی,صرفا با سوابق تحصیلی,نوبت دوم,زن,2,,,,محل تحصیل دانشکده فنی و مهندسی فناوری‌های نوین سبزوار حضرت زینب (س) ویژه خواهران,,84,اصلی,,,
30593,مهندسی برق,دانشگاه صنعتی قوچان,خراسان رضوی,با آزمون,روزانه,مرد و زن,47,,,,محدودیت در ارائه خوابگاه,,84,اصلی,,,
30594,مهندسی صنایع و سیستم‌ها,دانشگاه صنعتی قوچان,خراسان رضوی,با آزمون,روزانه,مرد و زن,42,,,,محدودیت در ارائه خوابگاه,,84,اصلی,,,
30595,مهندسی عمران,دانشگاه صنعتی قوچان,خراسان رضوی,با آزمون,روزانه,مرد و زن,43,,,,محدودیت در ارائه خوابگاه,,84,اصلی,,,
30596,مهندسی کامپیوتر,دانشگاه صنعتی قوچان,خراسان رضوی,با آزمون,روزانه,مرد و زن,47,,,,محدودیت در ارائه خوابگاه,,84,اصلی,,,
30597,مهندسی مکانیک,دانشگاه صنعتی قوچان,خراسان رضوی,با آزمون,روزانه,مرد و زن,42,,,,محدودیت در ارائه خوابگاه,,84,اصلی,,,
30598,مهندسی صنایع و سیستم‌ها,دانشگاه صنعتی قوچان,خراسان رضوی,با آزمون,نوبت دوم,مرد و زن,8,,,,محدودیت در ارائه خوابگاه,,84,اصلی,,,
30599,مهندسی عمران,دانشگاه صنعتی قوچان,خراسان رضوی,با آزمون,نوبت دوم,مرد و زن,8,,,,محدودیت در ارائه خوابگاه,,84,اصلی,,,
30600,مهندسی مکانیک,دانشگاه صنعتی قوچان,خراسان رضوی,با آزمون,نوبت دوم,مرد و زن,10,,,,محدودیت در ارائه خوابگاه,,84,اصلی,,,
12880,ریاضیات و کاربردها,دانشگاه صنعتی قوچان,خراسان رضوی,صرفا با سوابق تحصیلی,روزانه,مرد و زن,20,,,,محدودیت در ارائه خوابگاه,,84,اصلی,,,
12881,مهندسی انرژی,دانشگاه صنعتی قوچان,خراسان رضوی,صرفا با سوابق تحصیلی,روزانه,مرد و زن,32,,,,محدودیت در ارائه خوابگاه,,84,اصلی,,,
12882,مهندسی پزشکی,دانشگاه صنعتی قوچان,خراسان رضوی,صرفا با سوابق تحصیلی,روزانه,مرد و زن,30,,,,محدودیت در ارائه خوابگاه,,84,اصلی,,,
12883,مهندسی پلیمر,دانشگاه صنعتی قوچان,خراسان رضوی,صرفا با سوابق تحصیلی,روزانه,مرد و زن,25,,,,محدودیت در ارائه خوابگاه,,85,اصلی,,,
12884,مهندسی شیمی,دانشگاه صنعتی قوچان,خراسان رضوی,صرفا با سوابق تحصیلی,روزانه,مرد و زن,43,,,,محدودیت در ارائه خوابگاه,,85,اصلی,,,
12885,مهندسی انرژی,دانشگاه صنعتی قوچان,خراسان رضوی,صرفا با سوابق تحصیلی,نوبت دوم,مرد و زن,10,,,,محدودیت در ارائه خوابگاه,,85,اصلی,,,
12886,مهندسی برق,دانشگاه صنعتی قوچان,خراسان رضوی,صرفا با سوابق تحصیلی,نوبت دوم,مرد و زن,10,,,,محدودیت در ارائه خوابگاه,,85,اصلی,,,
12887,مهندسی پلیمر,دانشگاه صنعتی قوچان,خراسان رضوی,صرفا با سوابق تحصیلی,نوبت دوم,مرد و زن,5,,,,محدودیت در ارائه خوابگاه,,85,اصلی,,,
12888,مهندسی شیمی,دانشگاه صنعتی قوچان,خراسان رضوی,صرفا با سوابق تحصیلی,نوبت دوم,مرد و زن,10,,,,محدودیت در ارائه خوابگاه,,85,اصلی,,,
12889,مهندسی کامپیوتر,دانشگاه صنعتی قوچان,خراسان رضوی,صرفا با سوابق تحصیلی,نوبت دوم,مرد و زن,8,,,,محدودیت در ارائه خوابگاه,,85,اصلی,,,
30601,آمار,دانشگاه فردوسی مشهد,خراسان رضوی,با آزمون,روزانه,مرد و زن,30,,,,محدودیت در ارائه خوابگاه,,85,اصلی,,,
30602,ریاضیات و کاربردها,دانشگاه فردوسی مشهد,خراسان رضوی,با آزمون,روزانه,مرد و زن,55,,,,محدودیت در ارائه خوابگاه,,85,اصلی,,,
30603,علوم کامپیوتر,دانشگاه فردوسی مشهد,خراسان رضوی,با آزمون,روزانه,مرد و زن,30,,,,محدودیت در ارائه خوابگاه,,85,اصلی,,,
30604,علوم و مهندسی آب,دانشگاه فردوسی مشهد,خراسان رضوی,با آزمون,روزانه,مرد و زن,30,,,,محدودیت در ارائه خوابگاه,,85,اصلی,,,
30605,فیزیک,دانشگاه فردوسی مشهد,خراسان رضوی,با آزمون,روزانه,مرد و زن,45,,,,محدودیت در ارائه خوابگاه,,85,اصلی,,,
30606,مهندسی برق,دانشگاه فردوسی مشهد,خراسان رضوی,با آزمون,روزانه,مرد و زن,100,,,,محدودیت در ارائه خوابگاه,,85,اصلی,,,
30607,مهندسی پلیمر,دانشگاه فردوسی مشهد,خراسان رضوی,با آزمون,روزانه,مرد و زن,20,,,,محدودیت در ارائه خوابگاه,,85,اصلی,,,
30608,مهندسی شهرسازی,دانشگاه فردوسی مشهد,خراسان رضوی,با آزمون,روزانه,مرد و زن,20,,,,محدودیت در ارائه خوابگاه,,85,اصلی,,,
30609,مهندسی شیمی,دانشگاه فردوسی مشهد,خراسان رضوی,با آزمون,روزانه,مرد و زن,45,,,,محدودیت در ارائه خوابگاه,,85,اصلی,,,
30610,مهندسی صنایع و سیستم‌ها,دانشگاه فردوسی مشهد,خراسان رضوی,با آزمون,روزانه,مرد و زن,35,,,,محدودیت در ارائه خوابگاه,,85,اصلی,,,
30611,مهندسی عمران,دانشگاه فردوسی مشهد,خراسان رضوی,با آزمون,روزانه,مرد و زن,50,,,,محدودیت در ارائه خوابگاه,,85,اصلی,,,
30612,مهندسی کامپیوتر,دانشگاه فردوسی مشهد,خراسان رضوی,با آزمون,روزانه,مرد و زن,60,,,,محدودیت در ارائه خوابگاه,,85,اصلی,,,
30613,مهندسی معماری,دانشگاه فردوسی مشهد,خراسان رضوی,با آزمون,روزانه,مرد و زن,20,,,,محدودیت در ارائه خوابگاه,,85,اصلی,,,
30614,مهندسی مکانیک,دانشگاه فردوسی مشهد,خراسان رضوی,با آزمون,روزانه,مرد و زن,70,,,,محدودیت در ارائه خوابگاه,,85,اصلی,,,
30615,مهندسی مکانیک بیوسیستم (این رشته متعلق به گروه کشاورزی است),دانشگاه فردوسی مشهد,خراسان رضوی,با آزمون,روزانه,مرد و زن,20,,,,محدودیت در ارائه خوابگاه,,85,اصلی,,,
30616,مهندسی نفت و زمین‌انرژی,دانشگاه فردوسی مشهد,خراسان رضوی,با آزمون,روزانه,مرد و زن,20,,,,محدودیت در ارائه خوابگاه,,85,اصلی,,,
30617,مهندسی نقشه‌برداری,دانشگاه فردوسی مشهد,خراسان رضوی,با آزمون,روزانه,مرد و زن,15,,,,محدودیت در ارائه خوابگاه,,85,اصلی,,,
30618,مهندسی و علم مواد,دانشگاه فردوسی مشهد,خراسان رضوی,با آزمون,روزانه,مرد و زن,50,,,,محدودیت در ارائه خوابگاه,,85,اصلی,,,
30619,مهندسی هوافضا,دانشگاه فردوسی مشهد,خراسان رضوی,با آزمون,روزانه,مرد و زن,20,,,,محدودیت در ارائه خوابگاه,,85,اصلی,,,
36120,اقتصاد,دانشگاه فردوسی مشهد,خراسان رضوی,با آزمون,روزانه,زن,12,,,,محدودیت در ارائه خوابگاه,,85,اصلی,,,
36121,اقتصاد,دانشگاه فردوسی مشهد,خراسان رضوی,با آزمون,روزانه,مرد,12,,,,محدودیت در ارائه خوابگاه,,85,اصلی,,,
36122,حسابداری,دانشگاه فردوسی مشهد,خراسان رضوی,با آزمون,روزانه,مرد و زن,2,,,,محدودیت در ارائه خوابگاه,,85,اصلی,,,
36123,روانشناسی,دانشگاه فردوسی مشهد,خراسان رضوی,با آزمون,روزانه,مرد و زن,4,,,,محدودیت در ارائه خوابگاه,,85,اصلی,,,
36124,شیمی کاربردی,دانشگاه فردوسی مشهد,خراسان رضوی,با آزمون,روزانه,مرد و زن,6,,,,محدودیت در ارائه خوابگاه,,85,اصلی,,,
36125,شیمی محض,دانشگاه فردوسی مشهد,خراسان رضوی,با آزمون,روزانه,مرد و زن,6,,,,محدودیت در ارائه خوابگاه,,85,اصلی,,,
36126,علم اطلاعات و دانش‌شناسی,دانشگاه فردوسی مشهد,خراسان رضوی,با آزمون,روزانه,مرد و زن,2,,,,محدودیت در ارائه خوابگاه,,85,اصلی,,,
36127,علوم ورزشی,دانشگاه فردوسی مشهد,خراسان رضوی,با آزمون,روزانه,زن,2,,,,محدودیت در ارائه خوابگاه,,85,اصلی,,,
36128,علوم ورزشی,دانشگاه فردوسی مشهد,خراسان رضوی,با آزمون,روزانه,مرد,2,,,,محدودیت در ارائه خوابگاه,,85,اصلی,,,
36129,گردشگری,دانشگاه فردوسی مشهد,خراسان رضوی,با آزمون,روزانه,مرد و زن,2,,,,محدودیت در ارائه خوابگاه,,85,اصلی,,,
36130,مددکاری اجتماعی,دانشگاه فردوسی مشهد,خراسان رضوی,با آزمون,روزانه,مرد و زن,2,,,,محدودیت در ارائه خوابگاه,,85,اصلی,,,
36131,مدیریت بازرگانی,دانشگاه فردوسی مشهد,خراسان رضوی,با آزمون,روزانه,مرد و زن,2,,,,محدودیت در ارائه خوابگاه,,85,اصلی,,,
36132,مدیریت دولتی,دانشگاه فردوسی مشهد,خراسان رضوی,با آزمون,روزانه,مرد و زن,2,,,,محدودیت در ارائه خوابگاه,,85,اصلی,,,
36133,مدیریت صنعتی,دانشگاه فردوسی مشهد,خراسان رضوی,با آزمون,روزانه,مرد و زن,2,,,,محدودیت در ارائه خوابگاه,,85,اصلی,,,
36134,مهندسی اقتصاد کشاورزی,دانشگاه فردوسی مشهد,خراسان رضوی,با آزمون,روزانه,مرد و زن,4,,,,محدودیت در ارائه خوابگاه,,85,اصلی,,,
30620,آمار,دانشگاه فردوسی مشهد,خراسان رضوی,با آزمون,نوبت دوم,مرد و زن,10,,,,فاقد خوابگاه,,85,اصلی,,,
30621,ریاضیات و کاربردها,دانشگاه فردوسی مشهد,خراسان رضوی,با آزمون,نوبت دوم,مرد و زن,15,,,,فاقد خوابگاه,,85,اصلی,,,
30622,علوم کامپیوتر,دانشگاه فردوسی مشهد,خراسان رضوی,با آزمون,نوبت دوم,مرد و زن,10,,,,فاقد خوابگاه,,85,اصلی,,,
30623,علوم و مهندسی آب,دانشگاه فردوسی مشهد,خراسان رضوی,با آزمون,نوبت دوم,مرد و زن,10,,,,فاقد خوابگاه,,85,اصلی,,,
30624,فیزیک,دانشگاه فردوسی مشهد,خراسان رضوی,با آزمون,نوبت دوم,مرد و زن,20,,,,فاقد خوابگاه,,85,اصلی,,,
30625,مهندسی برق,دانشگاه فردوسی مشهد,خراسان رضوی,با آزمون,نوبت دوم,مرد و زن,35,,,,فاقد خوابگاه,,85,اصلی,,,
30626,مهندسی پلیمر,دانشگاه فردوسی مشهد,خراسان رضوی,با آزمون,نوبت دوم,مرد و زن,5,,,,فاقد خوابگاه,,86,اصلی,,,
30627,مهندسی شیمی,دانشگاه فردوسی مشهد,خراسان رضوی,با آزمون,نوبت دوم,مرد و زن,10,,,,فاقد خوابگاه,,86,اصلی,,,
30628,مهندسی صنایع و سیستم‌ها,دانشگاه فردوسی مشهد,خراسان رضوی,با آزمون,نوبت دوم,مرد و زن,10,,,,فاقد خوابگاه,,86,اصلی,,,
30629,مهندسی عمران,دانشگاه فردوسی مشهد,خراسان رضوی,با آزمون,نوبت دوم,مرد و زن,15,,,,فاقد خوابگاه,,86,اصلی,,,
30630,مهندسی کامپیوتر,دانشگاه فردوسی مشهد,خراسان رضوی,با آزمون,نوبت دوم,مرد و زن,20,,,,فاقد خوابگاه,,86,اصلی,,,
30631,مهندسی مکانیک,دانشگاه فردوسی مشهد,خراسان رضوی,با آزمون,نوبت دوم,مرد و زن,20,,,,فاقد خوابگاه,,86,اصلی,,,
30632,مهندسی مکانیک بیوسیستم (این رشته متعلق به گروه کشاورزی است),دانشگاه فردوسی مشهد,خراسان رضوی,با آزمون,نوبت دوم,مرد و زن,5,,,,فاقد خوابگاه,,86,اصلی,,,
30633,مهندسی نفت و زمین‌انرژی,دانشگاه فردوسی مشهد,خراسان رضوی,با آزمون,نوبت دوم,مرد و زن,5,,,,فاقد خوابگاه,,86,اصلی,,,
30634,مهندسی نقشه‌برداری,دانشگاه فردوسی مشهد,خراسان رضوی,با آزمون,نوبت دوم,مرد و زن,5,,,,فاقد خوابگاه,,86,اصلی,,,
30635,مهندسی و علم مواد,دانشگاه فردوسی مشهد,خراسان رضوی,با آزمون,نوبت دوم,مرد و زن,15,,,,فاقد خوابگاه,,86,اصلی,,,
30636,مهندسی هوافضا,دانشگاه فردوسی مشهد,خراسان رضوی,با آزمون,نوبت دوم,مرد و زن,5,,,,فاقد خوابگاه,,86,اصلی,,,
36135,اقتصاد,دانشگاه فردوسی مشهد,خراسان رضوی,با آزمون,نوبت دوم,زن,3,,,,فاقد خوابگاه,,86,اصلی,,,
36136,اقتصاد,دانشگاه فردوسی مشهد,خراسان رضوی,با آزمون,نوبت دوم,مرد,3,,,,فاقد خوابگاه,,86,اصلی,,,
36137,روانشناسی,دانشگاه فردوسی مشهد,خراسان رضوی,با آزمون,نوبت دوم,مرد و زن,1,,,,فاقد خوابگاه,,86,اصلی,,,
36138,شیمی کاربردی,دانشگاه فردوسی مشهد,خراسان رضوی,با آزمون,نوبت دوم,مرد و زن,1,,,,فاقد خوابگاه,,86,اصلی,,,
36139,شیمی محض,دانشگاه فردوسی مشهد,خراسان رضوی,با آزمون,نوبت دوم,مرد و زن,1,,,,فاقد خوابگاه,,86,اصلی,,,
36140,علم اطلاعات و دانش‌شناسی,دانشگاه فردوسی مشهد,خراسان رضوی,با آزمون,نوبت دوم,مرد و زن,1,,,,فاقد خوابگاه,,86,اصلی,,,
36141,علوم ورزشی,دانشگاه فردوسی مشهد,خراسان رضوی,با آزمون,نوبت دوم,مرد,1,,,,فاقد خوابگاه,,86,اصلی,,,
36142,علوم ورزشی,دانشگاه فردوسی مشهد,خراسان رضوی,با آزمون,نوبت دوم,زن,1,,,,فاقد خوابگاه,,86,اصلی,,,
36143,مدیریت بازرگانی,دانشگاه فردوسی مشهد,خراسان رضوی,با آزمون,نوبت دوم,مرد و زن,1,,,,فاقد خوابگاه,,86,اصلی,,,
36144,مدیریت دولتی,دانشگاه فردوسی مشهد,خراسان رضوی,با آزمون,نوبت دوم,مرد و زن,1,,,,فاقد خوابگاه,,86,اصلی,,,
36145,مدیریت صنعتی,دانشگاه فردوسی مشهد,خراسان رضوی,با آزمون,نوبت دوم,مرد و زن,1,,,,فاقد خوابگاه,,86,اصلی,,,
12892,زمین‌شناسی,دانشگاه فردوسی مشهد,خراسان رضوی,صرفا با سوابق تحصیلی,روزانه,مرد و زن,30,,,,محدودیت در ارائه خوابگاه,,86,اصلی,,,
12893,زیست‌شناسی گیاهی,دانشگاه فردوسی مشهد,خراسان رضوی,صرفا با سوابق تحصیلی,روزانه,مرد و زن,25,,,,محدودیت در ارائه خوابگاه,,86,اصلی,,,
12894,علوم و مهندسی باغبانی,دانشگاه فردوسی مشهد,خراسان رضوی,صرفا با سوابق تحصیلی,روزانه,مرد و زن,20,,,,محدودیت در ارائه خوابگاه,,86,اصلی,,,
12895,علوم و مهندسی خاک,دانشگاه فردوسی مشهد,خراسان رضوی,صرفا با سوابق تحصیلی,روزانه,مرد و زن,20,,,,محدودیت در ارائه خوابگاه,,86,اصلی,,,
12896,علوم و مهندسی شیلات,دانشگاه فردوسی مشهد,خراسان رضوی,صرفا با سوابق تحصیلی,روزانه,مرد و زن,20,,,,محدودیت در ارائه خوابگاه,,86,اصلی,,,
12897,علوم و مهندسی محیط‌زیست,دانشگاه فردوسی مشهد,خراسان رضوی,صرفا با سوابق تحصیلی,روزانه,مرد و زن,20,,10,10,محدودیت در ارائه خوابگاه,,86,اصلی,,,
12898,مهندسی تولید و ژنتیک گیاهی,دانشگاه فردوسی مشهد,خراسان رضوی,صرفا با سوابق تحصیلی,روزانه,مرد و زن,20,,,,محدودیت در ارائه خوابگاه,,86,اصلی,,,
12899,مهندسی طبیعت,دانشگاه فردوسی مشهد,خراسان رضوی,صرفا با سوابق تحصیلی,روزانه,مرد و زن,20,,,,محدودیت در ارائه خوابگاه,,86,اصلی,,,
12900,مهندسی علوم دامی,دانشگاه فردوسی مشهد,خراسان رضوی,صرفا با سوابق تحصیلی,روزانه,مرد و زن,20,,,,محدودیت در ارائه خوابگاه,,86,اصلی,,,
12901,مهندسی فضای سبز,دانشگاه فردوسی مشهد,خراسان رضوی,صرفا با سوابق تحصیلی,روزانه,مرد و زن,20,,,,محدودیت در ارائه خوابگاه,,86,اصلی,,,
12902,مهندسی گیاهپزشکی,دانشگاه فردوسی مشهد,خراسان رضوی,صرفا با سوابق تحصیلی,روزانه,مرد و زن,20,,,,محدودیت در ارائه خوابگاه,,86,اصلی,,,
12915,ادیان و عرفان,دانشگاه فردوسی مشهد,خراسان رضوی,صرفا با سوابق تحصیلی,روزانه,مرد و زن,20,,,,محدودیت در ارائه خوابگاه,,86,اصلی,,,
12903,زمین‌شناسی,دانشگاه فردوسی مشهد,خراسان رضوی,صرفا با سوابق تحصیلی,نوبت دوم,مرد و زن,10,,,,فاقد خوابگاه,,86,اصلی,,,
12904,زیست‌شناسی گیاهی,دانشگاه فردوسی مشهد,خراسان رضوی,صرفا با سوابق تحصیلی,نوبت دوم,مرد و زن,5,,,,فاقد خوابگاه,,86,اصلی,,,
12905,علوم و مهندسی باغبانی,دانشگاه فردوسی مشهد,خراسان رضوی,صرفا با سوابق تحصیلی,نوبت دوم,مرد و زن,5,,,,فاقد خوابگاه,,86,اصلی,,,
12906,علوم و مهندسی خاک,دانشگاه فردوسی مشهد,خراسان رضوی,صرفا با سوابق تحصیلی,نوبت دوم,مرد و زن,5,,,,فاقد خوابگاه,,86,اصلی,,,
12907,علوم و مهندسی شیلات,دانشگاه فردوسی مشهد,خراسان رضوی,صرفا با سوابق تحصیلی,نوبت دوم,مرد و زن,5,,,,فاقد خوابگاه,,86,اصلی,,,
12908,علوم و مهندسی محیط‌زیست,دانشگاه فردوسی مشهد,خراسان رضوی,صرفا با سوابق تحصیلی,نوبت دوم,مرد و زن,5,,,,فاقد خوابگاه,,86,اصلی,,,
12909,مهندسی اقتصاد کشاورزی,دانشگاه فردوسی مشهد,خراسان رضوی,صرفا با سوابق تحصیلی,نوبت دوم,مرد و زن,5,,,,فاقد خوابگاه,,86,اصلی,,,
12910,مهندسی تولید و ژنتیک گیاهی,دانشگاه فردوسی مشهد,خراسان رضوی,صرفا با سوابق تحصیلی,نوبت دوم,مرد و زن,10,,,,فاقد خوابگاه,,86,اصلی,,,
12911,مهندسی طبیعت,دانشگاه فردوسی مشهد,خراسان رضوی,صرفا با سوابق تحصیلی,نوبت دوم,مرد و زن,5,,,,فاقد خوابگاه,,86,اصلی,,,
12912,مهندسی علوم دامی,دانشگاه فردوسی مشهد,خراسان رضوی,صرفا با سوابق تحصیلی,نوبت دوم,مرد و زن,10,,,,فاقد خوابگاه,,86,اصلی,,,
12913,مهندسی فضای سبز,دانشگاه فردوسی مشهد,خراسان رضوی,صرفا با سوابق تحصیلی,نوبت دوم,مرد و زن,5,,,,فاقد خوابگاه,,86,اصلی,,,
12914,مهندسی گیاهپزشکی,دانشگاه فردوسی مشهد,خراسان رضوی,صرفا با سوابق تحصیلی,نوبت دوم,مرد و زن,10,,,,فاقد خوابگاه,,86,اصلی,,,
12916,ادیان و عرفان,دانشگاه فردوسی مشهد,خراسان رضوی,صرفا با سوابق تحصیلی,نوبت دوم,مرد و زن,5,,,,فاقد خوابگاه,,86,اصلی,,,
30637,مهندسی برق,دانشگاه نیشابور,خراسان رضوی,با آزمون,روزانه,مرد و زن,35,,,,خوابگاه ملکی با ظرفیت محدود,,87,اصلی,,,
30638,مهندسی پزشکی,دانشگاه نیشابور,خراسان رضوی,با آزمون,روزانه,مرد و زن,40,,,,خوابگاه ملکی با ظرفیت محدود,,87,اصلی,,,
36146,علوم ورزشی,دانشگاه نیشابور,خراسان رضوی,با آزمون,روزانه,زن,2,,,,خوابگاه ملکی با ظرفیت محدود,,87,اصلی,,,
36147,علوم ورزشی,دانشگاه نیشابور,خراسان رضوی,با آزمون,روزانه,مرد,2,,,,خوابگاه ملکی با ظرفیت محدود,,87,اصلی,,,
30639,مهندسی برق,دانشگاه نیشابور,خراسان رضوی,با آزمون,نوبت دوم,مرد و زن,3,,,,خوابگاه ملکی با ظرفیت محدود,,87,اصلی,,,
30640,مهندسی پزشکی,دانشگاه نیشابور,خراسان رضوی,با آزمون,نوبت دوم,مرد و زن,10,,,,خوابگاه ملکی با ظرفیت محدود,,87,اصلی,,,
12917,آمار,دانشگاه نیشابور,خراسان رضوی,صرفا با سوابق تحصیلی,روزانه,مرد و زن,15,,,,خوابگاه ملکی با ظرفیت محدود,,87,اصلی,,,
12918,ریاضیات و کاربردها,دانشگاه نیشابور,خراسان رضوی,صرفا با سوابق تحصیلی,روزانه,مرد و زن,20,,,,خوابگاه ملکی با ظرفیت محدود,,87,اصلی,,,
12919,فیزیک,دانشگاه نیشابور,خراسان رضوی,صرفا با سوابق تحصیلی,روزانه,مرد و زن,25,,,,خوابگاه ملکی با ظرفیت محدود,,87,اصلی,,,
12920,مهندسی نساجی,دانشگاه نیشابور,خراسان رضوی,صرفا با سوابق تحصیلی,روزانه,مرد و زن,23,,,,خوابگاه ملکی با ظرفیت محدود,,87,اصلی,,,
12925,تاریخ اسلام,دانشگاه نیشابور,خراسان رضوی,صرفا با سوابق تحصیلی,روزانه,مرد و زن,15,,,,خوابگاه ملکی با ظرفیت محدود,,87,اصلی,,,
12929,طراحی و ساخت طلا و جواهر,دانشگاه نیشابور,خراسان رضوی,صرفا با سوابق تحصیلی,روزانه,مرد و زن,15,,,,خوابگاه ملکی با ظرفیت محدود,,87,اصلی,,,
12930,مجسمه‌سازی,دانشگاه نیشابور,خراسان رضوی,صرفا با سوابق تحصیلی,روزانه,مرد و زن,17,,,,خوابگاه ملکی با ظرفیت محدود,,87,اصلی,,,
12921,آمار,دانشگاه نیشابور,خراسان رضوی,صرفا با سوابق تحصیلی,نوبت دوم,مرد و زن,10,,,,خوابگاه ملکی با ظرفیت محدود,,87,اصلی,,,
12922,ریاضیات و کاربردها,دانشگاه نیشابور,خراسان رضوی,صرفا با سوابق تحصیلی,نوبت دوم,مرد و زن,10,,,,خوابگاه ملکی با ظرفیت محدود,,87,اصلی,,,
12923,فیزیک,دانشگاه نیشابور,خراسان رضوی,صرفا با سوابق تحصیلی,نوبت دوم,مرد و زن,10,,,,خوابگاه ملکی با ظرفیت محدود,,87,اصلی,,,
12924,مهندسی نساجی,دانشگاه نیشابور,خراسان رضوی,صرفا با سوابق تحصیلی,نوبت دوم,مرد و زن,5,,,,خوابگاه ملکی با ظرفیت محدود,,87,اصلی,,,
12926,باستان‌شناسی,دانشگاه نیشابور,خراسان رضوی,صرفا با سوابق تحصیلی,نوبت دوم,مرد و زن,1,,,,خوابگاه ملکی با ظرفیت محدود,,87,اصلی,,,
12927,تاریخ اسلام,دانشگاه نیشابور,خراسان رضوی,صرفا با سوابق تحصیلی,نوبت دوم,مرد و زن,1,,,,خوابگاه ملکی با ظرفیت محدود,,87,اصلی,,,
12928,علوم ورزشی,دانشگاه نیشابور,خراسان رضوی,صرفا با سوابق تحصیلی,نوبت دوم,مرد و زن,20,,10,10,خوابگاه ملکی با ظرفیت محدود,,87,اصلی,,,
12931,صنایع دستی,دانشگاه نیشابور,خراسان رضوی,صرفا با سوابق تحصیلی,نوبت دوم,مرد و زن,5,,,,خوابگاه ملکی با ظرفیت محدود,,87,اصلی,,,
12932,طراحی و ساخت طلا و جواهر,دانشگاه نیشابور,خراسان رضوی,صرفا با سوابق تحصیلی,نوبت دوم,مرد و زن,3,,,,خوابگاه ملکی با ظرفیت محدود,,87,اصلی,,,
12933,مجسمه‌سازی,دانشگاه نیشابور,خراسان رضوی,صرفا با سوابق تحصیلی,نوبت دوم,مرد و زن,3,,,,خوابگاه ملکی با ظرفیت محدود,,87,اصلی,,,
12934,آموزش زبان انگلیسی,دانشگاه نیشابور,خراسان رضوی,صرفا با سوابق تحصیلی,نوبت دوم,مرد و زن,10,,,,خوابگاه ملکی با ظرفیت محدود,,87,اصلی,,,
12935,زبان و ادبیات انگلیسی,دانشگاه نیشابور,خراسان رضوی,صرفا با سوابق تحصیلی,نوبت دوم,مرد و زن,5,,,,خوابگاه ملکی با ظرفیت محدود,,87,اصلی,,,
30641,مهندسی کامپیوتر,مجتمع آموزش عالی گناباد,خراسان رضوی,با آزمون,روزانه,مرد و زن,48,,,,,,87,اصلی,,,
36149,مدیریت بازرگانی,مجتمع آموزش عالی گناباد,خراسان رضوی,با آزمون,روزانه,مرد و زن,3,,,,,,87,اصلی,,,
36150,مدیریت صنعتی,مجتمع آموزش عالی گناباد,خراسان رضوی,با آزمون,روزانه,مرد و زن,3,,,,,,87,اصلی,,,
12963,مهندسی برق,مجتمع آموزش عالی گناباد,خراسان رضوی,صرفا با سوابق تحصیلی,روزانه,مرد,1,,,,دارای مصاحبه - بورس شرکت صنایع لبنی پاستوریزه پگاه - شرایط در دفترچه «پیوست‌ها»,,87,اصلی,,,
12964,مهندسی برق,مجتمع آموزش عالی گناباد,خراسان رضوی,صرفا با سوابق تحصیلی,روزانه,مرد,1,,,,دارای مصاحبه - بورس شرکت صنایع نساجی مروارید نخ گناباد - شرایط در دفترچه «پیوست‌ها»,,87,اصلی,,,
12965,مهندسی برق,مجتمع آموزش عالی گناباد,خراسان رضوی,صرفا با سوابق تحصیلی,روزانه,مرد و زن,28,,4,24,,,87,اصلی,,,
12966,مهندسی شیمی,مجتمع آموزش عالی گناباد,خراسان رضوی,صرفا با سوابق تحصیلی,روزانه,مرد و زن,22,,,,,,87,اصلی,,,
12967,مهندسی صنایع و سیستم‌ها,مجتمع آموزش عالی گناباد,خراسان رضوی,صرفا با سوابق تحصیلی,روزانه,مرد و زن,29,,,,,,87,اصلی,,,
12968,مهندسی صنایع و سیستم‌ها,مجتمع آموزش عالی گناباد,خراسان رضوی,صرفا با سوابق تحصیلی,روزانه,مرد,3,,,,دارای مصاحبه - بورس شرکت راهسازی کیهان راه شرق - شرایط در دفترچه «پیوست‌ها»,,87,اصلی,,,
12969,مهندسی عمران,مجتمع آموزش عالی گناباد,خراسان رضوی,صرفا با سوابق تحصیلی,روزانه,مرد,5,,,,دارای مصاحبه - بورس شرکت راهسازی کیهان راه شرق - شرایط در دفترچه «پیوست‌ها»,,87,اصلی,,,
12970,مهندسی عمران,مجتمع آموزش عالی گناباد,خراسان رضوی,صرفا با سوابق تحصیلی,روزانه,مرد و زن,32,,,,,,87,اصلی,,,
12971,مهندسی معدن,مجتمع آموزش عالی گناباد,خراسان رضوی,صرفا با سوابق تحصیلی,روزانه,مرد و زن,24,,,,,,87,اصلی,,,
12972,مهندسی مکانیک,مجتمع آموزش عالی گناباد,خراسان رضوی,صرفا با سوابق تحصیلی,روزانه,مرد و زن,25,,,,,,87,اصلی,,,
12973,مهندسی مکانیک,مجتمع آموزش عالی گناباد,خراسان رضوی,صرفا با سوابق تحصیلی,روزانه,مرد,1,,,,دارای مصاحبه - بورس شرکت صنایع لبنی پاستوریزه پگاه - شرایط در دفترچه «پیوست‌ها»,,87,اصلی,,,
12974,مهندسی و علم مواد,مجتمع آموزش عالی گناباد,خراسان رضوی,صرفا با سوابق تحصیلی,روزانه,مرد و زن,17,,,,,,88,اصلی,,,
12981,زمین‌شناسی,مجتمع آموزش عالی گناباد,خراسان رضوی,صرفا با سوابق تحصیلی,روزانه,مرد و زن,14,,12,2,,,88,اصلی,,,
12982,شیمی کاربردی,مجتمع آموزش عالی گناباد,خراسان رضوی,صرفا با سوابق تحصیلی,روزانه,مرد و زن,22,,16,6,,,88,اصلی,,,
12983,علوم و مهندسی باغبانی,مجتمع آموزش عالی گناباد,خراسان رضوی,صرفا با سوابق تحصیلی,روزانه,مرد و زن,11,,,,,,88,اصلی,,,
12984,مهندسی طبیعت,مجتمع آموزش عالی گناباد,خراسان رضوی,صرفا با سوابق تحصیلی,روزانه,مرد و زن,11,,,,,,88,اصلی,,,
12985,باستان‌شناسی,مجتمع آموزش عالی گناباد,خراسان رضوی,صرفا با سوابق تحصیلی,روزانه,مرد و زن,17,,,,,,88,اصلی,,,
12986,زبان و زبان‌شناسی,مجتمع آموزش عالی گناباد,خراسان رضوی,صرفا با سوابق تحصیلی,روزانه,مرد و زن,12,,,,,,88,اصلی,,,
12987,آموزش زبان انگلیسی,مجتمع آموزش عالی گناباد,خراسان رضوی,صرفا با سوابق تحصیلی,روزانه,مرد و زن,20,,16,4,,,88,اصلی,,,
12988,زبان و ادبیات انگلیسی,مجتمع آموزش عالی گناباد,خراسان رضوی,صرفا با سوابق تحصیلی,روزانه,مرد و زن,20,,16,4,,,88,اصلی,,,
12989,مترجمی زبان انگلیسی,مجتمع آموزش عالی گناباد,خراسان رضوی,صرفا با سوابق تحصیلی,روزانه,مرد و زن,15,,,,,,88,اصلی,,,
12975,مهندسی برق,مجتمع آموزش عالی گناباد,خراسان رضوی,صرفا با سوابق تحصیلی,نوبت دوم,مرد و زن,3,,,,,,88,اصلی,,,
12976,مهندسی صنایع و سیستم‌ها,مجتمع آموزش عالی گناباد,خراسان رضوی,صرفا با سوابق تحصیلی,نوبت دوم,مرد و زن,3,,,,,,88,اصلی,,,
12977,مهندسی عمران,مجتمع آموزش عالی گناباد,خراسان رضوی,صرفا با سوابق تحصیلی,نوبت دوم,مرد و زن,5,,,,,,88,اصلی,,,
12978,مهندسی کامپیوتر,مجتمع آموزش عالی گناباد,خراسان رضوی,صرفا با سوابق تحصیلی,نوبت دوم,مرد و زن,5,,,,,,88,اصلی,,,
12979,مهندسی معدن,مجتمع آموزش عالی گناباد,خراسان رضوی,صرفا با سوابق تحصیلی,نوبت دوم,مرد و زن,3,,,,,,88,اصلی,,,
12980,مهندسی مکانیک,مجتمع آموزش عالی گناباد,خراسان رضوی,صرفا با سوابق تحصیلی,نوبت دوم,مرد و زن,1,,,,,,88,اصلی,,,
12990,مترجمی زبان انگلیسی,مجتمع آموزش عالی گناباد,خراسان رضوی,صرفا با سوابق تحصیلی,نوبت دوم,مرد و زن,2,,,,,,88,اصلی,,,
30642,مهندسی حرفه‌ای کامپیوتر,دانشگاه ملی مهارت - دانشکده پسران مشهد (شهید محمد منتظری),خراسان رضوی,با آزمون,روزانه,مرد,24,,,,,,88,اصلی,,,
30643,مهندسی حرفه‌ای کامپیوتر,دانشگاه ملی مهارت - دانشکده پسران مشهد (شهید محمد منتظری),خراسان رضوی,با آزمون,روزانه,مرد,,24,,,,,88,اصلی,,,
30644,مهندسی حرفه‌ای معماری,دانشگاه ملی مهارت - دانشکده پسران مشهد (شهید محمد منتظری),خراسان رضوی,با آزمون,روزانه,مرد,24,,,,,,88,اصلی,,,
30645,مهندسی حرفه‌ای معماری,دانشگاه ملی مهارت - دانشکده پسران مشهد (شهید محمد منتظری),خراسان رضوی,با آزمون,روزانه,مرد,,24,,,,,88,اصلی,,,
36155,حسابداری,دانشگاه ملی مهارت - دانشکده پسران مشهد (شهید محمد منتظری),خراسان رضوی,با آزمون,روزانه,مرد,2,,,,,,88,اصلی,,,
36156,حسابداری,دانشگاه ملی مهارت - دانشکده پسران مشهد (شهید محمد منتظری),خراسان رضوی,با آزمون,روزانه,مرد,,2,,,,,88,اصلی,,,
30646,مهندسی حرفه‌ای کامپیوتر,دانشگاه ملی مهارت - دانشکده پسران مشهد (شهید محمد منتظری),خراسان رضوی,با آزمون,نوبت دوم,مرد,6,,,,,,88,اصلی,,,
30647,مهندسی حرفه‌ای کامپیوتر,دانشگاه ملی مهارت - دانشکده پسران مشهد (شهید محمد منتظری),خراسان رضوی,با آزمون,نوبت دوم,مرد,,6,,,,,88,اصلی,,,
30648,مهندسی حرفه‌ای معماری,دانشگاه ملی مهارت - دانشکده پسران مشهد (شهید محمد منتظری),خراسان رضوی,با آزمون,نوبت دوم,مرد,6,,,,,,88,اصلی,,,
36157,حسابداری,دانشگاه ملی مهارت - دانشکده پسران مشهد (شهید محمد منتظری),خراسان رضوی,با آزمون,نوبت دوم,مرد,1,,,,,,88,اصلی,,,
36158,حسابداری,دانشگاه ملی مهارت - دانشکده پسران مشهد (شهید محمد منتظری),خراسان رضوی,با آزمون,نوبت دوم,مرد,,1,,,,,88,اصلی,,,
13268,مهندسی حرفه‌ای معماری,دانشگاه ملی مهارت - دانشکده پسران مشهد (شهید محمد منتظری),خراسان رضوی,صرفا با سوابق تحصیلی,نوبت دوم,مرد,,6,,,,,88,اصلی,,,
36153,حسابداری,دانشگاه ملی مهارت - آموزشکده دختران نیشابور,خراسان رضوی,با آزمون,روزانه,زن,3,,,,,,88,اصلی,,,
36154,حسابداری,دانشگاه ملی مهارت - آموزشکده دختران نیشابور,خراسان رضوی,با آزمون,روزانه,زن,,3,,,,,88,اصلی,,,
12890,علوم قرآن و حدیث,دانشگاه علوم و معارف قرآن کریم - وابسته به سازمان اوقاف و امور خیریه (محل تحصیل دانشکده علوم قرآنی سبزوار),خراسان رضوی,صرفا با سوابق تحصیلی,روزانه,زن,40,,,,دارای خوابگاه ملکی,,88,اصلی,,,
12891,علوم قرآن و حدیث,دانشگاه علوم و معارف قرآن کریم - وابسته به سازمان اوقاف و امور خیریه (محل تحصیل دانشکده علوم قرآنی مشهد),خراسان رضوی,صرفا با سوابق تحصیلی,روزانه,مرد,15,,,,دارای خوابگاه استیجاری,,88,اصلی,,,
12936,علوم و مهندسی آب,دانشکده کشاورزی و دامپروری تربت جام,خراسان رضوی,صرفا با سوابق تحصیلی,روزانه,مرد و زن,20,,,,فاقد خوابگاه,,88,اصلی,,,
12937,مهندسی عمران,دانشکده کشاورزی و دامپروری تربت جام,خراسان رضوی,صرفا با سوابق تحصیلی,روزانه,مرد و زن,20,,,,فاقد خوابگاه,,88,اصلی,,,
12938,مهندسی کامپیوتر,دانشکده کشاورزی و دامپروری تربت جام,خراسان رضوی,صرفا با سوابق تحصیلی,روزانه,مرد و زن,24,,,,فاقد خوابگاه,,89,اصلی,,,
12939,مهندسی کامپیوتر,دانشکده کشاورزی و دامپروری تربت جام,خراسان رضوی,صرفا با سوابق تحصیلی,روزانه,مرد,1,,,,دارای مصاحبه - بورس کارخانه بوجاری و بستهبندی خشکبار تربتجام - شرایط در دفترچه «پیوست‌ها» - فاقد خوابگاه,,89,اصلی,,,
12940,مهندسی کامپیوتر,دانشکده کشاورزی و دامپروری تربت جام,خراسان رضوی,صرفا با سوابق تحصیلی,روزانه,زن,1,,,,دارای مصاحبه - بورس کارخانه بوجاری و بستهبندی خشکبار تربتجام - شرایط در دفترچه «پیوست‌ها» - فاقد خوابگاه,,89,اصلی,,,
12941,مهندسی کامپیوتر,دانشکده کشاورزی و دامپروری تربت جام,خراسان رضوی,صرفا با سوابق تحصیلی,روزانه,مرد,1,,,,دارای مصاحبه - بورس واحد صنعتی آجرپزی تربتجام - شرایط در دفترچه «پیوست‌ها» - فاقد خوابگاه,,89,اصلی,,,
12942,مهندسی مکانیک,دانشکده کشاورزی و دامپروری تربت جام,خراسان رضوی,صرفا با سوابق تحصیلی,روزانه,مرد و زن,20,,,,فاقد خوابگاه,,89,اصلی,,,
12946,شیمی محض,دانشکده کشاورزی و دامپروری تربت جام,خراسان رضوی,صرفا با سوابق تحصیلی,روزانه,مرد,2,,,,دارای مصاحبه - بورس کارخانه فراوردههای پروتئینی فولیا تربتجام - شرایط در دفترچه «پیوست‌ها» - فاقد خوابگاه,,89,اصلی,,,
12947,شیمی محض,دانشکده کشاورزی و دامپروری تربت جام,خراسان رضوی,صرفا با سوابق تحصیلی,روزانه,زن,2,,,,دارای مصاحبه - بورس کارخانه فراوردههای پروتئینی فولیا تربتجام - شرایط در دفترچه «پیوست‌ها» - فاقد خوابگاه,,89,اصلی,,,
12948,شیمی محض,دانشکده کشاورزی و دامپروری تربت جام,خراسان رضوی,صرفا با سوابق تحصیلی,روزانه,مرد و زن,23,,,,فاقد خوابگاه,,89,اصلی,,,
12949,علوم و مهندسی باغبانی,دانشکده کشاورزی و دامپروری تربت جام,خراسان رضوی,صرفا با سوابق تحصیلی,روزانه,مرد و زن,20,,,,فاقد خوابگاه,,89,اصلی,,,
12950,علوم و مهندسی صنایع غذایی(این رشته متعلق به گروه کشاورزی است),دانشکده کشاورزی و دامپروری تربت جام,خراسان رضوی,صرفا با سوابق تحصیلی,روزانه,مرد و زن,20,,,,فاقد خوابگاه,,89,اصلی,,,
12951,علوم و مهندسی صنایع غذایی(این رشته متعلق به گروه کشاورزی است),دانشکده کشاورزی و دامپروری تربت جام,خراسان رضوی,صرفا با سوابق تحصیلی,روزانه,مرد,2,,,,دارای مصاحبه - بورس شرکت فراوردههای غذایی و قند تربتجام - شرایط در دفترچه «پیوست‌ها» - فاقد خوابگاه,,89,اصلی,,,
12952,علوم و مهندسی صنایع غذایی(این رشته متعلق به گروه کشاورزی است),دانشکده کشاورزی و دامپروری تربت جام,خراسان رضوی,صرفا با سوابق تحصیلی,روزانه,مرد,3,,,,دارای مصاحبه - بورس کارخانه فراوردههای پروتئینی فولیا تربتجام - شرایط در دفترچه «پیوست‌ها» - فاقد خوابگاه,,89,اصلی,,,
12953,علوم و مهندسی صنایع غذایی(این رشته متعلق به گروه کشاورزی است),دانشکده کشاورزی و دامپروری تربت جام,خراسان رضوی,صرفا با سوابق تحصیلی,روزانه,زن,3,,,,دارای مصاحبه - بورس کارخانه فراوردههای پروتئینی فولیا تربتجام - شرایط در دفترچه «پیوست‌ها» - فاقد خوابگاه,,89,اصلی,,,
12954,علوم و مهندسی صنایع غذایی(این رشته متعلق به گروه کشاورزی است),دانشکده کشاورزی و دامپروری تربت جام,خراسان رضوی,صرفا با سوابق تحصیلی,روزانه,مرد,4,,,,دارای مصاحبه - بورس کارخانه بوجاری و بستهبندی خشکبار تربتجام - شرایط در دفترچه «پیوست‌ها» - فاقد خوابگاه,,89,اصلی,,,
12955,علوم و مهندسی صنایع غذایی(این رشته متعلق به گروه کشاورزی است),دانشکده کشاورزی و دامپروری تربت جام,خراسان رضوی,صرفا با سوابق تحصیلی,روزانه,زن,4,,,,دارای مصاحبه - بورس کارخانه بوجاری و بستهبندی خشکبار تربتجام - شرایط در دفترچه «پیوست‌ها» - فاقد خوابگاه,,89,اصلی,,,
12956,علوم و مهندسی صنایع غذایی(این رشته متعلق به گروه کشاورزی است),دانشکده کشاورزی و دامپروری تربت جام,خراسان رضوی,صرفا با سوابق تحصیلی,روزانه,مرد,1,,,,دارای مصاحبه - بورس کارخانه بستهبندی مواد غذایی تربتجام - شرایط در دفترچه «پیوست‌ها» - فاقد خوابگاه,,89,اصلی,,,
12957,علوم و مهندسی صنایع غذایی(این رشته متعلق به گروه کشاورزی است),دانشکده کشاورزی و دامپروری تربت جام,خراسان رضوی,صرفا با سوابق تحصیلی,روزانه,زن,1,,,,دارای مصاحبه - بورس کارخانه بستهبندی مواد غذایی تربتجام - شرایط در دفترچه «پیوست‌ها» - فاقد خوابگاه,,89,اصلی,,,
12958,علوم و مهندسی صنایع غذایی(این رشته متعلق به گروه کشاورزی است),دانشکده کشاورزی و دامپروری تربت جام,خراسان رضوی,صرفا با سوابق تحصیلی,روزانه,مرد,2,,,,دارای مصاحبه - بورس کارخانه آبنبات نگین تربتجام - شرایط در دفترچه «پیوست‌ها» - فاقد خوابگاه,,90,اصلی,,,
12959,علوم و مهندسی صنایع غذایی(این رشته متعلق به گروه کشاورزی است),دانشکده کشاورزی و دامپروری تربت جام,خراسان رضوی,صرفا با سوابق تحصیلی,روزانه,زن,4,,,,دارای مصاحبه - بورس کارخانه آبنبات نگین تربتجام - شرایط در دفترچه «پیوست‌ها» - فاقد خوابگاه,,90,اصلی,,,
12960,مهندسی علوم دامی,دانشکده کشاورزی و دامپروری تربت جام,خراسان رضوی,صرفا با سوابق تحصیلی,روزانه,مرد و زن,20,,,,فاقد خوابگاه,,90,اصلی,,,
12943,مهندسی عمران,دانشکده کشاورزی و دامپروری تربت جام,خراسان رضوی,صرفا با سوابق تحصیلی,نوبت دوم,مرد و زن,5,,,,فاقد خوابگاه,,90,اصلی,,,
12944,مهندسی کامپیوتر,دانشکده کشاورزی و دامپروری تربت جام,خراسان رضوی,صرفا با سوابق تحصیلی,نوبت دوم,مرد و زن,5,,,,فاقد خوابگاه,,90,اصلی,,,
12945,مهندسی مکانیک,دانشکده کشاورزی و دامپروری تربت جام,خراسان رضوی,صرفا با سوابق تحصیلی,نوبت دوم,مرد و زن,2,,,,فاقد خوابگاه,,90,اصلی,,,
12961,شیمی محض,دانشکده کشاورزی و دامپروری تربت جام,خراسان رضوی,صرفا با سوابق تحصیلی,نوبت دوم,مرد و زن,3,,,,فاقد خوابگاه,,90,اصلی,,,
12962,علوم و مهندسی صنایع غذایی(این رشته متعلق به گروه کشاورزی است),دانشکده کشاورزی و دامپروری تربت جام,خراسان رضوی,صرفا با سوابق تحصیلی,نوبت دوم,مرد و زن,4,,,,فاقد خوابگاه,,90,اصلی,,,
12991,علوم کامپیوتر,مرکز آموزش عالی کاشمر,خراسان رضوی,صرفا با سوابق تحصیلی,روزانه,مرد و زن,16,,,,فاقد خوابگاه,,90,اصلی,,,
12992,علوم و مهندسی آب,مرکز آموزش عالی کاشمر,خراسان رضوی,صرفا با سوابق تحصیلی,روزانه,مرد و زن,15,,,,فاقد خوابگاه,,90,اصلی,,,
12993,مهندسی کامپیوتر,مرکز آموزش عالی کاشمر,خراسان رضوی,صرفا با سوابق تحصیلی,روزانه,مرد و زن,28,,,,فاقد خوابگاه,,90,اصلی,,,
12994,کاردانی انتقال آب,مرکز آموزش عالی کاشمر,خراسان رضوی,صرفا با سوابق تحصیلی,روزانه,مرد و زن,35,,,,فاقد خوابگاه,,90,اصلی,,,
12999,علوم و مهندسی محیط‌زیست,مرکز آموزش عالی کاشمر,خراسان رضوی,صرفا با سوابق تحصیلی,روزانه,مرد و زن,16,,,,فاقد خوابگاه,,90,اصلی,,,
13001,علوم ورزشی,مرکز آموزش عالی کاشمر,خراسان رضوی,صرفا با سوابق تحصیلی,روزانه,مرد و زن,30,,,,فاقد خوابگاه,,90,اصلی,,,
13003,آموزش زبان انگلیسی,مرکز آموزش عالی کاشمر,خراسان رضوی,صرفا با سوابق تحصیلی,روزانه,مرد و زن,23,,,,فاقد خوابگاه,,90,اصلی,,,
13004,مترجمی زبان انگلیسی,مرکز آموزش عالی کاشمر,خراسان رضوی,صرفا با سوابق تحصیلی,روزانه,مرد و زن,28,,,,فاقد خوابگاه,,90,اصلی,,,
12995,علوم کامپیوتر,مرکز آموزش عالی کاشمر,خراسان رضوی,صرفا با سوابق تحصیلی,نوبت دوم,مرد و زن,2,,,,فاقد خوابگاه,,90,اصلی,,,
12996,علوم و مهندسی آب,مرکز آموزش عالی کاشمر,خراسان رضوی,صرفا با سوابق تحصیلی,نوبت دوم,مرد و زن,2,,,,فاقد خوابگاه,,90,اصلی,,,
12997,مهندسی کامپیوتر,مرکز آموزش عالی کاشمر,خراسان رضوی,صرفا با سوابق تحصیلی,نوبت دوم,مرد و زن,2,,,,فاقد خوابگاه,,90,اصلی,,,
12998,کاردانی انتقال آب,مرکز آموزش عالی کاشمر,خراسان رضوی,صرفا با سوابق تحصیلی,نوبت دوم,مرد و زن,15,,,,فاقد خوابگاه,,90,اصلی,,,
13000,علوم و مهندسی محیط‌زیست,مرکز آموزش عالی کاشمر,خراسان رضوی,صرفا با سوابق تحصیلی,نوبت دوم,مرد و زن,2,,,,فاقد خوابگاه,,90,اصلی,,,
13002,علوم ورزشی,مرکز آموزش عالی کاشمر,خراسان رضوی,صرفا با سوابق تحصیلی,نوبت دوم,مرد و زن,2,,,,فاقد خوابگاه,,90,اصلی,,,
13005,آموزش زبان انگلیسی,مرکز آموزش عالی کاشمر,خراسان رضوی,صرفا با سوابق تحصیلی,نوبت دوم,مرد و زن,2,,,,فاقد خوابگاه,,90,اصلی,,,
13006,مترجمی زبان انگلیسی,مرکز آموزش عالی کاشمر,خراسان رضوی,صرفا با سوابق تحصیلی,نوبت دوم,مرد و زن,2,,,,فاقد خوابگاه,,90,اصلی,,,
13266,طراحی لباس,دانشگاه ملی مهارت - آموزشکده دختران سبزوار,خراسان رضوی,صرفا با سوابق تحصیلی,روزانه,زن,,30,,,,,90,اصلی,,,
13267,گرافیک,دانشگاه ملی مهارت - آموزشکده دختران سبزوار,خراسان رضوی,صرفا با سوابق تحصیلی,روزانه,زن,,30,,,,,90,اصلی,,,
13344,اقتصاد (برنامه درسی خاص دانشگاه),دانشگاه غیرانتفاعی علوم اسلامی رضوی - مشهد,خراسان رضوی,صرفا با سوابق تحصیلی,روزانه - غیردولتی,مرد,21,,,,دارای مصاحبه - شرایط در دفترچه «پیوست‌ها» - تحصیل رایگان - عدم تعهد در واگذاری خوابگاه,,90,اصلی,,,
13345,جامعه‌شناسی (برنامه درسی خاص دانشگاه),دانشگاه غیرانتفاعی علوم اسلامی رضوی - مشهد,خراسان رضوی,صرفا با سوابق تحصیلی,روزانه - غیردولتی,مرد,21,,,,دارای مصاحبه - شرایط در دفترچه «پیوست‌ها» - تحصیل رایگان - عدم تعهد در واگذاری خوابگاه,,90,اصلی,,,
13346,حقوق (برنامه درسی خاص دانشگاه),دانشگاه غیرانتفاعی علوم اسلامی رضوی - مشهد,خراسان رضوی,صرفا با سوابق تحصیلی,روزانه - غیردولتی,مرد,20,,,,دارای مصاحبه - شرایط در دفترچه «پیوست‌ها» - عدم تعهد در واگذاری خوابگاه,,90,اصلی,,,
13347,زبان و ادبیات عربی (برنامه درسی خاص دانشگاه),دانشگاه غیرانتفاعی علوم اسلامی رضوی - مشهد,خراسان رضوی,صرفا با سوابق تحصیلی,روزانه - غیردولتی,مرد,21,,,,دارای مصاحبه - شرایط در دفترچه «پیوست‌ها» - تحصیل رایگان - عدم تعهد در واگذاری خوابگاه,,90,اصلی,,,
13348,علوم قرآن و حدیث (برنامه درسی خاص دانشگاه),دانشگاه غیرانتفاعی علوم اسلامی رضوی - مشهد,خراسان رضوی,صرفا با سوابق تحصیلی,روزانه - غیردولتی,مرد,20,,,,دارای مصاحبه - شرایط در دفترچه «پیوست‌ها» - تحصیل رایگان - عدم تعهد در واگذاری خوابگاه,,91,اصلی,,,
13349,فقه و مبانی حقوق اسلامی (برنامه درسی خاص دانشگاه),دانشگاه غیرانتفاعی علوم اسلامی رضوی - مشهد,خراسان رضوی,صرفا با سوابق تحصیلی,روزانه - غیردولتی,مرد,16,,,,دارای مصاحبه - شرایط در دفترچه «پیوست‌ها» - تحصیل رایگان - عدم تعهد در واگذاری خوابگاه,,91,اصلی,,,
13350,فلسفه و کلام اسلامی (برنامه درسی خاص دانشگاه),دانشگاه غیرانتفاعی علوم اسلامی رضوی - مشهد,خراسان رضوی,صرفا با سوابق تحصیلی,روزانه - غیردولتی,مرد,21,,,,دارای مصاحبه - شرایط در دفترچه «پیوست‌ها» - تحصیل رایگان - عدم تعهد در واگذاری خوابگاه,,91,اصلی,,,
30649,مهندسی صنایع و سیستم‌ها,دانشگاه بجنورد,خراسان شمالی,با آزمون,روزانه,مرد و زن,45,,,,عدم تعهد در واگذاری خوابگاه,,91,اصلی,,,
30650,مهندسی عمران,دانشگاه بجنورد,خراسان شمالی,با آزمون,روزانه,مرد و زن,65,,,,عدم تعهد در واگذاری خوابگاه,,91,اصلی,,,
30651,مهندسی کامپیوتر,دانشگاه بجنورد,خراسان شمالی,با آزمون,روزانه,مرد و زن,45,,,,عدم تعهد در واگذاری خوابگاه,,91,اصلی,,,
30652,مهندسی معماری,دانشگاه بجنورد,خراسان شمالی,با آزمون,روزانه,مرد و زن,35,,,,عدم تعهد در واگذاری خوابگاه,,91,اصلی,,,
30653,مهندسی مکانیک,دانشگاه بجنورد,خراسان شمالی,با آزمون,روزانه,مرد و زن,55,,,,عدم تعهد در واگذاری خوابگاه,,91,اصلی,,,
36159,اقتصاد,دانشگاه بجنورد,خراسان شمالی,با آزمون,روزانه,مرد و زن,24,,,,عدم تعهد در واگذاری خوابگاه,,91,اصلی,,,
36160,حسابداری,دانشگاه بجنورد,خراسان شمالی,با آزمون,روزانه,مرد و زن,6,,,,عدم تعهد در واگذاری خوابگاه,,91,اصلی,,,
36161,روانشناسی,دانشگاه بجنورد,خراسان شمالی,با آزمون,روزانه,مرد و زن,5,,,,عدم تعهد در واگذاری خوابگاه,,91,اصلی,,,
36162,مدیریت بازرگانی,دانشگاه بجنورد,خراسان شمالی,با آزمون,روزانه,مرد و زن,5,,,,عدم تعهد در واگذاری خوابگاه,,91,اصلی,,,
36163,مدیریت مالی,دانشگاه بجنورد,خراسان شمالی,با آزمون,روزانه,مرد و زن,5,,,,عدم تعهد در واگذاری خوابگاه,,91,اصلی,,,
30654,مهندسی صنایع و سیستم‌ها,دانشگاه بجنورد,خراسان شمالی,با آزمون,نوبت دوم,مرد و زن,5,,,,عدم تعهد در واگذاری خوابگاه,,91,اصلی,,,
30655,مهندسی عمران,دانشگاه بجنورد,خراسان شمالی,با آزمون,نوبت دوم,مرد و زن,5,,,,عدم تعهد در واگذاری خوابگاه,,91,اصلی,,,
30656,مهندسی کامپیوتر,دانشگاه بجنورد,خراسان شمالی,با آزمون,نوبت دوم,مرد و زن,5,,,,عدم تعهد در واگذاری خوابگاه,,91,اصلی,,,
36164,حسابداری,دانشگاه بجنورد,خراسان شمالی,با آزمون,نوبت دوم,مرد و زن,1,,,,عدم تعهد در واگذاری خوابگاه,,91,اصلی,,,
13557,آمار,دانشگاه بجنورد,خراسان شمالی,صرفا با سوابق تحصیلی,روزانه,مرد و زن,60,,,,عدم تعهد در واگذاری خوابگاه,,91,اصلی,,,
13558,ریاضیات و کاربردها,دانشگاه بجنورد,خراسان شمالی,صرفا با سوابق تحصیلی,روزانه,مرد و زن,60,,,,عدم تعهد در واگذاری خوابگاه,,91,اصلی,,,
13559,علوم کامپیوتر,دانشگاه بجنورد,خراسان شمالی,صرفا با سوابق تحصیلی,روزانه,مرد و زن,60,,,,عدم تعهد در واگذاری خوابگاه,,91,اصلی,,,
13560,فیزیک,دانشگاه بجنورد,خراسان شمالی,صرفا با سوابق تحصیلی,روزانه,مرد و زن,55,,,,عدم تعهد در واگذاری خوابگاه,,91,اصلی,,,
13561,مهندسی برق,دانشگاه بجنورد,خراسان شمالی,صرفا با سوابق تحصیلی,روزانه,مرد و زن,55,,,,عدم تعهد در واگذاری خوابگاه,,91,اصلی,,,
13562,مهندسی پزشکی,دانشگاه بجنورد,خراسان شمالی,صرفا با سوابق تحصیلی,روزانه,مرد و زن,40,,,,عدم تعهد در واگذاری خوابگاه,,91,اصلی,,,
13563,مهندسی پلیمر,دانشگاه بجنورد,خراسان شمالی,صرفا با سوابق تحصیلی,روزانه,مرد و زن,55,,,,عدم تعهد در واگذاری خوابگاه,,91,اصلی,,,
13564,مهندسی شهرسازی,دانشگاه بجنورد,خراسان شمالی,صرفا با سوابق تحصیلی,روزانه,مرد و زن,35,,,,عدم تعهد در واگذاری خوابگاه,,91,اصلی,,,
13565,مهندسی شیمی,دانشگاه بجنورد,خراسان شمالی,صرفا با سوابق تحصیلی,روزانه,مرد و زن,55,,,,عدم تعهد در واگذاری خوابگاه,,91,اصلی,,,
13566,مهندسی نقشه‌برداری,دانشگاه بجنورد,خراسان شمالی,صرفا با سوابق تحصیلی,روزانه,مرد و زن,55,,,,عدم تعهد در واگذاری خوابگاه,,91,اصلی,,,
13568,علوم ورزشی,دانشگاه بجنورد,خراسان شمالی,صرفا با سوابق تحصیلی,روزانه,مرد و زن,60,,30,30,عدم تعهد در واگذاری خوابگاه,,91,اصلی,,,
13569,صنایع دستی,دانشگاه بجنورد,خراسان شمالی,صرفا با سوابق تحصیلی,روزانه,مرد و زن,40,,,,عدم تعهد در واگذاری خوابگاه,,91,اصلی,,,
13570,فرش,دانشگاه بجنورد,خراسان شمالی,صرفا با سوابق تحصیلی,روزانه,مرد و زن,40,,,,عدم تعهد در واگذاری خوابگاه,,91,اصلی,,,
13573,آموزش زبان انگلیسی,دانشگاه بجنورد,خراسان شمالی,صرفا با سوابق تحصیلی,روزانه,مرد و زن,55,,,,عدم تعهد در واگذاری خوابگاه,,91,اصلی,,,
13574,زبان روسی,دانشگاه بجنورد,خراسان شمالی,صرفا با سوابق تحصیلی,روزانه,مرد و زن,55,,,,عدم تعهد در واگذاری خوابگاه,,91,اصلی,,,
13567,مهندسی شهرسازی,دانشگاه بجنورد,خراسان شمالی,صرفا با سوابق تحصیلی,نوبت دوم,مرد و زن,10,,,,عدم تعهد در واگذاری خوابگاه,,91,اصلی,,,
13571,صنایع دستی,دانشگاه بجنورد,خراسان شمالی,صرفا با سوابق تحصیلی,نوبت دوم,مرد و زن,5,,,,عدم تعهد در واگذاری خوابگاه,,91,اصلی,,,
13572,فرش,دانشگاه بجنورد,خراسان شمالی,صرفا با سوابق تحصیلی,نوبت دوم,مرد و زن,5,,,,عدم تعهد در واگذاری خوابگاه,,91,اصلی,,,
30657,مهندسی کامپیوتر,مجتمع آموزش عالی فنی و مهندسی اسفراین,خراسان شمالی,با آزمون,روزانه,مرد و زن,37,,,,دارای خوابگاه ملکی,,91,اصلی,,,
13598,علوم مهندسی,مجتمع آموزش عالی فنی و مهندسی اسفراین,خراسان شمالی,صرفا با سوابق تحصیلی,روزانه,مرد و زن,10,,,,دارای خوابگاه ملکی,,91,اصلی,,,
13599,مهندسی انرژی,مجتمع آموزش عالی فنی و مهندسی اسفراین,خراسان شمالی,صرفا با سوابق تحصیلی,روزانه,مرد و زن,29,,,,دارای خوابگاه ملکی,,91,اصلی,,,
13600,مهندسی ایمنی و بازرسی فنی در صنایع نفت و گاز,مجتمع آموزش عالی فنی و مهندسی اسفراین,خراسان شمالی,صرفا با سوابق تحصیلی,روزانه,مرد و زن,37,,,,دارای خوابگاه ملکی,,91,اصلی,,,
13601,مهندسی برق,مجتمع آموزش عالی فنی و مهندسی اسفراین,خراسان شمالی,صرفا با سوابق تحصیلی,روزانه,مرد و زن,33,,,,دارای خوابگاه ملکی,,91,اصلی,,,
13602,مهندسی ساخت و تولید,مجتمع آموزش عالی فنی و مهندسی اسفراین,خراسان شمالی,صرفا با سوابق تحصیلی,روزانه,مرد و زن,19,,,,دارای خوابگاه ملکی,,92,اصلی,,,
13603,مهندسی شیمی,مجتمع آموزش عالی فنی و مهندسی اسفراین,خراسان شمالی,صرفا با سوابق تحصیلی,روزانه,مرد و زن,37,,,,دارای خوابگاه ملکی,,92,اصلی,,,
13604,مهندسی صنایع و سیستم‌ها,مجتمع آموزش عالی فنی و مهندسی اسفراین,خراسان شمالی,صرفا با سوابق تحصیلی,روزانه,مرد و زن,35,,,,دارای خوابگاه ملکی,,92,اصلی,,,
13605,مهندسی عمران,مجتمع آموزش عالی فنی و مهندسی اسفراین,خراسان شمالی,صرفا با سوابق تحصیلی,روزانه,مرد و زن,33,,,,دارای خوابگاه ملکی,,92,اصلی,,,
13606,مهندسی مکانیک,مجتمع آموزش عالی فنی و مهندسی اسفراین,خراسان شمالی,صرفا با سوابق تحصیلی,روزانه,مرد و زن,35,,,,دارای خوابگاه ملکی,,92,اصلی,,,
13607,مهندسی و علم مواد,مجتمع آموزش عالی فنی و مهندسی اسفراین,خراسان شمالی,صرفا با سوابق تحصیلی,روزانه,مرد و زن,37,,,,دارای خوابگاه ملکی,,92,اصلی,,,
36165,حسابداری,دانشگاه کوثر (ویژه خواهران) - بجنورد,خراسان شمالی,با آزمون,روزانه,زن,6,,,,دارای خوابگاه استیجاری,,92,اصلی,,,
13583,آمار,دانشگاه کوثر (ویژه خواهران) - بجنورد,خراسان شمالی,صرفا با سوابق تحصیلی,روزانه,زن,16,,,,دارای خوابگاه استیجاری,,92,اصلی,,,
13584,ریاضیات و کاربردها,دانشگاه کوثر (ویژه خواهران) - بجنورد,خراسان شمالی,صرفا با سوابق تحصیلی,روزانه,زن,19,,,,دارای خوابگاه استیجاری,,92,اصلی,,,
13585,علوم کامپیوتر,دانشگاه کوثر (ویژه خواهران) - بجنورد,خراسان شمالی,صرفا با سوابق تحصیلی,روزانه,زن,23,,,,دارای خوابگاه استیجاری,,92,اصلی,,,
13586,علوم مهندسی,دانشگاه کوثر (ویژه خواهران) - بجنورد,خراسان شمالی,صرفا با سوابق تحصیلی,روزانه,زن,16,,,,دارای خوابگاه استیجاری,,92,اصلی,,,
13587,مهندسی اپتیک و لیزر,دانشگاه کوثر (ویژه خواهران) - بجنورد,خراسان شمالی,صرفا با سوابق تحصیلی,روزانه,زن,20,,,,دارای خوابگاه استیجاری,,92,اصلی,,,
13588,مهندسی صنایع و سیستم‌ها,دانشگاه کوثر (ویژه خواهران) - بجنورد,خراسان شمالی,صرفا با سوابق تحصیلی,روزانه,زن,44,,,,دارای خوابگاه استیجاری,,92,اصلی,,,
13589,مهندسی کامپیوتر,دانشگاه کوثر (ویژه خواهران) - بجنورد,خراسان شمالی,صرفا با سوابق تحصیلی,روزانه,زن,69,,,,دارای خوابگاه استیجاری,,92,اصلی,,,
13590,زیست‌شناسی سلولی و مولکولی,دانشگاه کوثر (ویژه خواهران) - بجنورد,خراسان شمالی,صرفا با سوابق تحصیلی,روزانه,زن,41,,,,دارای خوابگاه استیجاری,,92,اصلی,,,
13591,شیمی کاربردی,دانشگاه کوثر (ویژه خواهران) - بجنورد,خراسان شمالی,صرفا با سوابق تحصیلی,روزانه,زن,46,,,,دارای خوابگاه استیجاری,,92,اصلی,,,
13592,جغرافیا,دانشگاه کوثر (ویژه خواهران) - بجنورد,خراسان شمالی,صرفا با سوابق تحصیلی,روزانه,زن,32,,,,دارای خوابگاه استیجاری,,92,اصلی,,,
13593,زبان و ادبیات عربی,دانشگاه کوثر (ویژه خواهران) - بجنورد,خراسان شمالی,صرفا با سوابق تحصیلی,روزانه,زن,56,,,,دارای خوابگاه استیجاری,,92,اصلی,,,
13594,علوم قرآن و حدیث,دانشگاه کوثر (ویژه خواهران) - بجنورد,خراسان شمالی,صرفا با سوابق تحصیلی,روزانه,زن,44,,,,دارای خوابگاه استیجاری,,92,اصلی,,,
13595,مترجمی زبان عربی,دانشگاه کوثر (ویژه خواهران) - بجنورد,خراسان شمالی,صرفا با سوابق تحصیلی,روزانه,زن,60,,,,دارای خوابگاه استیجاری,,92,اصلی,,,
13596,آموزش زبان انگلیسی,دانشگاه کوثر (ویژه خواهران) - بجنورد,خراسان شمالی,صرفا با سوابق تحصیلی,روزانه,زن,35,,,,دارای خوابگاه استیجاری,,92,اصلی,,,
13597,زبان و ادبیات انگلیسی,دانشگاه کوثر (ویژه خواهران) - بجنورد,خراسان شمالی,صرفا با سوابق تحصیلی,روزانه,زن,57,,,,دارای خوابگاه استیجاری,,92,اصلی,,,
36166,حسابداری,دانشگاه ملی مهارت - آموزشکده پسران شیروان,خراسان شمالی,با آزمون,روزانه,مرد,3,,,,,,92,اصلی,,,
36167,حسابداری,دانشگاه ملی مهارت - آموزشکده پسران شیروان,خراسان شمالی,با آزمون,روزانه,مرد,,3,,,,,92,اصلی,,,
36168,حسابداری,دانشگاه ملی مهارت - آموزشکده دختران بجنورد (انقلاب اسلامی),خراسان شمالی,با آزمون,روزانه,زن,3,,,,,,92,اصلی,,,
36169,حسابداری,دانشگاه ملی مهارت - آموزشکده دختران بجنورد (انقلاب اسلامی),خراسان شمالی,با آزمون,روزانه,زن,,3,,,,,92,اصلی,,,
36170,حسابداری,دانشگاه ملی مهارت - آموزشکده دختران بجنورد (انقلاب اسلامی),خراسان شمالی,با آزمون,نوبت دوم,زن,1,,,,,,92,اصلی,,,
36171,حسابداری,دانشگاه ملی مهارت - آموزشکده دختران بجنورد (انقلاب اسلامی),خراسان شمالی,با آزمون,نوبت دوم,زن,,1,,,,,92,اصلی,,,
13683,گرافیک,دانشگاه ملی مهارت - آموزشکده دختران بجنورد (انقلاب اسلامی),خراسان شمالی,صرفا با سوابق تحصیلی,روزانه,زن,25,,,,,,92,اصلی,,,
13684,گرافیک,دانشگاه ملی مهارت - آموزشکده دختران بجنورد (انقلاب اسلامی),خراسان شمالی,صرفا با سوابق تحصیلی,روزانه,زن,,25,,,,,92,اصلی,,,
13685,گرافیک,دانشگاه ملی مهارت - آموزشکده دختران بجنورد (انقلاب اسلامی),خراسان شمالی,صرفا با سوابق تحصیلی,نوبت دوم,زن,5,,,,,,92,اصلی,,,
13686,گرافیک,دانشگاه ملی مهارت - آموزشکده دختران بجنورد (انقلاب اسلامی),خراسان شمالی,صرفا با سوابق تحصیلی,نوبت دوم,زن,,5,,,,,92,اصلی,,,
13575,علوم و مهندسی باغبانی,دانشگاه بجنورد (محل تحصیل دانشکده کشاورزی شیروان),خراسان شمالی,صرفا با سوابق تحصیلی,روزانه,مرد و زن,20,,,,دارای خوابگاه ملکی,,92,اصلی,,,
13576,مهندسی تولید و ژنتیک گیاهی,دانشگاه بجنورد (محل تحصیل دانشکده کشاورزی شیروان),خراسان شمالی,صرفا با سوابق تحصیلی,روزانه,مرد و زن,20,,,,دارای خوابگاه ملکی,,92,اصلی,,,
13577,مهندسی طبیعت,دانشگاه بجنورد (محل تحصیل دانشکده کشاورزی شیروان),خراسان شمالی,صرفا با سوابق تحصیلی,روزانه,مرد و زن,20,,,,دارای خوابگاه ملکی,,92,اصلی,,,
13578,مهندسی علوم دامی,دانشگاه بجنورد (محل تحصیل دانشکده کشاورزی شیروان),خراسان شمالی,صرفا با سوابق تحصیلی,روزانه,مرد و زن,20,,,,دارای خوابگاه ملکی,,92,اصلی,,,
13579,مهندسی گیاهپزشکی,دانشگاه بجنورد (محل تحصیل دانشکده کشاورزی شیروان),خراسان شمالی,صرفا با سوابق تحصیلی,روزانه,مرد و زن,20,,,,دارای خوابگاه ملکی,,92,اصلی,,,
13580,کاردانی تولید و بهره‌برداری از گیاهان دارویی و معطر,دانشگاه بجنورد (محل تحصیل دانشکده کشاورزی شیروان),خراسان شمالی,صرفا با سوابق تحصیلی,روزانه,مرد و زن,25,,,,دارای خوابگاه ملکی,,92,اصلی,,,
13581,کاردانی تولید و بهره‌برداری از گیاهان دارویی و معطر,دانشگاه بجنورد (محل تحصیل دانشکده کشاورزی شیروان),خراسان شمالی,صرفا با سوابق تحصیلی,نوبت دوم,مرد و زن,10,,,,دارای خوابگاه ملکی,,92,اصلی,,,
13582,علوم قرآن و حدیث,دانشگاه علوم و معارف قرآن کریم - وابسته به سازمان اوقاف و امور خیریه (محل تحصیل دانشکده علوم قرآنی بجنورد),خراسان شمالی,صرفا با سوابق تحصیلی,روزانه,مرد و زن,40,,25,15,دارای خوابگاه ملکی,,93,اصلی,,,
13675,مهندسی حرفه‌ای کامپیوتر,دانشگاه ملی مهارت - آموزشکده پسران بجنورد (دارالفنون),خراسان شمالی,صرفا با سوابق تحصیلی,روزانه,مرد,25,,,,,,93,اصلی,,,
13676,مهندسی حرفه‌ای کامپیوتر,دانشگاه ملی مهارت - آموزشکده پسران بجنورد (دارالفنون),خراسان شمالی,صرفا با سوابق تحصیلی,روزانه,مرد,,25,,,,,93,اصلی,,,
13677,مهندسی حرفه‌ای معماری,دانشگاه ملی مهارت - آموزشکده پسران بجنورد (دارالفنون),خراسان شمالی,صرفا با سوابق تحصیلی,روزانه,مرد,25,,,,,,93,اصلی,,,
13678,مهندسی حرفه‌ای معماری,دانشگاه ملی مهارت - آموزشکده پسران بجنورد (دارالفنون),خراسان شمالی,صرفا با سوابق تحصیلی,روزانه,مرد,,25,,,,,93,اصلی,,,
13679,مهندسی حرفه‌ای کامپیوتر,دانشگاه ملی مهارت - آموزشکده پسران بجنورد (دارالفنون),خراسان شمالی,صرفا با سوابق تحصیلی,نوبت دوم,مرد,5,,,,,,93,اصلی,,,
13680,مهندسی حرفه‌ای کامپیوتر,دانشگاه ملی مهارت - آموزشکده پسران بجنورد (دارالفنون),خراسان شمالی,صرفا با سوابق تحصیلی,نوبت دوم,مرد,,5,,,,,93,اصلی,,,
13681,مهندسی حرفه‌ای معماری,دانشگاه ملی مهارت - آموزشکده پسران بجنورد (دارالفنون),خراسان شمالی,صرفا با سوابق تحصیلی,نوبت دوم,مرد,5,,,,,,93,اصلی,,,
13682,مهندسی حرفه‌ای معماری,دانشگاه ملی مهارت - آموزشکده پسران بجنورد (دارالفنون),خراسان شمالی,صرفا با سوابق تحصیلی,نوبت دوم,مرد,,5,,,,,93,اصلی,,,
30658,علوم کامپیوتر,دانشگاه شهید چمران اهواز,خوزستان,با آزمون,روزانه,مرد و زن,30,,,,,,93,اصلی,,,
30659,علوم و مهندسی آب,دانشگاه شهید چمران اهواز,خوزستان,با آزمون,روزانه,مرد و زن,20,,,,,,93,اصلی,,,
30660,فیزیک,دانشگاه شهید چمران اهواز,خوزستان,با آزمون,روزانه,مرد و زن,44,,,,,,93,اصلی,,,
30661,مهندسی برق,دانشگاه شهید چمران اهواز,خوزستان,با آزمون,روزانه,مرد و زن,60,,,,,,93,اصلی,,,
30662,مهندسی شهرسازی,دانشگاه شهید چمران اهواز,خوزستان,با آزمون,روزانه,مرد و زن,15,,,,,,93,اصلی,,,
30663,مهندسی شیمی,دانشگاه شهید چمران اهواز,خوزستان,با آزمون,روزانه,مرد و زن,30,,,,,,93,اصلی,,,
30664,مهندسی عمران,دانشگاه شهید چمران اهواز,خوزستان,با آزمون,روزانه,مرد و زن,45,,,,,,93,اصلی,,,
30665,مهندسی کامپیوتر,دانشگاه شهید چمران اهواز,خوزستان,با آزمون,روزانه,مرد و زن,25,,,,,,93,اصلی,,,
30666,مهندسی ماشین‌های صنایع غذایی,دانشگاه شهید چمران اهواز,خوزستان,با آزمون,روزانه,مرد و زن,20,,,,,,93,اصلی,,,
30667,مهندسی معماری,دانشگاه شهید چمران اهواز,خوزستان,با آزمون,روزانه,مرد و زن,25,,,,,,93,اصلی,,,
30668,مهندسی مکانیک,دانشگاه شهید چمران اهواز,خوزستان,با آزمون,روزانه,مرد و زن,45,,,,,,93,اصلی,,,
30669,مهندسی مکانیک بیوسیستم (این رشته متعلق به گروه کشاورزی است),دانشگاه شهید چمران اهواز,خوزستان,با آزمون,روزانه,مرد و زن,20,,,,,,93,اصلی,,,
30670,مهندسی و علم مواد,دانشگاه شهید چمران اهواز,خوزستان,با آزمون,روزانه,مرد و زن,30,,,,,,93,اصلی,,,
36172,اقتصاد,دانشگاه شهید چمران اهواز,خوزستان,با آزمون,روزانه,مرد و زن,28,,,,,,93,اصلی,,,
36173,حسابداری,دانشگاه شهید چمران اهواز,خوزستان,با آزمون,روزانه,مرد و زن,4,,,,,,93,اصلی,,,
36174,روانشناسی,دانشگاه شهید چمران اهواز,خوزستان,با آزمون,روزانه,مرد و زن,4,,,,,,93,اصلی,,,
36175,شیمی کاربردی,دانشگاه شهید چمران اهواز,خوزستان,با آزمون,روزانه,مرد و زن,7,,,,,,93,اصلی,,,
36176,شیمی محض,دانشگاه شهید چمران اهواز,خوزستان,با آزمون,روزانه,مرد و زن,,7,,,,,93,اصلی,,,
36177,علم اطلاعات و دانش‌شناسی,دانشگاه شهید چمران اهواز,خوزستان,با آزمون,روزانه,مرد و زن,5,,,,,,93,اصلی,,,
36178,علوم ورزشی,دانشگاه شهید چمران اهواز,خوزستان,با آزمون,روزانه,زن,2,,,,,,93,اصلی,,,
36179,علوم ورزشی,دانشگاه شهید چمران اهواز,خوزستان,با آزمون,روزانه,مرد,2,,,,,,93,اصلی,,,
36180,مدیریت بازرگانی,دانشگاه شهید چمران اهواز,خوزستان,با آزمون,روزانه,مرد و زن,3,,,,,,93,اصلی,,,
13702,آمار,دانشگاه شهید چمران اهواز,خوزستان,صرفا با سوابق تحصیلی,روزانه,مرد و زن,40,,,,,,93,اصلی,,,
13703,ریاضیات و کاربردها,دانشگاه شهید چمران اهواز,خوزستان,صرفا با سوابق تحصیلی,روزانه,مرد و زن,50,,,,,,93,اصلی,,,
13705,زمین‌شناسی,دانشگاه شهید چمران اهواز,خوزستان,صرفا با سوابق تحصیلی,روزانه,مرد و زن,80,,,,,,93,اصلی,,,
13706,زیست‌شناسی جانوری,دانشگاه شهید چمران اهواز,خوزستان,صرفا با سوابق تحصیلی,روزانه,مرد و زن,30,,,,,,93,اصلی,,,
13707,زیست‌شناسی گیاهی,دانشگاه شهید چمران اهواز,خوزستان,صرفا با سوابق تحصیلی,روزانه,مرد و زن,30,,,,,,93,اصلی,,,
13708,علوم و مهندسی باغبانی,دانشگاه شهید چمران اهواز,خوزستان,صرفا با سوابق تحصیلی,روزانه,مرد و زن,20,,,,,,93,اصلی,,,
13709,علوم و مهندسی خاک,دانشگاه شهید چمران اهواز,خوزستان,صرفا با سوابق تحصیلی,روزانه,مرد و زن,20,,,,,,93,اصلی,,,
13710,مهندسی تولید و ژنتیک گیاهی,دانشگاه شهید چمران اهواز,خوزستان,صرفا با سوابق تحصیلی,روزانه,مرد و زن,20,,,,,,93,اصلی,,,
13711,مهندسی گیاهپزشکی,دانشگاه شهید چمران اهواز,خوزستان,صرفا با سوابق تحصیلی,روزانه,مرد و زن,20,,,,,,93,اصلی,,,
13715,زبان و ادبیات فرانسه,دانشگاه شهید چمران اهواز,خوزستان,صرفا با سوابق تحصیلی,روزانه,مرد و زن,45,,,,,,93,اصلی,,,
13704,علوم و مهندسی آب,دانشگاه شهید چمران اهواز,خوزستان,صرفا با سوابق تحصیلی,نوبت دوم,مرد و زن,15,,,,,,94,اصلی,,,
13712,علوم و مهندسی باغبانی,دانشگاه شهید چمران اهواز,خوزستان,صرفا با سوابق تحصیلی,نوبت دوم,مرد و زن,10,,,,,,94,اصلی,,,
13713,مهندسی تولید و ژنتیک گیاهی,دانشگاه شهید چمران اهواز,خوزستان,صرفا با سوابق تحصیلی,نوبت دوم,مرد و زن,20,,,,,,94,اصلی,,,
13714,مهندسی گیاهپزشکی,دانشگاه شهید چمران اهواز,خوزستان,صرفا با سوابق تحصیلی,نوبت دوم,مرد و زن,20,,,,,,94,اصلی,,,
30671,مهندسی برق,دانشگاه شهید چمران اهواز (محل تحصیل پردیس صنعتی شهدای هویزه),خوزستان,با آزمون,روزانه,مرد,40,,,,فاقد خوابگاه,,94,اصلی,,,
30672,مهندسی مکانیک,دانشگاه شهید چمران اهواز (محل تحصیل پردیس صنعتی شهدای هویزه),خوزستان,با آزمون,روزانه,مرد,40,,,,فاقد خوابگاه,,94,اصلی,,,
30673,مهندسی ایمنی و بازرسی فنی در صنایع نفت و گاز,دانشگاه صنعت نفت(محل تحصیل واحد آبادان),خوزستان,با آزمون,روزانه,مرد و زن,30,,,,دارای خوابگاه ملکی,,94,اصلی,,,
30674,مهندسی شیمی,دانشگاه صنعت نفت(محل تحصیل واحد آبادان),خوزستان,با آزمون,روزانه,مرد و زن,30,,,,دارای خوابگاه ملکی,,94,اصلی,,,
30675,مهندسی مکانیک,دانشگاه صنعت نفت(محل تحصیل واحد آبادان),خوزستان,با آزمون,روزانه,مرد و زن,30,,,,دارای خوابگاه ملکی,,94,اصلی,,,
30676,مهندسی نفت و زمین‌انرژی,دانشگاه صنعت نفت(محل تحصیل واحد آبادان),خوزستان,با آزمون,روزانه,مرد و زن,30,,,,دارای خوابگاه ملکی,,94,اصلی,,,
30677,مهندسی شیمی,دانشگاه صنعت نفت (محل تحصیل واحد اهواز),خوزستان,با آزمون,روزانه,مرد و زن,30,,,,دارای خوابگاه ملکی,,94,اصلی,,,
30678,مهندسی نفت و زمین‌انرژی,دانشگاه صنعت نفت (محل تحصیل واحد اهواز),خوزستان,با آزمون,روزانه,مرد و زن,30,,,,دارای خوابگاه ملکی,,94,اصلی,,,
30679,مهندسی برق,دانشگاه صنعتی جندی شاپور - دزفول,خوزستان,با آزمون,روزانه,مرد و زن,60,,,,,,94,اصلی,,,
30680,مهندسی شهرسازی,دانشگاه صنعتی جندی شاپور - دزفول,خوزستان,با آزمون,روزانه,مرد و زن,20,,,,,,94,اصلی,,,
30681,مهندسی شیمی,دانشگاه صنعتی جندی شاپور - دزفول,خوزستان,با آزمون,روزانه,مرد و زن,40,,,,,,94,اصلی,,,
30682,مهندسی صنایع و سیستم‌ها,دانشگاه صنعتی جندی شاپور - دزفول,خوزستان,با آزمون,روزانه,مرد و زن,35,,,,,,94,اصلی,,,
30683,مهندسی عمران,دانشگاه صنعتی جندی شاپور - دزفول,خوزستان,با آزمون,روزانه,مرد و زن,40,,,,,,94,اصلی,,,
30684,مهندسی کامپیوتر,دانشگاه صنعتی جندی شاپور - دزفول,خوزستان,با آزمون,روزانه,مرد و زن,40,,,,,,94,اصلی,,,
30685,مهندسی معماری,دانشگاه صنعتی جندی شاپور - دزفول,خوزستان,با آزمون,روزانه,مرد و زن,25,,,,,,94,اصلی,,,
30686,مهندسی مکانیک,دانشگاه صنعتی جندی شاپور - دزفول,خوزستان,با آزمون,روزانه,مرد و زن,40,,,,,,94,اصلی,,,
30687,مهندسی نقشه‌برداری,دانشگاه صنعتی جندی شاپور - دزفول,خوزستان,با آزمون,روزانه,مرد و زن,35,,,,,,94,اصلی,,,
36181,شیمی کاربردی,دانشگاه صنعتی جندی شاپور - دزفول,خوزستان,با آزمون,روزانه,مرد و زن,6,,,,,,94,اصلی,,,
13717,ریاضیات و کاربردها,دانشگاه صنعتی جندی شاپور - دزفول,خوزستان,صرفا با سوابق تحصیلی,روزانه,مرد و زن,30,,,,,,94,اصلی,,,
13718,فیزیک مهندسی,دانشگاه صنعتی جندی شاپور - دزفول,خوزستان,صرفا با سوابق تحصیلی,روزانه,مرد و زن,30,,,,,,94,اصلی,,,
13719,مرمت بناهای تاریخی,دانشگاه صنعتی جندی شاپور - دزفول,خوزستان,صرفا با سوابق تحصیلی,روزانه,مرد و زن,10,,,,,,94,اصلی,,,
30688,مهندسی برق,دانشگاه صنعتی خاتمالانبیاء(ص) بهبهان,خوزستان,با آزمون,روزانه,مرد و زن,43,,,,دارای خوابگاه ملکی,,94,اصلی,,,
30689,مهندسی شیمی,دانشگاه صنعتی خاتمالانبیاء(ص) بهبهان,خوزستان,با آزمون,روزانه,مرد و زن,40,,,,دارای خوابگاه ملکی,,94,اصلی,,,
30690,مهندسی عمران,دانشگاه صنعتی خاتمالانبیاء(ص) بهبهان,خوزستان,با آزمون,روزانه,مرد و زن,40,,,,دارای خوابگاه ملکی,,94,اصلی,,,
30691,مهندسی کامپیوتر,دانشگاه صنعتی خاتمالانبیاء(ص) بهبهان,خوزستان,با آزمون,روزانه,مرد و زن,45,,,,دارای خوابگاه ملکی,,94,اصلی,,,
30692,مهندسی مکانیک,دانشگاه صنعتی خاتمالانبیاء(ص) بهبهان,خوزستان,با آزمون,روزانه,مرد و زن,40,,,,دارای خوابگاه ملکی,,94,اصلی,,,
36182,شیمی کاربردی,دانشگاه صنعتی خاتمالانبیاء(ص) بهبهان,خوزستان,با آزمون,روزانه,مرد و زن,8,,,,دارای خوابگاه ملکی,,94,اصلی,,,
30693,مهندسی برق,دانشگاه صنعتی خاتمالانبیاء(ص) بهبهان,خوزستان,با آزمون,نوبت دوم,مرد و زن,2,,,,عدم تعهد در واگذاری خوابگاه,,94,اصلی,,,
30694,مهندسی شیمی,دانشگاه صنعتی خاتمالانبیاء(ص) بهبهان,خوزستان,با آزمون,نوبت دوم,مرد و زن,2,,,,عدم تعهد در واگذاری خوابگاه,,94,اصلی,,,
30695,مهندسی عمران,دانشگاه صنعتی خاتمالانبیاء(ص) بهبهان,خوزستان,با آزمون,نوبت دوم,مرد و زن,2,,,,عدم تعهد در واگذاری خوابگاه,,94,اصلی,,,
30696,مهندسی کامپیوتر,دانشگاه صنعتی خاتمالانبیاء(ص) بهبهان,خوزستان,با آزمون,نوبت دوم,مرد و زن,2,,,,عدم تعهد در واگذاری خوابگاه,,94,اصلی,,,
30697,مهندسی مکانیک,دانشگاه صنعتی خاتمالانبیاء(ص) بهبهان,خوزستان,با آزمون,نوبت دوم,مرد و زن,2,,,,عدم تعهد در واگذاری خوابگاه,,94,اصلی,,,
36183,شیمی کاربردی,دانشگاه صنعتی خاتمالانبیاء(ص) بهبهان,خوزستان,با آزمون,نوبت دوم,مرد و زن,1,,,,عدم تعهد در واگذاری خوابگاه,,94,اصلی,,,
13720,آمار,دانشگاه صنعتی خاتمالانبیاء(ص) بهبهان,خوزستان,صرفا با سوابق تحصیلی,روزانه,مرد و زن,35,,,,دارای خوابگاه ملکی,,95,اصلی,,,
13721,ریاضیات و کاربردها,دانشگاه صنعتی خاتمالانبیاء(ص) بهبهان,خوزستان,صرفا با سوابق تحصیلی,روزانه,مرد و زن,30,,,,دارای خوابگاه ملکی,,95,اصلی,,,
13722,فیزیک مهندسی,دانشگاه صنعتی خاتمالانبیاء(ص) بهبهان,خوزستان,صرفا با سوابق تحصیلی,روزانه,مرد و زن,30,,,,دارای خوابگاه ملکی,,95,اصلی,,,
13726,زیست‌شناسی گیاهی,دانشگاه صنعتی خاتمالانبیاء(ص) بهبهان,خوزستان,صرفا با سوابق تحصیلی,روزانه,مرد و زن,35,,,,دارای خوابگاه ملکی,,95,اصلی,,,
13727,علوم و مهندسی جنگل,دانشگاه صنعتی خاتمالانبیاء(ص) بهبهان,خوزستان,صرفا با سوابق تحصیلی,روزانه,مرد و زن,20,,,,دارای خوابگاه ملکی,,95,اصلی,,,
13728,علوم و مهندسی شیلات,دانشگاه صنعتی خاتمالانبیاء(ص) بهبهان,خوزستان,صرفا با سوابق تحصیلی,روزانه,مرد و زن,20,,,,دارای خوابگاه ملکی,,95,اصلی,,,
13729,علوم و مهندسی محیط‌زیست,دانشگاه صنعتی خاتمالانبیاء(ص) بهبهان,خوزستان,صرفا با سوابق تحصیلی,روزانه,مرد و زن,20,,,,دارای خوابگاه ملکی,,95,اصلی,,,
13730,مهندسی صنایع چوب و فرآورده‌های سلولزی,دانشگاه صنعتی خاتمالانبیاء(ص) بهبهان,خوزستان,صرفا با سوابق تحصیلی,روزانه,مرد و زن,20,,,,دارای خوابگاه ملکی,,95,اصلی,,,
13731,مهندسی طبیعت,دانشگاه صنعتی خاتمالانبیاء(ص) بهبهان,خوزستان,صرفا با سوابق تحصیلی,روزانه,مرد و زن,20,,,,دارای خوابگاه ملکی,,95,اصلی,,,
13723,آمار,دانشگاه صنعتی خاتمالانبیاء(ص) بهبهان,خوزستان,صرفا با سوابق تحصیلی,نوبت دوم,مرد و زن,2,,,,عدم تعهد در واگذاری خوابگاه,,95,اصلی,,,
13724,ریاضیات و کاربردها,دانشگاه صنعتی خاتمالانبیاء(ص) بهبهان,خوزستان,صرفا با سوابق تحصیلی,نوبت دوم,مرد و زن,2,,,,عدم تعهد در واگذاری خوابگاه,,95,اصلی,,,
13725,فیزیک مهندسی,دانشگاه صنعتی خاتمالانبیاء(ص) بهبهان,خوزستان,صرفا با سوابق تحصیلی,نوبت دوم,مرد و زن,2,,,,عدم تعهد در واگذاری خوابگاه,,95,اصلی,,,
13732,زیست‌شناسی گیاهی,دانشگاه صنعتی خاتمالانبیاء(ص) بهبهان,خوزستان,صرفا با سوابق تحصیلی,نوبت دوم,مرد و زن,2,,,,عدم تعهد در واگذاری خوابگاه,,95,اصلی,,,
13733,علوم و مهندسی جنگل,دانشگاه صنعتی خاتمالانبیاء(ص) بهبهان,خوزستان,صرفا با سوابق تحصیلی,نوبت دوم,مرد و زن,1,,,,عدم تعهد در واگذاری خوابگاه,,95,اصلی,,,
13734,علوم و مهندسی شیلات,دانشگاه صنعتی خاتمالانبیاء(ص) بهبهان,خوزستان,صرفا با سوابق تحصیلی,نوبت دوم,مرد و زن,1,,,,عدم تعهد در واگذاری خوابگاه,,95,اصلی,,,
13735,علوم و مهندسی محیط‌زیست,دانشگاه صنعتی خاتمالانبیاء(ص) بهبهان,خوزستان,صرفا با سوابق تحصیلی,نوبت دوم,مرد و زن,1,,,,عدم تعهد در واگذاری خوابگاه,,95,اصلی,,,
13736,مهندسی صنایع چوب و فرآورده‌های سلولزی,دانشگاه صنعتی خاتمالانبیاء(ص) بهبهان,خوزستان,صرفا با سوابق تحصیلی,نوبت دوم,مرد و زن,1,,,,عدم تعهد در واگذاری خوابگاه,,95,اصلی,,,
13737,مهندسی طبیعت,دانشگاه صنعتی خاتمالانبیاء(ص) بهبهان,خوزستان,صرفا با سوابق تحصیلی,نوبت دوم,مرد و زن,1,,,,عدم تعهد در واگذاری خوابگاه,,95,اصلی,,,
30698,مهندسی برق,دانشگاه علوم و فنون دریایی خرمشهر,خوزستان,با آزمون,روزانه,مرد و زن,45,,,,,,95,اصلی,,,
36184,اقتصاد,دانشگاه علوم و فنون دریایی خرمشهر,خوزستان,با آزمون,روزانه,مرد و زن,18,,,,,,95,اصلی,,,
36185,مدیریت بازرگانی,دانشگاه علوم و فنون دریایی خرمشهر,خوزستان,با آزمون,روزانه,مرد و زن,5,,,,,,95,اصلی,,,
13752,ریاضیات و کاربردها,دانشگاه علوم و فنون دریایی خرمشهر,خوزستان,صرفا با سوابق تحصیلی,روزانه,مرد و زن,45,,,,,,95,اصلی,,,
13753,مهندسی دریا,دانشگاه علوم و فنون دریایی خرمشهر,خوزستان,صرفا با سوابق تحصیلی,روزانه,مرد و زن,45,,,,,,95,اصلی,,,
13754,مهندسی ماشین‌آلات دریایی,دانشگاه علوم و فنون دریایی خرمشهر,خوزستان,صرفا با سوابق تحصیلی,روزانه,مرد,45,,,,,,95,اصلی,,,
13755,اقیانوس‌شناسی,دانشگاه علوم و فنون دریایی خرمشهر,خوزستان,صرفا با سوابق تحصیلی,روزانه,مرد و زن,20,,,,,,95,اصلی,,,
13756,زمین‌شناسی,دانشگاه علوم و فنون دریایی خرمشهر,خوزستان,صرفا با سوابق تحصیلی,روزانه,مرد و زن,39,,,,,,95,اصلی,,,
13757,زیست‌شناسی دریا,دانشگاه علوم و فنون دریایی خرمشهر,خوزستان,صرفا با سوابق تحصیلی,روزانه,مرد و زن,30,,,,,,95,اصلی,,,
13758,شیمی محض,دانشگاه علوم و فنون دریایی خرمشهر,خوزستان,صرفا با سوابق تحصیلی,روزانه,مرد و زن,25,,,,,,95,اصلی,,,
13759,علوم و مهندسی شیلات,دانشگاه علوم و فنون دریایی خرمشهر,خوزستان,صرفا با سوابق تحصیلی,روزانه,مرد و زن,20,,,,,,95,اصلی,,,
13760,علوم و مهندسی محیط‌زیست,دانشگاه علوم و فنون دریایی خرمشهر,خوزستان,صرفا با سوابق تحصیلی,روزانه,مرد و زن,20,,,,,,95,اصلی,,,
13716,باستان‌شناسی,دانشگاه شهید چمران اهواز (محل تحصیل دانشکده باستان‌شناسی شوش),خوزستان,صرفا با سوابق تحصیلی,روزانه,مرد,40,,,,فاقد خوابگاه,,95,اصلی,,,
13738,علوم و مهندسی آب,دانشگاه علوم کشاورزی و منابع طبیعی خوزستان - ملاثانی اهواز,خوزستان,صرفا با سوابق تحصیلی,روزانه,مرد و زن,20,,,,,,95,اصلی,,,
13739,مهندسی مکانیزاسیون کشاورزی,دانشگاه علوم کشاورزی و منابع طبیعی خوزستان - ملاثانی اهواز,خوزستان,صرفا با سوابق تحصیلی,روزانه,مرد و زن,20,,,,,,95,اصلی,,,
13740,مهندسی مکانیک بیوسیستم (این رشته متعلق به گروه کشاورزی است),دانشگاه علوم کشاورزی و منابع طبیعی خوزستان - ملاثانی اهواز,خوزستان,صرفا با سوابق تحصیلی,روزانه,مرد و زن,20,,,,,,95,اصلی,,,
13741,علوم و مهندسی باغبانی,دانشگاه علوم کشاورزی و منابع طبیعی خوزستان - ملاثانی اهواز,خوزستان,صرفا با سوابق تحصیلی,روزانه,مرد و زن,20,,,,,,95,اصلی,,,
13742,علوم و مهندسی خاک,دانشگاه علوم کشاورزی و منابع طبیعی خوزستان - ملاثانی اهواز,خوزستان,صرفا با سوابق تحصیلی,روزانه,مرد و زن,20,,,,,,95,اصلی,,,
13743,علوم و مهندسی صنایع غذایی(این رشته متعلق به گروه کشاورزی است),دانشگاه علوم کشاورزی و منابع طبیعی خوزستان - ملاثانی اهواز,خوزستان,صرفا با سوابق تحصیلی,روزانه,مرد و زن,20,,,,,,95,اصلی,,,
13744,علوم و مهندسی محیط‌زیست,دانشگاه علوم کشاورزی و منابع طبیعی خوزستان - ملاثانی اهواز,خوزستان,صرفا با سوابق تحصیلی,روزانه,مرد و زن,20,,,,,,95,اصلی,,,
13745,مهندسی اقتصاد کشاورزی,دانشگاه علوم کشاورزی و منابع طبیعی خوزستان - ملاثانی اهواز,خوزستان,صرفا با سوابق تحصیلی,روزانه,مرد و زن,20,,,,,,95,اصلی,,,
13746,مهندسی ترویج و آموزش کشاورزی پایدار,دانشگاه علوم کشاورزی و منابع طبیعی خوزستان - ملاثانی اهواز,خوزستان,صرفا با سوابق تحصیلی,روزانه,مرد و زن,20,,,,,,95,اصلی,,,
13747,مهندسی تولید و ژنتیک گیاهی,دانشگاه علوم کشاورزی و منابع طبیعی خوزستان - ملاثانی اهواز,خوزستان,صرفا با سوابق تحصیلی,روزانه,مرد و زن,20,,,,,,96,اصلی,,,
13748,مهندسی طبیعت,دانشگاه علوم کشاورزی و منابع طبیعی خوزستان - ملاثانی اهواز,خوزستان,صرفا با سوابق تحصیلی,روزانه,مرد و زن,20,,,,,,96,اصلی,,,
13749,مهندسی علوم دامی,دانشگاه علوم کشاورزی و منابع طبیعی خوزستان - ملاثانی اهواز,خوزستان,صرفا با سوابق تحصیلی,روزانه,مرد و زن,20,,,,,,96,اصلی,,,
13750,مهندسی فضای سبز,دانشگاه علوم کشاورزی و منابع طبیعی خوزستان - ملاثانی اهواز,خوزستان,صرفا با سوابق تحصیلی,روزانه,مرد و زن,20,,,,,,96,اصلی,,,
13751,مهندسی گیاهپزشکی,دانشگاه علوم کشاورزی و منابع طبیعی خوزستان - ملاثانی اهواز,خوزستان,صرفا با سوابق تحصیلی,روزانه,مرد و زن,20,,,,,,96,اصلی,,,
30699,دکتری پیوسته فیزیک,دانشگاه تحصیلات تکمیلی علوم پایه زنجان,زنجان,با آزمون,روزانه,مرد و زن,20,,,,,,96,اصلی,,,
30700,مهندسی کامپیوتر,دانشگاه تحصیلات تکمیلی علوم پایه زنجان,زنجان,با آزمون,روزانه,مرد و زن,40,,,,,,96,اصلی,,,
30701,علوم کامپیوتر,دانشگاه زنجان,زنجان,با آزمون,روزانه,مرد و زن,50,,,,,,96,اصلی,,,
30702,مهندسی برق,دانشگاه زنجان,زنجان,با آزمون,روزانه,مرد و زن,120,,,,,,96,اصلی,,,
30703,مهندسی برق,دانشگاه زنجان,زنجان,با آزمون,روزانه,مرد و زن,5,,,,دارای مصاحبه - بورس مجتمع کاغذسازی راشا کاسپین ایرانیان - شرایط در دفترچه «پیوست‌ها»,,96,اصلی,,,
30704,مهندسی پزشکی,دانشگاه زنجان,زنجان,با آزمون,روزانه,مرد و زن,30,,,,,,96,اصلی,,,
30705,مهندسی شیمی,دانشگاه زنجان,زنجان,با آزمون,روزانه,مرد و زن,40,,,,,,96,اصلی,,,
30706,مهندسی شیمی,دانشگاه زنجان,زنجان,با آزمون,روزانه,مرد و زن,5,,,,دارای مصاحبه - بورس مجتمع کاغذسازی راشا کاسپین ایرانیان - شرایط در دفترچه «پیوست‌ها»,,96,اصلی,,,
30707,مهندسی صنایع و سیستم‌ها,دانشگاه زنجان,زنجان,با آزمون,روزانه,مرد و زن,45,,,,,,96,اصلی,,,
30708,مهندسی عمران,دانشگاه زنجان,زنجان,با آزمون,روزانه,مرد و زن,110,,,,,,96,اصلی,,,
30709,مهندسی کامپیوتر,دانشگاه زنجان,زنجان,با آزمون,روزانه,مرد و زن,70,,,,,,96,اصلی,,,
30710,مهندسی معماری,دانشگاه زنجان,زنجان,با آزمون,روزانه,مرد و زن,40,,,,,,96,اصلی,,,
30711,مهندسی مکانیک,دانشگاه زنجان,زنجان,با آزمون,روزانه,مرد و زن,105,,,,,,96,اصلی,,,
30712,مهندسی مکانیک,دانشگاه زنجان,زنجان,با آزمون,روزانه,مرد و زن,5,,,,دارای مصاحبه - بورس مجتمع کاغذسازی راشا کاسپین ایرانیان - شرایط در دفترچه «پیوست‌ها»,,96,اصلی,,,
30713,مهندسی نقشه‌برداری,دانشگاه زنجان,زنجان,با آزمون,روزانه,مرد و زن,50,,,,,,96,اصلی,,,
30714,مهندسی و علم مواد,دانشگاه زنجان,زنجان,با آزمون,روزانه,مرد و زن,70,,,,,,96,اصلی,,,
36186,اقتصاد,دانشگاه زنجان,زنجان,با آزمون,روزانه,مرد و زن,15,,,,,,96,اصلی,,,
36187,حسابداری,دانشگاه زنجان,زنجان,با آزمون,روزانه,مرد و زن,4,,,,,,96,اصلی,,,
36188,روانشناسی,دانشگاه زنجان,زنجان,با آزمون,روزانه,مرد و زن,7,,,,,,96,اصلی,,,
36189,شیمی کاربردی,دانشگاه زنجان,زنجان,با آزمون,روزانه,مرد و زن,10,,,,,,96,اصلی,,,
36190,شیمی کاربردی,دانشگاه زنجان,زنجان,با آزمون,روزانه,مرد و زن,1,,,,دارای مصاحبه - بورس مجتمع کاغذسازی راشا کاسپین ایرانیان - شرایط در دفترچه «پیوست‌ها»,,96,اصلی,,,
36191,شیمی محض,دانشگاه زنجان,زنجان,با آزمون,روزانه,مرد و زن,10,,,,,,96,اصلی,,,
36192,علوم ورزشی,دانشگاه زنجان,زنجان,با آزمون,روزانه,زن,3,,,,,,96,اصلی,,,
36193,علوم ورزشی,دانشگاه زنجان,زنجان,با آزمون,روزانه,مرد,3,,,,,,96,اصلی,,,
36194,مدیریت بازرگانی,دانشگاه زنجان,زنجان,با آزمون,روزانه,مرد و زن,4,,,,,,96,اصلی,,,
36195,مدیریت صنعتی,دانشگاه زنجان,زنجان,با آزمون,روزانه,مرد و زن,4,,,,,,96,اصلی,,,
14129,آمار,دانشگاه زنجان,زنجان,صرفا با سوابق تحصیلی,روزانه,مرد و زن,40,,,,,,96,اصلی,,,
14130,ریاضیات و کاربردها,دانشگاه زنجان,زنجان,صرفا با سوابق تحصیلی,روزانه,مرد و زن,50,,,,,,96,اصلی,,,
14131,علوم و مهندسی آب,دانشگاه زنجان,زنجان,صرفا با سوابق تحصیلی,روزانه,مرد و زن,20,,,,,,96,اصلی,,,
14132,فیزیک,دانشگاه زنجان,زنجان,صرفا با سوابق تحصیلی,روزانه,مرد و زن,60,,,,,,96,اصلی,,,
14133,مهندسی معدن,دانشگاه زنجان,زنجان,صرفا با سوابق تحصیلی,روزانه,مرد و زن,70,,,,,,96,اصلی,,,
14136,زمین‌شناسی,دانشگاه زنجان,زنجان,صرفا با سوابق تحصیلی,روزانه,مرد و زن,40,,,,,,96,اصلی,,,
14137,زیست‌شناسی جانوری,دانشگاه زنجان,زنجان,صرفا با سوابق تحصیلی,روزانه,مرد و زن,40,,,,,,96,اصلی,,,
14138,زیست‌شناسی گیاهی,دانشگاه زنجان,زنجان,صرفا با سوابق تحصیلی,روزانه,مرد و زن,40,,,,,,96,اصلی,,,
14139,علوم و مهندسی باغبانی,دانشگاه زنجان,زنجان,صرفا با سوابق تحصیلی,روزانه,مرد و زن,20,,,,,,97,اصلی,,,
14140,علوم و مهندسی خاک,دانشگاه زنجان,زنجان,صرفا با سوابق تحصیلی,روزانه,مرد و زن,20,,,,,,97,اصلی,,,
14141,علوم و مهندسی صنایع غذایی(این رشته متعلق به گروه کشاورزی است),دانشگاه زنجان,زنجان,صرفا با سوابق تحصیلی,روزانه,مرد و زن,20,,,,,,97,اصلی,,,
14142,علوم و مهندسی محیط‌زیست,دانشگاه زنجان,زنجان,صرفا با سوابق تحصیلی,روزانه,مرد و زن,20,,,,,,97,اصلی,,,
14143,مهندسی ترویج و آموزش کشاورزی پایدار,دانشگاه زنجان,زنجان,صرفا با سوابق تحصیلی,روزانه,مرد و زن,20,,,,,,97,اصلی,,,
14144,مهندسی تولید و ژنتیک گیاهی,دانشگاه زنجان,زنجان,صرفا با سوابق تحصیلی,روزانه,مرد و زن,20,,,,,,97,اصلی,,,
14145,مهندسی علوم دامی,دانشگاه زنجان,زنجان,صرفا با سوابق تحصیلی,روزانه,مرد و زن,20,,,,,,97,اصلی,,,
14146,مهندسی گیاهپزشکی,دانشگاه زنجان,زنجان,صرفا با سوابق تحصیلی,روزانه,مرد و زن,20,,,,,,97,اصلی,,,
14134,علوم و مهندسی آب,دانشگاه زنجان,زنجان,صرفا با سوابق تحصیلی,نوبت دوم,مرد و زن,5,,,,,,97,اصلی,,,
14135,فیزیک,دانشگاه زنجان,زنجان,صرفا با سوابق تحصیلی,نوبت دوم,مرد و زن,20,,,,,,97,اصلی,,,
14147,علوم و مهندسی باغبانی,دانشگاه زنجان,زنجان,صرفا با سوابق تحصیلی,نوبت دوم,مرد و زن,5,,,,,,97,اصلی,,,
14148,علوم و مهندسی خاک,دانشگاه زنجان,زنجان,صرفا با سوابق تحصیلی,نوبت دوم,مرد و زن,5,,,,,,97,اصلی,,,
14149,علوم و مهندسی صنایع غذایی(این رشته متعلق به گروه کشاورزی است),دانشگاه زنجان,زنجان,صرفا با سوابق تحصیلی,نوبت دوم,مرد و زن,5,,,,,,97,اصلی,,,
14150,علوم و مهندسی محیط‌زیست,دانشگاه زنجان,زنجان,صرفا با سوابق تحصیلی,نوبت دوم,مرد و زن,5,,,,,,97,اصلی,,,
14151,مهندسی ترویج و آموزش کشاورزی پایدار,دانشگاه زنجان,زنجان,صرفا با سوابق تحصیلی,نوبت دوم,مرد و زن,5,,,,,,97,اصلی,,,
14152,مهندسی تولید و ژنتیک گیاهی,دانشگاه زنجان,زنجان,صرفا با سوابق تحصیلی,نوبت دوم,مرد و زن,5,,,,,,97,اصلی,,,
14153,مهندسی علوم دامی,دانشگاه زنجان,زنجان,صرفا با سوابق تحصیلی,نوبت دوم,مرد و زن,5,,,,,,97,اصلی,,,
14154,مهندسی گیاهپزشکی,دانشگاه زنجان,زنجان,صرفا با سوابق تحصیلی,نوبت دوم,مرد و زن,5,,,,,,97,اصلی,,,
30715,مهندسی حرفه‌ای کامپیوتر,دانشگاه ملی مهارت - آموزشکده دختران زنجان (قائم (عج)),زنجان,با آزمون,روزانه,زن,30,,,,,,97,اصلی,,,
30716,مهندسی حرفه‌ای کامپیوتر,دانشگاه ملی مهارت - آموزشکده دختران زنجان (قائم (عج)),زنجان,با آزمون,روزانه,زن,,30,,,,,97,اصلی,,,
30717,مهندسی برق,دانشکده فنی و مهندسی گرمسار,سمنان,با آزمون,روزانه,مرد و زن,28,,,,دارای خوابگاه استیجاری,,97,اصلی,,,
30718,مهندسی پزشکی,دانشکده فنی و مهندسی گرمسار,سمنان,با آزمون,روزانه,مرد و زن,25,,,,دارای خوابگاه استیجاری,,97,اصلی,,,
30719,مهندسی پلیمر,دانشکده فنی و مهندسی گرمسار,سمنان,با آزمون,روزانه,مرد و زن,28,,,,دارای خوابگاه استیجاری,,97,اصلی,,,
30720,مهندسی صنایع و سیستم‌ها,دانشکده فنی و مهندسی گرمسار,سمنان,با آزمون,روزانه,مرد و زن,25,,,,دارای خوابگاه استیجاری,,97,اصلی,,,
30721,مهندسی عمران,دانشکده فنی و مهندسی گرمسار,سمنان,با آزمون,روزانه,مرد و زن,25,,,,دارای خوابگاه استیجاری,,97,اصلی,,,
30722,مهندسی معماری,دانشکده فنی و مهندسی گرمسار,سمنان,با آزمون,روزانه,مرد و زن,25,,,,دارای خوابگاه استیجاری,,97,اصلی,,,
30723,مهندسی مکانیک,دانشکده فنی و مهندسی گرمسار,سمنان,با آزمون,روزانه,مرد و زن,25,,,,دارای خوابگاه استیجاری,,97,اصلی,,,
30724,مهندسی نفت و زمین‌انرژی,دانشکده فنی و مهندسی گرمسار,سمنان,با آزمون,روزانه,مرد و زن,45,,,,دارای خوابگاه استیجاری,,97,اصلی,,,
30725,مهندسی برق,دانشکده فنی و مهندسی گرمسار,سمنان,با آزمون,نوبت دوم,مرد و زن,8,,,,دارای خوابگاه استیجاری,,97,اصلی,,,
30726,مهندسی پزشکی,دانشکده فنی و مهندسی گرمسار,سمنان,با آزمون,نوبت دوم,مرد و زن,7,,,,دارای خوابگاه استیجاری,,97,اصلی,,,
30727,مهندسی پلیمر,دانشکده فنی و مهندسی گرمسار,سمنان,با آزمون,نوبت دوم,مرد و زن,5,,,,دارای خوابگاه استیجاری,,97,اصلی,,,
30728,مهندسی صنایع و سیستم‌ها,دانشکده فنی و مهندسی گرمسار,سمنان,با آزمون,نوبت دوم,مرد و زن,4,,,,دارای خوابگاه استیجاری,,97,اصلی,,,
30729,مهندسی عمران,دانشکده فنی و مهندسی گرمسار,سمنان,با آزمون,نوبت دوم,مرد و زن,4,,,,دارای خوابگاه استیجاری,,97,اصلی,,,
30730,مهندسی معماری,دانشکده فنی و مهندسی گرمسار,سمنان,با آزمون,نوبت دوم,مرد و زن,4,,,,دارای خوابگاه استیجاری,,97,اصلی,,,
30731,مهندسی مکانیک,دانشکده فنی و مهندسی گرمسار,سمنان,با آزمون,نوبت دوم,مرد و زن,5,,,,دارای خوابگاه استیجاری,,97,اصلی,,,
30732,مهندسی نفت و زمین‌انرژی,دانشکده فنی و مهندسی گرمسار,سمنان,با آزمون,نوبت دوم,مرد و زن,15,,,,دارای خوابگاه استیجاری,,97,اصلی,,,
14271,مهندسی انرژی,دانشکده فنی و مهندسی گرمسار,سمنان,صرفا با سوابق تحصیلی,روزانه,مرد و زن,25,,,,دارای خوابگاه استیجاری,,97,اصلی,,,
14272,مهندسی شیمی,دانشکده فنی و مهندسی گرمسار,سمنان,صرفا با سوابق تحصیلی,روزانه,مرد و زن,28,,,,دارای خوابگاه استیجاری,,97,اصلی,,,
14273,مهندسی انرژی,دانشکده فنی و مهندسی گرمسار,سمنان,صرفا با سوابق تحصیلی,نوبت دوم,مرد و زن,9,,,,دارای خوابگاه استیجاری,,97,اصلی,,,
14274,مهندسی شیمی,دانشکده فنی و مهندسی گرمسار,سمنان,صرفا با سوابق تحصیلی,نوبت دوم,مرد و زن,10,,,,دارای خوابگاه استیجاری,,97,اصلی,,,
30733,علوم کامپیوتر,دانشگاه دامغان,سمنان,با آزمون,روزانه,مرد و زن,30,,,,دارای خوابگاه ملکی,,98,اصلی,,,
30734,مهندسی برق,دانشگاه دامغان,سمنان,با آزمون,روزانه,مرد و زن,45,,,,دارای خوابگاه ملکی,,98,اصلی,,,
30735,مهندسی صنایع و سیستم‌ها,دانشگاه دامغان,سمنان,با آزمون,روزانه,مرد و زن,35,,,,دارای خوابگاه ملکی,,98,اصلی,,,
30736,مهندسی عمران,دانشگاه دامغان,سمنان,با آزمون,روزانه,مرد و زن,35,,,,دارای خوابگاه ملکی,,98,اصلی,,,
30737,مهندسی کامپیوتر,دانشگاه دامغان,سمنان,با آزمون,روزانه,مرد و زن,45,,,,دارای خوابگاه ملکی,,98,اصلی,,,
30738,مهندسی مکانیک,دانشگاه دامغان,سمنان,با آزمون,روزانه,مرد و زن,45,,,,دارای خوابگاه ملکی,,98,اصلی,,,
36196,اقتصاد,دانشگاه دامغان,سمنان,با آزمون,روزانه,مرد و زن,12,,,,دارای خوابگاه ملکی,,98,اصلی,,,
30739,مهندسی صنایع و سیستم‌ها,دانشگاه دامغان,سمنان,با آزمون,نوبت دوم,مرد و زن,10,,,,دارای خوابگاه ملکی,,98,اصلی,,,
30740,مهندسی عمران,دانشگاه دامغان,سمنان,با آزمون,نوبت دوم,مرد و زن,20,,,,دارای خوابگاه ملکی,,98,اصلی,,,
30741,مهندسی مکانیک,دانشگاه دامغان,سمنان,با آزمون,نوبت دوم,مرد و زن,15,,,,دارای خوابگاه ملکی,,98,اصلی,,,
36197,اقتصاد,دانشگاه دامغان,سمنان,با آزمون,نوبت دوم,مرد و زن,2,,,,دارای خوابگاه ملکی,,98,اصلی,,,
14275,ریاضیات و کاربردها,دانشگاه دامغان,سمنان,صرفا با سوابق تحصیلی,روزانه,مرد و زن,25,,,,دارای خوابگاه ملکی,,98,اصلی,,,
14276,فیزیک,دانشگاه دامغان,سمنان,صرفا با سوابق تحصیلی,روزانه,مرد و زن,45,,,,دارای خوابگاه ملکی,,98,اصلی,,,
14277,فیزیک مهندسی,دانشگاه دامغان,سمنان,صرفا با سوابق تحصیلی,روزانه,مرد و زن,45,,,,دارای خوابگاه ملکی,,98,اصلی,,,
14278,مهندسی شیمی,دانشگاه دامغان,سمنان,صرفا با سوابق تحصیلی,روزانه,مرد و زن,30,,,,دارای خوابگاه ملکی,,98,اصلی,,,
14280,زمین‌شناسی,دانشگاه دامغان,سمنان,صرفا با سوابق تحصیلی,روزانه,مرد و زن,30,,,,دارای خوابگاه ملکی,,98,اصلی,,,
14281,زیست‌شناسی جانوری,دانشگاه دامغان,سمنان,صرفا با سوابق تحصیلی,روزانه,مرد و زن,25,,,,دارای خوابگاه ملکی,,98,اصلی,,,
14282,زیست‌شناسی گیاهی,دانشگاه دامغان,سمنان,صرفا با سوابق تحصیلی,روزانه,مرد و زن,25,,,,دارای خوابگاه ملکی,,98,اصلی,,,
14283,شیمی کاربردی,دانشگاه دامغان,سمنان,صرفا با سوابق تحصیلی,روزانه,مرد و زن,60,,,,دارای خوابگاه ملکی,,98,اصلی,,,
14284,شیمی محض,دانشگاه دامغان,سمنان,صرفا با سوابق تحصیلی,روزانه,مرد و زن,60,,,,دارای خوابگاه ملکی,,98,اصلی,,,
14285,علوم ورزشی,دانشگاه دامغان,سمنان,صرفا با سوابق تحصیلی,روزانه,مرد و زن,40,,20,20,دارای خوابگاه ملکی,,98,اصلی,,,
14286,ادبیات نمایشی,دانشگاه دامغان,سمنان,صرفا با سوابق تحصیلی,روزانه,مرد و زن,63,,,,دارای خوابگاه ملکی,,98,اصلی,,,
14287,سینما,دانشگاه دامغان,سمنان,صرفا با سوابق تحصیلی,روزانه,مرد و زن,60,,,,دارای خوابگاه ملکی,,98,اصلی,,,
14279,علوم کامپیوتر,دانشگاه دامغان,سمنان,صرفا با سوابق تحصیلی,نوبت دوم,مرد و زن,10,,,,دارای خوابگاه ملکی,,98,اصلی,,,
14288,سینما,دانشگاه دامغان,سمنان,صرفا با سوابق تحصیلی,نوبت دوم,مرد و زن,5,,,,دارای خوابگاه ملکی,,98,اصلی,,,
30742,علوم کامپیوتر,دانشگاه سمنان,سمنان,با آزمون,روزانه,مرد و زن,50,,,,,,98,اصلی,,,
30743,مهندسی ایمنی و بازرسی فنی در صنایع نفت و گاز,دانشگاه سمنان,سمنان,با آزمون,روزانه,مرد و زن,33,,,,,,98,اصلی,,,
30744,مهندسی برق,دانشگاه سمنان,سمنان,با آزمون,روزانه,مرد و زن,110,,,,,,98,اصلی,,,
30745,مهندسی پزشکی,دانشگاه سمنان,سمنان,با آزمون,روزانه,مرد و زن,43,,,,,,98,اصلی,,,
30746,مهندسی ساخت و تولید,دانشگاه سمنان,سمنان,با آزمون,روزانه,مرد و زن,43,,,,,,98,اصلی,,,
30747,مهندسی شهرسازی,دانشگاه سمنان,سمنان,با آزمون,روزانه,مرد و زن,20,,,,,,98,اصلی,,,
30748,مهندسی شیمی,دانشگاه سمنان,سمنان,با آزمون,روزانه,مرد و زن,32,,,,,,98,اصلی,,,
30749,مهندسی صنایع و سیستم‌ها,دانشگاه سمنان,سمنان,با آزمون,روزانه,مرد و زن,38,,,,,,98,اصلی,,,
30750,مهندسی عمران,دانشگاه سمنان,سمنان,با آزمون,روزانه,مرد و زن,75,,,,,,98,اصلی,,,
30751,مهندسی کامپیوتر,دانشگاه سمنان,سمنان,با آزمون,روزانه,مرد و زن,50,,,,,,98,اصلی,,,
30752,مهندسی معماری,دانشگاه سمنان,سمنان,با آزمون,روزانه,مرد و زن,18,,,,,,98,اصلی,,,
30753,مهندسی مکانیک,دانشگاه سمنان,سمنان,با آزمون,روزانه,مرد و زن,80,,,,,,98,اصلی,,,
30754,مهندسی نفت و زمین‌انرژی,دانشگاه سمنان,سمنان,با آزمون,روزانه,مرد و زن,32,,,,,,98,اصلی,,,
30765,مهندسی کامپیوتر,دانشگاه سمنان,سمنان,با آزمون,روزانه,زن,35,,,,محل تحصیل پردیس فرزانگان سمنان(ویژه خواهران),,98,اصلی,,,
36198,اقتصاد,دانشگاه سمنان,سمنان,با آزمون,روزانه,مرد و زن,16,,,,,,98,اصلی,,,
36199,حسابداری,دانشگاه سمنان,سمنان,با آزمون,روزانه,مرد و زن,4,,,,,,98,اصلی,,,
36200,شیمی کاربردی,دانشگاه سمنان,سمنان,با آزمون,روزانه,مرد و زن,8,,,,,,98,اصلی,,,
36201,علوم ورزشی,دانشگاه سمنان,سمنان,با آزمون,روزانه,زن,2,,,,,,98,اصلی,,,
36202,علوم ورزشی,دانشگاه سمنان,سمنان,با آزمون,روزانه,مرد,2,,,,,,98,اصلی,,,
36203,گردشگری,دانشگاه سمنان,سمنان,با آزمون,روزانه,مرد و زن,3,,,,,,98,اصلی,,,
36204,مدیریت بازرگانی,دانشگاه سمنان,سمنان,با آزمون,روزانه,مرد و زن,4,,,,,,98,اصلی,,,
36205,مدیریت دولتی,دانشگاه سمنان,سمنان,با آزمون,روزانه,مرد و زن,4,,,,,,99,اصلی,,,
36206,مدیریت صنعتی,دانشگاه سمنان,سمنان,با آزمون,روزانه,مرد و زن,4,,,,,,99,اصلی,,,
36207,هتلداری,دانشگاه سمنان,سمنان,با آزمون,روزانه,مرد و زن,3,,,,,,99,اصلی,,,
36220,مددکاری اجتماعی,دانشگاه سمنان,سمنان,با آزمون,روزانه,زن,3,,,,محل تحصیل پردیس فرزانگان سمنان(ویژه خواهران),,99,اصلی,,,
30755,مهندسی برق,دانشگاه سمنان,سمنان,با آزمون,نوبت دوم,مرد و زن,25,,,,,,99,اصلی,,,
30756,مهندسی پزشکی,دانشگاه سمنان,سمنان,با آزمون,نوبت دوم,مرد و زن,10,,,,,,99,اصلی,,,
30757,مهندسی ساخت و تولید,دانشگاه سمنان,سمنان,با آزمون,نوبت دوم,مرد و زن,10,,,,,,99,اصلی,,,
30758,مهندسی شیمی,دانشگاه سمنان,سمنان,با آزمون,نوبت دوم,مرد و زن,10,,,,,,99,اصلی,,,
30759,مهندسی صنایع و سیستم‌ها,دانشگاه سمنان,سمنان,با آزمون,نوبت دوم,مرد و زن,17,,,,,,99,اصلی,,,
30760,مهندسی عمران,دانشگاه سمنان,سمنان,با آزمون,نوبت دوم,مرد و زن,,70,,,,,99,اصلی,,,
30761,مهندسی کامپیوتر,دانشگاه سمنان,سمنان,با آزمون,نوبت دوم,مرد و زن,15,,,,,,99,اصلی,,,
30762,مهندسی معماری,دانشگاه سمنان,سمنان,با آزمون,نوبت دوم,مرد و زن,2,,,,,,99,اصلی,,,
30763,مهندسی مکانیک,دانشگاه سمنان,سمنان,با آزمون,نوبت دوم,مرد و زن,20,,,,,,99,اصلی,,,
30764,مهندسی نفت و زمین‌انرژی,دانشگاه سمنان,سمنان,با آزمون,نوبت دوم,مرد و زن,10,,,,,,99,اصلی,,,
36208,اقتصاد,دانشگاه سمنان,سمنان,با آزمون,نوبت دوم,مرد و زن,5,,,,,,99,اصلی,,,
36209,حسابداری,دانشگاه سمنان,سمنان,با آزمون,نوبت دوم,مرد و زن,2,,,,,,99,اصلی,,,
36210,شیمی کاربردی,دانشگاه سمنان,سمنان,با آزمون,نوبت دوم,مرد و زن,3,,,,,,99,اصلی,,,
36211,علوم ورزشی,دانشگاه سمنان,سمنان,با آزمون,نوبت دوم,زن,1,,,,,,99,اصلی,,,
36212,علوم ورزشی,دانشگاه سمنان,سمنان,با آزمون,نوبت دوم,مرد,1,,,,,,99,اصلی,,,
36214,مدیریت بازرگانی,دانشگاه سمنان,سمنان,با آزمون,نوبت دوم,مرد و زن,2,,,,,,99,اصلی,,,
36215,مدیریت دولتی,دانشگاه سمنان,سمنان,با آزمون,نوبت دوم,مرد و زن,2,,,,,,99,اصلی,,,
36216,مدیریت صنعتی,دانشگاه سمنان,سمنان,با آزمون,نوبت دوم,مرد و زن,2,,,,,,99,اصلی,,,
36221,مددکاری اجتماعی,دانشگاه سمنان,سمنان,با آزمون,نوبت دوم,زن,1,,,,محل تحصیل پردیس فرزانگان سمنان(ویژه خواهران),,99,اصلی,,,
14289,آمار,دانشگاه سمنان,سمنان,صرفا با سوابق تحصیلی,روزانه,مرد و زن,40,,,,,,99,اصلی,,,
14290,ریاضیات و کاربردها,دانشگاه سمنان,سمنان,صرفا با سوابق تحصیلی,روزانه,مرد و زن,45,,,,,,99,اصلی,,,
14291,فیزیک,دانشگاه سمنان,سمنان,صرفا با سوابق تحصیلی,روزانه,مرد و زن,28,,,,,,99,اصلی,,,
14292,فیزیک مهندسی,دانشگاه سمنان,سمنان,صرفا با سوابق تحصیلی,روزانه,مرد و زن,28,,,,,,99,اصلی,,,
14293,مهندسی و علم مواد,دانشگاه سمنان,سمنان,صرفا با سوابق تحصیلی,روزانه,مرد و زن,74,,,,,,99,اصلی,,,
14297,علوم و مهندسی جنگل,دانشگاه سمنان,سمنان,صرفا با سوابق تحصیلی,روزانه,مرد و زن,20,,,,,,99,اصلی,,,
14298,مهندسی طبیعت,دانشگاه سمنان,سمنان,صرفا با سوابق تحصیلی,روزانه,مرد و زن,20,,,,,,99,اصلی,,,
14301,ادیان و عرفان,دانشگاه سمنان,سمنان,صرفا با سوابق تحصیلی,روزانه,مرد و زن,30,,,,,,99,اصلی,,,
14304,فرش,دانشگاه سمنان,سمنان,صرفا با سوابق تحصیلی,روزانه,مرد و زن,25,,,,,,99,اصلی,,,
14305,مرمت بناهای تاریخی,دانشگاه سمنان,سمنان,صرفا با سوابق تحصیلی,روزانه,مرد و زن,25,,,,,,99,اصلی,,,
14317,زیست‌شناسی جانوری,دانشگاه سمنان,سمنان,صرفا با سوابق تحصیلی,روزانه,زن,10,,,,محل تحصیل پردیس فرزانگان سمنان(ویژه خواهران),,99,اصلی,,,
14318,زیست‌شناسی سلولی و مولکولی,دانشگاه سمنان,سمنان,صرفا با سوابق تحصیلی,روزانه,زن,20,,,,محل تحصیل پردیس فرزانگان سمنان(ویژه خواهران),,99,اصلی,,,
14294,فیزیک,دانشگاه سمنان,سمنان,صرفا با سوابق تحصیلی,نوبت دوم,مرد و زن,5,,,,,,99,اصلی,,,
14295,فیزیک مهندسی,دانشگاه سمنان,سمنان,صرفا با سوابق تحصیلی,نوبت دوم,مرد و زن,5,,,,,,99,اصلی,,,
14296,مهندسی و علم مواد,دانشگاه سمنان,سمنان,صرفا با سوابق تحصیلی,نوبت دوم,مرد و زن,20,,,,,,99,اصلی,,,
14299,علوم و مهندسی جنگل,دانشگاه سمنان,سمنان,صرفا با سوابق تحصیلی,نوبت دوم,مرد و زن,2,,,,,,99,اصلی,,,
14300,مهندسی طبیعت,دانشگاه سمنان,سمنان,صرفا با سوابق تحصیلی,نوبت دوم,مرد و زن,2,,,,,,99,اصلی,,,
14302,ادیان و عرفان,دانشگاه سمنان,سمنان,صرفا با سوابق تحصیلی,نوبت دوم,مرد و زن,5,,,,,,99,اصلی,,,
14303,زبان و ادبیات عربی,دانشگاه سمنان,سمنان,صرفا با سوابق تحصیلی,نوبت دوم,مرد و زن,5,,,,,,99,اصلی,,,
14316,مهندسی کامپیوتر,دانشگاه سمنان,سمنان,صرفا با سوابق تحصیلی,نوبت دوم,زن,10,,,,محل تحصیل پردیس فرزانگان سمنان(ویژه خواهران),,99,اصلی,,,
14319,زیست‌شناسی جانوری,دانشگاه سمنان,سمنان,صرفا با سوابق تحصیلی,نوبت دوم,زن,5,,,,محل تحصیل پردیس فرزانگان سمنان(ویژه خواهران),,99,اصلی,,,
14320,زیست‌شناسی سلولی و مولکولی,دانشگاه سمنان,سمنان,صرفا با سوابق تحصیلی,نوبت دوم,زن,8,,,,محل تحصیل پردیس فرزانگان سمنان(ویژه خواهران),,99,اصلی,,,
30766,مهندسی برق,دانشگاه صنعتی شاهرود,سمنان,با آزمون,روزانه,مرد و زن,120,,,,خوابگاه حداکثر 8 نیم‌سال,,100,اصلی,,,
30767,مهندسی پزشکی,دانشگاه صنعتی شاهرود,سمنان,با آزمون,روزانه,مرد و زن,50,,,,خوابگاه حداکثر 8 نیم‌سال,,100,اصلی,,,
30768,مهندسی ساخت و تولید,دانشگاه صنعتی شاهرود,سمنان,با آزمون,روزانه,مرد و زن,30,,,,خوابگاه حداکثر 8 نیم‌سال,,100,اصلی,,,
30769,مهندسی شهرسازی,دانشگاه صنعتی شاهرود,سمنان,با آزمون,روزانه,مرد و زن,25,,,,خوابگاه حداکثر 8 نیم‌سال,,100,اصلی,,,
30770,مهندسی شیمی,دانشگاه صنعتی شاهرود,سمنان,با آزمون,روزانه,مرد و زن,55,,,,خوابگاه حداکثر 8 نیم‌سال,,100,اصلی,,,
30771,مهندسی صنایع و سیستم‌ها,دانشگاه صنعتی شاهرود,سمنان,با آزمون,روزانه,مرد و زن,45,,,,خوابگاه حداکثر 8 نیم‌سال,,100,اصلی,,,
30772,مهندسی عمران,دانشگاه صنعتی شاهرود,سمنان,با آزمون,روزانه,مرد و زن,90,,,,خوابگاه حداکثر 8 نیم‌سال,,100,اصلی,,,
30773,مهندسی کامپیوتر,دانشگاه صنعتی شاهرود,سمنان,با آزمون,روزانه,مرد و زن,80,,,,خوابگاه حداکثر 8 نیم‌سال,,100,اصلی,,,
30774,مهندسی معماری,دانشگاه صنعتی شاهرود,سمنان,با آزمون,روزانه,مرد و زن,33,,,,خوابگاه حداکثر 8 نیم‌سال,,100,اصلی,,,
30775,مهندسی مکانیک,دانشگاه صنعتی شاهرود,سمنان,با آزمون,روزانه,مرد و زن,110,,,,خوابگاه حداکثر 8 نیم‌سال,,100,اصلی,,,
30776,مهندسی نقشه‌برداری,دانشگاه صنعتی شاهرود,سمنان,با آزمون,روزانه,مرد و زن,40,,,,خوابگاه حداکثر 8 نیم‌سال,,100,اصلی,,,
30777,مهندسی و علم مواد,دانشگاه صنعتی شاهرود,سمنان,با آزمون,روزانه,مرد و زن,40,,,,خوابگاه حداکثر 8 نیم‌سال,,100,اصلی,,,
36222,اقتصاد,دانشگاه صنعتی شاهرود,سمنان,با آزمون,روزانه,مرد و زن,18,,,,خوابگاه حداکثر 8 نیم‌سال,,100,اصلی,,,
36223,حسابداری,دانشگاه صنعتی شاهرود,سمنان,با آزمون,روزانه,مرد و زن,6,,,,خوابگاه حداکثر 8 نیم‌سال,,100,اصلی,,,
36224,علوم ورزشی,دانشگاه صنعتی شاهرود,سمنان,با آزمون,روزانه,زن,2,,,,خوابگاه حداکثر 8 نیم‌سال,,100,اصلی,,,
36225,علوم ورزشی,دانشگاه صنعتی شاهرود,سمنان,با آزمون,روزانه,مرد,2,,,,خوابگاه حداکثر 8 نیم‌سال,,100,اصلی,,,
36226,مدیریت صنعتی,دانشگاه صنعتی شاهرود,سمنان,با آزمون,روزانه,مرد و زن,5,,,,خوابگاه حداکثر 8 نیم‌سال,,100,اصلی,,,
36227,مدیریت مالی,دانشگاه صنعتی شاهرود,سمنان,با آزمون,روزانه,مرد و زن,5,,,,خوابگاه حداکثر 8 نیم‌سال,,100,اصلی,,,
30778,مهندسی برق,دانشگاه صنعتی شاهرود,سمنان,با آزمون,نوبت دوم,مرد و زن,25,,,,عدم تعهد در واگذاری خوابگاه,,100,اصلی,,,
30779,مهندسی پزشکی,دانشگاه صنعتی شاهرود,سمنان,با آزمون,نوبت دوم,مرد و زن,25,,,,عدم تعهد در واگذاری خوابگاه,,100,اصلی,,,
30780,مهندسی ساخت و تولید,دانشگاه صنعتی شاهرود,سمنان,با آزمون,نوبت دوم,مرد و زن,6,,,,عدم تعهد در واگذاری خوابگاه,,100,اصلی,,,
30781,مهندسی شیمی,دانشگاه صنعتی شاهرود,سمنان,با آزمون,نوبت دوم,مرد و زن,10,,,,عدم تعهد در واگذاری خوابگاه,,100,اصلی,,,
30782,مهندسی صنایع و سیستم‌ها,دانشگاه صنعتی شاهرود,سمنان,با آزمون,نوبت دوم,مرد و زن,15,,,,عدم تعهد در واگذاری خوابگاه,,100,اصلی,,,
30783,مهندسی عمران,دانشگاه صنعتی شاهرود,سمنان,با آزمون,نوبت دوم,مرد و زن,30,,,,عدم تعهد در واگذاری خوابگاه,,100,اصلی,,,
30784,مهندسی کامپیوتر,دانشگاه صنعتی شاهرود,سمنان,با آزمون,نوبت دوم,مرد و زن,40,,,,عدم تعهد در واگذاری خوابگاه,,100,اصلی,,,
30785,مهندسی معماری,دانشگاه صنعتی شاهرود,سمنان,با آزمون,نوبت دوم,مرد و زن,7,,,,عدم تعهد در واگذاری خوابگاه,,100,اصلی,,,
30786,مهندسی مکانیک,دانشگاه صنعتی شاهرود,سمنان,با آزمون,نوبت دوم,مرد و زن,20,,,,عدم تعهد در واگذاری خوابگاه,,100,اصلی,,,
30787,مهندسی نقشه‌برداری,دانشگاه صنعتی شاهرود,سمنان,با آزمون,نوبت دوم,مرد و زن,20,,,,عدم تعهد در واگذاری خوابگاه,,100,اصلی,,,
30788,مهندسی و علم مواد,دانشگاه صنعتی شاهرود,سمنان,با آزمون,نوبت دوم,مرد و زن,10,,,,عدم تعهد در واگذاری خوابگاه,,100,اصلی,,,
36228,اقتصاد,دانشگاه صنعتی شاهرود,سمنان,با آزمون,نوبت دوم,مرد و زن,4,,,,عدم تعهد در واگذاری خوابگاه,,100,اصلی,,,
36229,حسابداری,دانشگاه صنعتی شاهرود,سمنان,با آزمون,نوبت دوم,مرد و زن,2,,,,عدم تعهد در واگذاری خوابگاه,,100,اصلی,,,
36230,مدیریت صنعتی,دانشگاه صنعتی شاهرود,سمنان,با آزمون,نوبت دوم,مرد و زن,2,,,,عدم تعهد در واگذاری خوابگاه,,100,اصلی,,,
36231,مدیریت مالی,دانشگاه صنعتی شاهرود,سمنان,با آزمون,نوبت دوم,مرد و زن,2,,,,عدم تعهد در واگذاری خوابگاه,,100,اصلی,,,
14321,آمار,دانشگاه صنعتی شاهرود,سمنان,صرفا با سوابق تحصیلی,روزانه,مرد و زن,25,,,,خوابگاه حداکثر 8 نیم‌سال,,100,اصلی,,,
14322,ریاضیات و کاربردها,دانشگاه صنعتی شاهرود,سمنان,صرفا با سوابق تحصیلی,روزانه,مرد و زن,25,,,,خوابگاه حداکثر 8 نیم‌سال,,100,اصلی,,,
14323,علوم کامپیوتر,دانشگاه صنعتی شاهرود,سمنان,صرفا با سوابق تحصیلی,روزانه,مرد و زن,50,,,,خوابگاه حداکثر 8 نیم‌سال,,100,اصلی,,,
14324,علوم و مهندسی آب,دانشگاه صنعتی شاهرود,سمنان,صرفا با سوابق تحصیلی,روزانه,مرد و زن,20,,,,خوابگاه حداکثر 8 نیم‌سال,,100,اصلی,,,
14325,فیزیک,دانشگاه صنعتی شاهرود,سمنان,صرفا با سوابق تحصیلی,روزانه,مرد و زن,25,,,,خوابگاه حداکثر 8 نیم‌سال,,100,اصلی,,,
14326,فیزیک مهندسی,دانشگاه صنعتی شاهرود,سمنان,صرفا با سوابق تحصیلی,روزانه,مرد و زن,20,,,,خوابگاه حداکثر 8 نیم‌سال,,100,اصلی,,,
14327,مهندسی معدن,دانشگاه صنعتی شاهرود,سمنان,صرفا با سوابق تحصیلی,روزانه,مرد و زن,60,,,,خوابگاه حداکثر 8 نیم‌سال,,100,اصلی,,,
14328,مهندسی مکانیک بیوسیستم (این رشته متعلق به گروه کشاورزی است),دانشگاه صنعتی شاهرود,سمنان,صرفا با سوابق تحصیلی,روزانه,مرد و زن,20,,,,خوابگاه حداکثر 8 نیم‌سال,,100,اصلی,,,
14333,زمین‌شناسی,دانشگاه صنعتی شاهرود,سمنان,صرفا با سوابق تحصیلی,روزانه,مرد و زن,50,,,,خوابگاه حداکثر 8 نیم‌سال,,100,اصلی,,,
14334,شیمی کاربردی,دانشگاه صنعتی شاهرود,سمنان,صرفا با سوابق تحصیلی,روزانه,مرد و زن,40,,,,خوابگاه حداکثر 8 نیم‌سال,,100,اصلی,,,
14335,شیمی محض,دانشگاه صنعتی شاهرود,سمنان,صرفا با سوابق تحصیلی,روزانه,مرد و زن,40,,,,خوابگاه حداکثر 8 نیم‌سال,,100,اصلی,,,
14336,علوم و مهندسی باغبانی,دانشگاه صنعتی شاهرود,سمنان,صرفا با سوابق تحصیلی,روزانه,مرد و زن,20,,,,خوابگاه حداکثر 8 نیم‌سال,,100,اصلی,,,
14337,علوم و مهندسی خاک,دانشگاه صنعتی شاهرود,سمنان,صرفا با سوابق تحصیلی,روزانه,مرد و زن,20,,,,خوابگاه حداکثر 8 نیم‌سال,,100,اصلی,,,
14338,مهندسی تولید و ژنتیک گیاهی,دانشگاه صنعتی شاهرود,سمنان,صرفا با سوابق تحصیلی,روزانه,مرد و زن,20,,,,خوابگاه حداکثر 8 نیم‌سال,,100,اصلی,,,
14339,مهندسی گیاهپزشکی,دانشگاه صنعتی شاهرود,سمنان,صرفا با سوابق تحصیلی,روزانه,مرد و زن,20,,,,خوابگاه حداکثر 8 نیم‌سال,,100,اصلی,,,
14348,زبان و ادبیات انگلیسی,دانشگاه صنعتی شاهرود,سمنان,صرفا با سوابق تحصیلی,روزانه,مرد و زن,30,,,,خوابگاه حداکثر 8 نیم‌سال,,100,اصلی,,,
14329,علوم کامپیوتر,دانشگاه صنعتی شاهرود,سمنان,صرفا با سوابق تحصیلی,نوبت دوم,مرد و زن,10,,,,عدم تعهد در واگذاری خوابگاه,,101,اصلی,,,
14330,علوم و مهندسی آب,دانشگاه صنعتی شاهرود,سمنان,صرفا با سوابق تحصیلی,نوبت دوم,مرد و زن,5,,,,عدم تعهد در واگذاری خوابگاه,,101,اصلی,,,
14331,مهندسی معدن,دانشگاه صنعتی شاهرود,سمنان,صرفا با سوابق تحصیلی,نوبت دوم,مرد و زن,25,,,,عدم تعهد در واگذاری خوابگاه,,101,اصلی,,,
14332,مهندسی مکانیک بیوسیستم (این رشته متعلق به گروه کشاورزی است),دانشگاه صنعتی شاهرود,سمنان,صرفا با سوابق تحصیلی,نوبت دوم,مرد و زن,5,,,,عدم تعهد در واگذاری خوابگاه,,101,اصلی,,,
14340,زمین‌شناسی,دانشگاه صنعتی شاهرود,سمنان,صرفا با سوابق تحصیلی,نوبت دوم,مرد و زن,10,,,,عدم تعهد در واگذاری خوابگاه,,101,اصلی,,,
14341,شیمی کاربردی,دانشگاه صنعتی شاهرود,سمنان,صرفا با سوابق تحصیلی,نوبت دوم,مرد و زن,10,,,,عدم تعهد در واگذاری خوابگاه,,101,اصلی,,,
14342,شیمی محض,دانشگاه صنعتی شاهرود,سمنان,صرفا با سوابق تحصیلی,نوبت دوم,مرد و زن,10,,,,عدم تعهد در واگذاری خوابگاه,,101,اصلی,,,
14343,علوم و مهندسی باغبانی,دانشگاه صنعتی شاهرود,سمنان,صرفا با سوابق تحصیلی,نوبت دوم,مرد و زن,5,,,,عدم تعهد در واگذاری خوابگاه,,101,اصلی,,,
14344,علوم و مهندسی خاک,دانشگاه صنعتی شاهرود,سمنان,صرفا با سوابق تحصیلی,نوبت دوم,مرد و زن,5,,,,عدم تعهد در واگذاری خوابگاه,,101,اصلی,,,
14345,مهندسی تولید و ژنتیک گیاهی,دانشگاه صنعتی شاهرود,سمنان,صرفا با سوابق تحصیلی,نوبت دوم,مرد و زن,5,,,,عدم تعهد در واگذاری خوابگاه,,101,اصلی,,,
14346,مهندسی گیاهپزشکی,دانشگاه صنعتی شاهرود,سمنان,صرفا با سوابق تحصیلی,نوبت دوم,مرد و زن,5,,,,عدم تعهد در واگذاری خوابگاه,,101,اصلی,,,
14347,علوم ورزشی,دانشگاه صنعتی شاهرود,سمنان,صرفا با سوابق تحصیلی,نوبت دوم,مرد و زن,20,,10,10,عدم تعهد در واگذاری خوابگاه,,101,اصلی,,,
14349,زبان و ادبیات انگلیسی,دانشگاه صنعتی شاهرود,سمنان,صرفا با سوابق تحصیلی,نوبت دوم,مرد و زن,20,,,,عدم تعهد در واگذاری خوابگاه,,101,اصلی,,,
30789,مهندسی حرفه‌ای کامپیوتر,دانشگاه ملی مهارت - آموزشکده پسران سمنان,سمنان,با آزمون,روزانه,مرد,25,,,,,,101,اصلی,,,
30790,مهندسی حرفه‌ای کامپیوتر,دانشگاه ملی مهارت - آموزشکده پسران سمنان,سمنان,با آزمون,روزانه,مرد,,25,,,,,101,اصلی,,,
30791,مهندسی حرفه‌ای کامپیوتر,دانشگاه ملی مهارت - آموزشکده پسران سمنان,سمنان,با آزمون,نوبت دوم,مرد,5,,,,,,101,اصلی,,,
30792,مهندسی حرفه‌ای کامپیوتر,دانشگاه ملی مهارت - آموزشکده پسران سمنان,سمنان,با آزمون,نوبت دوم,مرد,,5,,,,,101,اصلی,,,
36218,روانشناسی,دانشگاه سمنان (محل تحصیل دانشکده روانشناسی و علوم تربیتی مهدی شهر),سمنان,با آزمون,روزانه,مرد و زن,2,,,,,,101,اصلی,,,
36219,روانشناسی,دانشگاه سمنان (محل تحصیل دانشکده روانشناسی و علوم تربیتی مهدی شهر),سمنان,با آزمون,نوبت دوم,مرد و زن,1,,,,,,101,اصلی,,,
14310,علم اطلاعات و دانش‌شناسی,دانشگاه سمنان (محل تحصیل دانشکده روانشناسی و علوم تربیتی مهدی شهر),سمنان,صرفا با سوابق تحصیلی,روزانه,مرد و زن,20,,,,,,101,اصلی,,,
14311,علم اطلاعات و دانش‌شناسی,دانشگاه سمنان (محل تحصیل دانشکده روانشناسی و علوم تربیتی مهدی شهر),سمنان,صرفا با سوابق تحصیلی,نوبت دوم,مرد و زن,10,,,,,,101,اصلی,,,
36232,حسابداری,دانشگاه ملی مهارت - آموزشکده دختران سمنان,سمنان,با آزمون,روزانه,زن,3,,,,,,101,اصلی,,,
36233,حسابداری,دانشگاه ملی مهارت - آموزشکده دختران سمنان,سمنان,با آزمون,روزانه,زن,,3,,,,,101,اصلی,,,
36234,حسابداری,دانشگاه ملی مهارت - آموزشکده دختران سمنان,سمنان,با آزمون,نوبت دوم,زن,1,,,,,,101,اصلی,,,
36235,حسابداری,دانشگاه ملی مهارت - آموزشکده دختران سمنان,سمنان,با آزمون,نوبت دوم,زن,,1,,,,,101,اصلی,,,
14432,مهندسی حرفه‌ای معماری,دانشگاه ملی مهارت - آموزشکده دختران سمنان,سمنان,صرفا با سوابق تحصیلی,روزانه,زن,25,,,,,,101,اصلی,,,
14433,مهندسی حرفه‌ای معماری,دانشگاه ملی مهارت - آموزشکده دختران سمنان,سمنان,صرفا با سوابق تحصیلی,روزانه,زن,,25,,,,,101,اصلی,,,
14434,مهندسی حرفه‌ای معماری,دانشگاه ملی مهارت - آموزشکده دختران سمنان,سمنان,صرفا با سوابق تحصیلی,نوبت دوم,زن,5,,,,,,101,اصلی,,,
14435,مهندسی حرفه‌ای معماری,دانشگاه ملی مهارت - آموزشکده دختران سمنان,سمنان,صرفا با سوابق تحصیلی,نوبت دوم,زن,,5,,,,,101,اصلی,,,
14436,گرافیک,دانشگاه ملی مهارت - آموزشکده دختران سمنان,سمنان,صرفا با سوابق تحصیلی,نوبت دوم,زن,5,,,,,,101,اصلی,,,
14437,گرافیک,دانشگاه ملی مهارت - آموزشکده دختران سمنان,سمنان,صرفا با سوابق تحصیلی,نوبت دوم,زن,,5,,,,,101,اصلی,,,
14306,علوم و مهندسی صنایع غذایی(این رشته متعلق به گروه کشاورزی است),دانشگاه سمنان (محل تحصیل آموزشکده دامپزشکی شهمیرزاد),سمنان,صرفا با سوابق تحصیلی,روزانه,مرد و زن,20,,,,,,101,اصلی,,,
14307,مهندسی علوم دامی,دانشگاه سمنان (محل تحصیل آموزشکده دامپزشکی شهمیرزاد),سمنان,صرفا با سوابق تحصیلی,روزانه,مرد و زن,20,,,,,,101,اصلی,,,
14308,علوم و مهندسی صنایع غذایی(این رشته متعلق به گروه کشاورزی است),دانشگاه سمنان (محل تحصیل آموزشکده دامپزشکی شهمیرزاد),سمنان,صرفا با سوابق تحصیلی,نوبت دوم,مرد و زن,10,,,,,,101,اصلی,,,
14309,مهندسی علوم دامی,دانشگاه سمنان (محل تحصیل آموزشکده دامپزشکی شهمیرزاد),سمنان,صرفا با سوابق تحصیلی,نوبت دوم,مرد و زن,10,,,,,,101,اصلی,,,
14312,علوم و مهندسی محیط‌زیست,دانشگاه سمنان (محل تحصیل دانشکده منابع طبیعی مهدیشهر),سمنان,صرفا با سوابق تحصیلی,روزانه,مرد و زن,18,,,,,,101,اصلی,,,
14313,مهندسی صنایع مبلمان,دانشگاه سمنان (محل تحصیل دانشکده منابع طبیعی مهدیشهر),سمنان,صرفا با سوابق تحصیلی,روزانه,مرد و زن,18,,,,,,101,اصلی,,,
14314,علوم و مهندسی محیط‌زیست,دانشگاه سمنان (محل تحصیل دانشکده منابع طبیعی مهدیشهر),سمنان,صرفا با سوابق تحصیلی,نوبت دوم,مرد و زن,5,,,,,,101,اصلی,,,
14315,مهندسی صنایع مبلمان,دانشگاه سمنان (محل تحصیل دانشکده منابع طبیعی مهدیشهر),سمنان,صرفا با سوابق تحصیلی,نوبت دوم,مرد و زن,5,,,,,,101,اصلی,,,
14350,علوم قرآن و حدیث,دانشگاه علوم و معارف قرآن کریم - وابسته به سازمان اوقاف و امور خیریه (محل تحصیل دانشکده علوم قرآنی شاهرود),سمنان,صرفا با سوابق تحصیلی,روزانه,مرد و زن,40,,25,15,دارای خوابگاه ملکی,,102,اصلی,,,
14438,طراحی لباس,دانشگاه ملی مهارت - آموزشکده دختران شاهرود,سمنان,صرفا با سوابق تحصیلی,روزانه,زن,,24,,,,,102,اصلی,,,
14439,طراحی لباس,دانشگاه ملی مهارت - آموزشکده دختران شاهرود,سمنان,صرفا با سوابق تحصیلی,نوبت دوم,زن,6,,,,,,102,اصلی,,,
14440,طراحی لباس,دانشگاه ملی مهارت - آموزشکده دختران شاهرود,سمنان,صرفا با سوابق تحصیلی,نوبت دوم,زن,,6,,,,,102,اصلی,,,
30793,مهندسی دریانوردی,دانشگاه دریانوردی و علوم دریایی چابهار,سیستان و بلوچستان,با آزمون,روزانه,مرد,20,,,,شرایط در دفترچه «پیوست‌ها» - دارای خوابگاه ملکی,,102,اصلی,,,
30794,مهندسی کشتی (موتور),دانشگاه دریانوردی و علوم دریایی چابهار,سیستان و بلوچستان,با آزمون,روزانه,مرد,20,,,,شرایط در دفترچه «پیوست‌ها» - دارای خوابگاه ملکی,,102,اصلی,,,
36236,اقتصاد,دانشگاه دریانوردی و علوم دریایی چابهار,سیستان و بلوچستان,با آزمون,روزانه,مرد و زن,16,,,,دارای خوابگاه ملکی,,102,اصلی,,,
36237,مدیریت بازرگانی,دانشگاه دریانوردی و علوم دریایی چابهار,سیستان و بلوچستان,با آزمون,روزانه,مرد و زن,3,,,,دارای خوابگاه ملکی,,102,اصلی,,,
36238,مدیریت بازرگانی,دانشگاه دریانوردی و علوم دریایی چابهار,سیستان و بلوچستان,با آزمون,نوبت دوم,مرد و زن,2,,,,دارای خوابگاه ملکی,,102,اصلی,,,
14520,ریاضیات و کاربردها,دانشگاه دریانوردی و علوم دریایی چابهار,سیستان و بلوچستان,صرفا با سوابق تحصیلی,روزانه,مرد و زن,25,,,,دارای خوابگاه ملکی,,102,اصلی,,,
14521,مهندسی برق,دانشگاه دریانوردی و علوم دریایی چابهار,سیستان و بلوچستان,صرفا با سوابق تحصیلی,روزانه,مرد و زن,35,,,,دارای خوابگاه ملکی,,102,اصلی,,,
14522,مهندسی دریا,دانشگاه دریانوردی و علوم دریایی چابهار,سیستان و بلوچستان,صرفا با سوابق تحصیلی,روزانه,مرد و زن,30,,,,دارای خوابگاه ملکی,,102,اصلی,,,
14523,مهندسی عمران,دانشگاه دریانوردی و علوم دریایی چابهار,سیستان و بلوچستان,صرفا با سوابق تحصیلی,روزانه,مرد و زن,35,,,,دارای خوابگاه ملکی,,102,اصلی,,,
14524,مهندسی مکانیک,دانشگاه دریانوردی و علوم دریایی چابهار,سیستان و بلوچستان,صرفا با سوابق تحصیلی,روزانه,مرد و زن,30,,,,دارای خوابگاه ملکی,,102,اصلی,,,
14530,اقیانوس‌شناسی,دانشگاه دریانوردی و علوم دریایی چابهار,سیستان و بلوچستان,صرفا با سوابق تحصیلی,روزانه,مرد و زن,30,,,,دارای خوابگاه ملکی,,102,اصلی,,,
14531,زیست‌شناسی دریا,دانشگاه دریانوردی و علوم دریایی چابهار,سیستان و بلوچستان,صرفا با سوابق تحصیلی,روزانه,مرد و زن,25,,,,دارای خوابگاه ملکی,,102,اصلی,,,
14532,شیمی کاربردی,دانشگاه دریانوردی و علوم دریایی چابهار,سیستان و بلوچستان,صرفا با سوابق تحصیلی,روزانه,مرد و زن,30,,,,دارای خوابگاه ملکی,,102,اصلی,,,
14533,علوم و مهندسی شیلات,دانشگاه دریانوردی و علوم دریایی چابهار,سیستان و بلوچستان,صرفا با سوابق تحصیلی,روزانه,مرد و زن,20,,,,دارای خوابگاه ملکی,,102,اصلی,,,
14539,مترجمی زبان انگلیسی,دانشگاه دریانوردی و علوم دریایی چابهار,سیستان و بلوچستان,صرفا با سوابق تحصیلی,روزانه,مرد و زن,30,,,,دارای خوابگاه ملکی,,102,اصلی,,,
14525,ریاضیات و کاربردها,دانشگاه دریانوردی و علوم دریایی چابهار,سیستان و بلوچستان,صرفا با سوابق تحصیلی,نوبت دوم,مرد و زن,25,,,,دارای خوابگاه ملکی,,102,اصلی,,,
14526,مهندسی برق,دانشگاه دریانوردی و علوم دریایی چابهار,سیستان و بلوچستان,صرفا با سوابق تحصیلی,نوبت دوم,مرد و زن,15,,,,دارای خوابگاه ملکی,,102,اصلی,,,
14527,مهندسی دریا,دانشگاه دریانوردی و علوم دریایی چابهار,سیستان و بلوچستان,صرفا با سوابق تحصیلی,نوبت دوم,مرد و زن,5,,,,دارای خوابگاه ملکی,,102,اصلی,,,
14528,مهندسی عمران,دانشگاه دریانوردی و علوم دریایی چابهار,سیستان و بلوچستان,صرفا با سوابق تحصیلی,نوبت دوم,مرد و زن,15,,,,دارای خوابگاه ملکی,,102,اصلی,,,
14529,مهندسی مکانیک,دانشگاه دریانوردی و علوم دریایی چابهار,سیستان و بلوچستان,صرفا با سوابق تحصیلی,نوبت دوم,مرد و زن,15,,,,دارای خوابگاه ملکی,,102,اصلی,,,
14534,اقیانوس‌شناسی,دانشگاه دریانوردی و علوم دریایی چابهار,سیستان و بلوچستان,صرفا با سوابق تحصیلی,نوبت دوم,مرد و زن,30,,,,دارای خوابگاه ملکی,,102,اصلی,,,
14535,زیست‌شناسی دریا,دانشگاه دریانوردی و علوم دریایی چابهار,سیستان و بلوچستان,صرفا با سوابق تحصیلی,نوبت دوم,مرد و زن,5,,,,دارای خوابگاه ملکی,,102,اصلی,,,
14536,شیمی کاربردی,دانشگاه دریانوردی و علوم دریایی چابهار,سیستان و بلوچستان,صرفا با سوابق تحصیلی,نوبت دوم,مرد و زن,5,,,,دارای خوابگاه ملکی,,102,اصلی,,,
14537,علوم و مهندسی شیلات,دانشگاه دریانوردی و علوم دریایی چابهار,سیستان و بلوچستان,صرفا با سوابق تحصیلی,نوبت دوم,مرد و زن,5,,,,دارای خوابگاه ملکی,,102,اصلی,,,
14538,اقتصاد,دانشگاه دریانوردی و علوم دریایی چابهار,سیستان و بلوچستان,صرفا با سوابق تحصیلی,نوبت دوم,مرد و زن,10,,,,دارای خوابگاه ملکی,,102,اصلی,,,
30795,مهندسی صنایع و سیستم‌ها,دانشگاه زابل,سیستان و بلوچستان,با آزمون,روزانه,مرد و زن,35,,,,,,102,اصلی,,,
36239,علوم ورزشی,دانشگاه زابل,سیستان و بلوچستان,با آزمون,روزانه,زن,2,,,,,,102,اصلی,,,
36240,علوم ورزشی,دانشگاه زابل,سیستان و بلوچستان,با آزمون,روزانه,مرد,2,,,,,,102,اصلی,,,
30796,مهندسی صنایع و سیستم‌ها,دانشگاه زابل,سیستان و بلوچستان,با آزمون,نوبت دوم,مرد و زن,10,,,,,,102,اصلی,,,
14540,آمار,دانشگاه زابل,سیستان و بلوچستان,صرفا با سوابق تحصیلی,روزانه,مرد و زن,30,,,,,,102,اصلی,,,
14541,ریاضیات و کاربردها,دانشگاه زابل,سیستان و بلوچستان,صرفا با سوابق تحصیلی,روزانه,مرد و زن,30,,,,,,102,اصلی,,,
14542,علوم کامپیوتر,دانشگاه زابل,سیستان و بلوچستان,صرفا با سوابق تحصیلی,روزانه,مرد و زن,30,,,,,,102,اصلی,,,
14543,علوم و مهندسی آب,دانشگاه زابل,سیستان و بلوچستان,صرفا با سوابق تحصیلی,روزانه,مرد و زن,20,,,,,,102,اصلی,,,
14544,فیزیک,دانشگاه زابل,سیستان و بلوچستان,صرفا با سوابق تحصیلی,روزانه,مرد و زن,30,,,,,,102,اصلی,,,
14545,مهندسی برق,دانشگاه زابل,سیستان و بلوچستان,صرفا با سوابق تحصیلی,روزانه,مرد و زن,35,,,,,,103,اصلی,,,
14546,مهندسی شهرسازی,دانشگاه زابل,سیستان و بلوچستان,صرفا با سوابق تحصیلی,روزانه,مرد و زن,30,,,,,,103,اصلی,,,
14547,مهندسی عمران,دانشگاه زابل,سیستان و بلوچستان,صرفا با سوابق تحصیلی,روزانه,مرد و زن,35,,,,,,103,اصلی,,,
14548,مهندسی کامپیوتر,دانشگاه زابل,سیستان و بلوچستان,صرفا با سوابق تحصیلی,روزانه,مرد و زن,40,,,,,,103,اصلی,,,
14549,مهندسی معماری,دانشگاه زابل,سیستان و بلوچستان,صرفا با سوابق تحصیلی,روزانه,مرد و زن,30,,,,,,103,اصلی,,,
14550,مهندسی مکانیک,دانشگاه زابل,سیستان و بلوچستان,صرفا با سوابق تحصیلی,روزانه,مرد و زن,35,,,,,,103,اصلی,,,
14551,مهندسی نقشه‌برداری,دانشگاه زابل,سیستان و بلوچستان,صرفا با سوابق تحصیلی,روزانه,مرد و زن,35,,10,25,,,103,اصلی,,,
14552,کاردانی برق - قدرت,دانشگاه زابل,سیستان و بلوچستان,صرفا با سوابق تحصیلی,روزانه,مرد و زن,35,,,,,,103,اصلی,,,
14553,کاردانی کارهای عمومی ساختمان,دانشگاه زابل,سیستان و بلوچستان,صرفا با سوابق تحصیلی,روزانه,مرد و زن,35,,,,,,103,اصلی,,,
14568,زیست‌شناسی جانوری,دانشگاه زابل,سیستان و بلوچستان,صرفا با سوابق تحصیلی,روزانه,مرد و زن,35,,,,,,103,اصلی,,,
14569,زیست‌شناسی سلولی و مولکولی,دانشگاه زابل,سیستان و بلوچستان,صرفا با سوابق تحصیلی,روزانه,مرد و زن,35,,,,,,103,اصلی,,,
14570,زیست‌شناسی گیاهی,دانشگاه زابل,سیستان و بلوچستان,صرفا با سوابق تحصیلی,روزانه,مرد و زن,35,,,,,,103,اصلی,,,
14571,شیمی کاربردی,دانشگاه زابل,سیستان و بلوچستان,صرفا با سوابق تحصیلی,روزانه,مرد و زن,35,,,,,,103,اصلی,,,
14572,شیمی محض,دانشگاه زابل,سیستان و بلوچستان,صرفا با سوابق تحصیلی,روزانه,مرد و زن,35,,,,,,103,اصلی,,,
14573,علوم آزمایشگاهی دامپزشکی,دانشگاه زابل,سیستان و بلوچستان,صرفا با سوابق تحصیلی,روزانه,مرد و زن,35,,,,,,103,اصلی,,,
14574,علوم و مهندسی باغبانی,دانشگاه زابل,سیستان و بلوچستان,صرفا با سوابق تحصیلی,روزانه,مرد و زن,20,,,,,,103,اصلی,,,
14575,علوم و مهندسی خاک,دانشگاه زابل,سیستان و بلوچستان,صرفا با سوابق تحصیلی,روزانه,مرد و زن,20,,,,,,103,اصلی,,,
14576,علوم و مهندسی شیلات,دانشگاه زابل,سیستان و بلوچستان,صرفا با سوابق تحصیلی,روزانه,مرد و زن,20,,,,,,103,اصلی,,,
14577,علوم و مهندسی صنایع غذایی(این رشته متعلق به گروه کشاورزی است),دانشگاه زابل,سیستان و بلوچستان,صرفا با سوابق تحصیلی,روزانه,مرد و زن,20,,,,,,103,اصلی,,,
14578,علوم و مهندسی محیط‌زیست,دانشگاه زابل,سیستان و بلوچستان,صرفا با سوابق تحصیلی,روزانه,مرد و زن,20,,,,,,103,اصلی,,,
14579,مهندسی اقتصاد کشاورزی,دانشگاه زابل,سیستان و بلوچستان,صرفا با سوابق تحصیلی,روزانه,مرد و زن,20,,,,,,103,اصلی,,,
14580,مهندسی ترویج و آموزش کشاورزی پایدار,دانشگاه زابل,سیستان و بلوچستان,صرفا با سوابق تحصیلی,روزانه,مرد و زن,20,,,,,,103,اصلی,,,
14581,مهندسی تولید و ژنتیک گیاهی,دانشگاه زابل,سیستان و بلوچستان,صرفا با سوابق تحصیلی,روزانه,مرد و زن,20,,,,,,103,اصلی,,,
14582,مهندسی صنایع چوب و فرآورده‌های سلولزی,دانشگاه زابل,سیستان و بلوچستان,صرفا با سوابق تحصیلی,روزانه,مرد و زن,20,,,,,,103,اصلی,,,
14583,مهندسی صنایع مبلمان,دانشگاه زابل,سیستان و بلوچستان,صرفا با سوابق تحصیلی,روزانه,مرد و زن,20,,,,,,103,اصلی,,,
14584,مهندسی طبیعت,دانشگاه زابل,سیستان و بلوچستان,صرفا با سوابق تحصیلی,روزانه,مرد و زن,20,,,,,,103,اصلی,,,
14585,مهندسی علوم دامی,دانشگاه زابل,سیستان و بلوچستان,صرفا با سوابق تحصیلی,روزانه,مرد و زن,20,,,,,,103,اصلی,,,
14586,مهندسی فضای سبز,دانشگاه زابل,سیستان و بلوچستان,صرفا با سوابق تحصیلی,روزانه,مرد و زن,20,,,,,,103,اصلی,,,
14587,مهندسی گیاهپزشکی,دانشگاه زابل,سیستان و بلوچستان,صرفا با سوابق تحصیلی,روزانه,مرد و زن,20,,,,,,103,اصلی,,,
14588,کاردانی دامپزشکی,دانشگاه زابل,سیستان و بلوچستان,صرفا با سوابق تحصیلی,روزانه,مرد و زن,35,,,,,,103,اصلی,,,
14610,تاریخ,دانشگاه زابل,سیستان و بلوچستان,صرفا با سوابق تحصیلی,روزانه,مرد و زن,35,,,,,,103,اصلی,,,
14611,جغرافیا,دانشگاه زابل,سیستان و بلوچستان,صرفا با سوابق تحصیلی,روزانه,مرد و زن,35,,,,,,103,اصلی,,,
14612,علم اطلاعات و دانش‌شناسی,دانشگاه زابل,سیستان و بلوچستان,صرفا با سوابق تحصیلی,روزانه,مرد و زن,35,,,,,,103,اصلی,,,
14620,بازیگری,دانشگاه زابل,سیستان و بلوچستان,صرفا با سوابق تحصیلی,روزانه,مرد و زن,30,,,,,,103,اصلی,,,
14621,باستان‌شناسی,دانشگاه زابل,سیستان و بلوچستان,صرفا با سوابق تحصیلی,روزانه,مرد و زن,30,,,,,,103,اصلی,,,
14622,مرمت اشیاء فرهنگی و تاریخی,دانشگاه زابل,سیستان و بلوچستان,صرفا با سوابق تحصیلی,روزانه,مرد و زن,30,,,,,,103,اصلی,,,
14626,آموزش زبان انگلیسی,دانشگاه زابل,سیستان و بلوچستان,صرفا با سوابق تحصیلی,روزانه,مرد و زن,35,,,,,,103,اصلی,,,
14627,مترجمی زبان انگلیسی,دانشگاه زابل,سیستان و بلوچستان,صرفا با سوابق تحصیلی,روزانه,مرد و زن,35,,,,,,103,اصلی,,,
14554,آمار,دانشگاه زابل,سیستان و بلوچستان,صرفا با سوابق تحصیلی,نوبت دوم,مرد و زن,10,,,,,,103,اصلی,,,
14555,ریاضیات و کاربردها,دانشگاه زابل,سیستان و بلوچستان,صرفا با سوابق تحصیلی,نوبت دوم,مرد و زن,10,,,,,,103,اصلی,,,
14556,علوم کامپیوتر,دانشگاه زابل,سیستان و بلوچستان,صرفا با سوابق تحصیلی,نوبت دوم,مرد و زن,10,,,,,,103,اصلی,,,
14557,علوم و مهندسی آب,دانشگاه زابل,سیستان و بلوچستان,صرفا با سوابق تحصیلی,نوبت دوم,مرد و زن,10,,,,,,103,اصلی,,,
14558,فیزیک,دانشگاه زابل,سیستان و بلوچستان,صرفا با سوابق تحصیلی,نوبت دوم,مرد و زن,10,,,,,,103,اصلی,,,
14559,مهندسی برق,دانشگاه زابل,سیستان و بلوچستان,صرفا با سوابق تحصیلی,نوبت دوم,مرد و زن,10,,,,,,103,اصلی,,,
14560,مهندسی شهرسازی,دانشگاه زابل,سیستان و بلوچستان,صرفا با سوابق تحصیلی,نوبت دوم,مرد و زن,10,,,,,,103,اصلی,,,
14561,مهندسی عمران,دانشگاه زابل,سیستان و بلوچستان,صرفا با سوابق تحصیلی,نوبت دوم,مرد و زن,10,,,,,,103,اصلی,,,
14562,مهندسی کامپیوتر,دانشگاه زابل,سیستان و بلوچستان,صرفا با سوابق تحصیلی,نوبت دوم,مرد و زن,13,,,,,,103,اصلی,,,
14563,مهندسی معماری,دانشگاه زابل,سیستان و بلوچستان,صرفا با سوابق تحصیلی,نوبت دوم,مرد و زن,10,,,,,,104,اصلی,,,
14564,مهندسی مکانیک,دانشگاه زابل,سیستان و بلوچستان,صرفا با سوابق تحصیلی,نوبت دوم,مرد و زن,10,,,,,,104,اصلی,,,
14565,مهندسی نقشه‌برداری,دانشگاه زابل,سیستان و بلوچستان,صرفا با سوابق تحصیلی,نوبت دوم,مرد و زن,15,,5,10,,,104,اصلی,,,
14566,کاردانی برق - قدرت,دانشگاه زابل,سیستان و بلوچستان,صرفا با سوابق تحصیلی,نوبت دوم,مرد و زن,10,,,,,,104,اصلی,,,
14567,کاردانی کارهای عمومی ساختمان,دانشگاه زابل,سیستان و بلوچستان,صرفا با سوابق تحصیلی,نوبت دوم,مرد و زن,10,,,,,,104,اصلی,,,
14589,زیست‌شناسی جانوری,دانشگاه زابل,سیستان و بلوچستان,صرفا با سوابق تحصیلی,نوبت دوم,مرد و زن,10,,,,,,104,اصلی,,,
14590,زیست‌شناسی سلولی و مولکولی,دانشگاه زابل,سیستان و بلوچستان,صرفا با سوابق تحصیلی,نوبت دوم,مرد و زن,10,,,,,,104,اصلی,,,
14591,زیست‌شناسی گیاهی,دانشگاه زابل,سیستان و بلوچستان,صرفا با سوابق تحصیلی,نوبت دوم,مرد و زن,10,,,,,,104,اصلی,,,
14592,شیمی کاربردی,دانشگاه زابل,سیستان و بلوچستان,صرفا با سوابق تحصیلی,نوبت دوم,مرد و زن,10,,,,,,104,اصلی,,,
14593,شیمی محض,دانشگاه زابل,سیستان و بلوچستان,صرفا با سوابق تحصیلی,نوبت دوم,مرد و زن,10,,,,,,104,اصلی,,,
14594,علوم آزمایشگاهی دامپزشکی,دانشگاه زابل,سیستان و بلوچستان,صرفا با سوابق تحصیلی,نوبت دوم,مرد و زن,5,,,,,,104,اصلی,,,
14595,علوم و مهندسی باغبانی,دانشگاه زابل,سیستان و بلوچستان,صرفا با سوابق تحصیلی,نوبت دوم,مرد و زن,10,,,,,,104,اصلی,,,
14596,علوم و مهندسی خاک,دانشگاه زابل,سیستان و بلوچستان,صرفا با سوابق تحصیلی,نوبت دوم,مرد و زن,10,,,,,,104,اصلی,,,
14597,علوم و مهندسی شیلات,دانشگاه زابل,سیستان و بلوچستان,صرفا با سوابق تحصیلی,نوبت دوم,مرد و زن,10,,,,,,104,اصلی,,,
14598,علوم و مهندسی صنایع غذایی(این رشته متعلق به گروه کشاورزی است),دانشگاه زابل,سیستان و بلوچستان,صرفا با سوابق تحصیلی,نوبت دوم,مرد و زن,10,,,,,,104,اصلی,,,
14599,علوم و مهندسی محیط‌زیست,دانشگاه زابل,سیستان و بلوچستان,صرفا با سوابق تحصیلی,نوبت دوم,مرد و زن,10,,,,,,104,اصلی,,,
14600,مهندسی اقتصاد کشاورزی,دانشگاه زابل,سیستان و بلوچستان,صرفا با سوابق تحصیلی,نوبت دوم,مرد و زن,10,,,,,,104,اصلی,,,
14601,مهندسی ترویج و آموزش کشاورزی پایدار,دانشگاه زابل,سیستان و بلوچستان,صرفا با سوابق تحصیلی,نوبت دوم,مرد و زن,10,,,,,,104,اصلی,,,
14602,مهندسی تولید و ژنتیک گیاهی,دانشگاه زابل,سیستان و بلوچستان,صرفا با سوابق تحصیلی,نوبت دوم,مرد و زن,10,,,,,,104,اصلی,,,
14603,مهندسی صنایع چوب و فرآورده‌های سلولزی,دانشگاه زابل,سیستان و بلوچستان,صرفا با سوابق تحصیلی,نوبت دوم,مرد و زن,10,,,,,,104,اصلی,,,
14604,مهندسی صنایع مبلمان,دانشگاه زابل,سیستان و بلوچستان,صرفا با سوابق تحصیلی,نوبت دوم,مرد و زن,10,,,,,,104,اصلی,,,
14605,مهندسی طبیعت,دانشگاه زابل,سیستان و بلوچستان,صرفا با سوابق تحصیلی,نوبت دوم,مرد و زن,10,,,,,,104,اصلی,,,
14606,مهندسی علوم دامی,دانشگاه زابل,سیستان و بلوچستان,صرفا با سوابق تحصیلی,نوبت دوم,مرد و زن,10,,,,,,104,اصلی,,,
14607,مهندسی فضای سبز,دانشگاه زابل,سیستان و بلوچستان,صرفا با سوابق تحصیلی,نوبت دوم,مرد و زن,10,,,,,,104,اصلی,,,
14608,مهندسی گیاهپزشکی,دانشگاه زابل,سیستان و بلوچستان,صرفا با سوابق تحصیلی,نوبت دوم,مرد و زن,10,,,,,,104,اصلی,,,
14609,کاردانی دامپزشکی,دانشگاه زابل,سیستان و بلوچستان,صرفا با سوابق تحصیلی,نوبت دوم,مرد و زن,10,,,,,,104,اصلی,,,
14613,تاریخ,دانشگاه زابل,سیستان و بلوچستان,صرفا با سوابق تحصیلی,نوبت دوم,مرد و زن,10,,,,,,104,اصلی,,,
14614,جغرافیا,دانشگاه زابل,سیستان و بلوچستان,صرفا با سوابق تحصیلی,نوبت دوم,مرد و زن,10,,,,,,104,اصلی,,,
14615,زبان و ادبیات عربی,دانشگاه زابل,سیستان و بلوچستان,صرفا با سوابق تحصیلی,نوبت دوم,مرد و زن,10,,,,,,104,اصلی,,,
14616,زبان و ادبیات فارسی,دانشگاه زابل,سیستان و بلوچستان,صرفا با سوابق تحصیلی,نوبت دوم,مرد و زن,10,,,,,,104,اصلی,,,
14617,علم اطلاعات و دانش‌شناسی,دانشگاه زابل,سیستان و بلوچستان,صرفا با سوابق تحصیلی,نوبت دوم,مرد و زن,10,,,,,,104,اصلی,,,
14618,علوم ورزشی,دانشگاه زابل,سیستان و بلوچستان,صرفا با سوابق تحصیلی,نوبت دوم,مرد و زن,10,,5,5,,,104,اصلی,,,
14619,مترجمی زبان عربی,دانشگاه زابل,سیستان و بلوچستان,صرفا با سوابق تحصیلی,نوبت دوم,مرد و زن,10,,,,,,104,اصلی,,,
14623,بازیگری,دانشگاه زابل,سیستان و بلوچستان,صرفا با سوابق تحصیلی,نوبت دوم,مرد و زن,10,,,,,,104,اصلی,,,
14624,باستان‌شناسی,دانشگاه زابل,سیستان و بلوچستان,صرفا با سوابق تحصیلی,نوبت دوم,مرد و زن,10,,,,,,104,اصلی,,,
14625,مرمت اشیاء فرهنگی و تاریخی,دانشگاه زابل,سیستان و بلوچستان,صرفا با سوابق تحصیلی,نوبت دوم,مرد و زن,10,,,,,,104,اصلی,,,
14628,آموزش زبان انگلیسی,دانشگاه زابل,سیستان و بلوچستان,صرفا با سوابق تحصیلی,نوبت دوم,مرد و زن,10,,,,,,104,اصلی,,,
14629,مترجمی زبان انگلیسی,دانشگاه زابل,سیستان و بلوچستان,صرفا با سوابق تحصیلی,نوبت دوم,مرد و زن,10,,,,,,104,اصلی,,,
14630,آمار,دانشگاه زابل,سیستان و بلوچستان,صرفا با سوابق تحصیلی,پردیس خودگردان,مرد و زن,15,,,,محل تحصیل پردیس خودگردان دانشگاه,,104,اصلی,,,
14631,مهندسی شهرسازی,دانشگاه زابل,سیستان و بلوچستان,صرفا با سوابق تحصیلی,پردیس خودگردان,مرد و زن,15,,,,محل تحصیل پردیس خودگردان دانشگاه,,104,اصلی,,,
14632,مهندسی عمران,دانشگاه زابل,سیستان و بلوچستان,صرفا با سوابق تحصیلی,پردیس خودگردان,مرد و زن,15,,,,محل تحصیل پردیس خودگردان دانشگاه,,104,اصلی,,,
14633,مهندسی معماری,دانشگاه زابل,سیستان و بلوچستان,صرفا با سوابق تحصیلی,پردیس خودگردان,مرد و زن,15,,,,محل تحصیل پردیس خودگردان دانشگاه,,104,اصلی,,,
14634,مهندسی مکانیک,دانشگاه زابل,سیستان و بلوچستان,صرفا با سوابق تحصیلی,پردیس خودگردان,مرد و زن,15,,,,محل تحصیل پردیس خودگردان دانشگاه,,104,اصلی,,,
14635,علوم و مهندسی صنایع غذایی(این رشته متعلق به گروه کشاورزی است),دانشگاه زابل,سیستان و بلوچستان,صرفا با سوابق تحصیلی,پردیس خودگردان,مرد و زن,15,,,,محل تحصیل پردیس خودگردان دانشگاه,,104,اصلی,,,
14636,مهندسی فضای سبز,دانشگاه زابل,سیستان و بلوچستان,صرفا با سوابق تحصیلی,پردیس خودگردان,مرد و زن,15,,,,محل تحصیل پردیس خودگردان دانشگاه,,104,اصلی,,,
14637,جغرافیا,دانشگاه زابل,سیستان و بلوچستان,صرفا با سوابق تحصیلی,پردیس خودگردان,مرد و زن,15,,,,محل تحصیل پردیس خودگردان دانشگاه,,104,اصلی,,,
14638,حقوق,دانشگاه زابل,سیستان و بلوچستان,صرفا با سوابق تحصیلی,پردیس خودگردان,مرد و زن,20,,,,محل تحصیل پردیس خودگردان دانشگاه,,105,اصلی,,,
14639,مترجمی زبان انگلیسی,دانشگاه زابل,سیستان و بلوچستان,صرفا با سوابق تحصیلی,پردیس خودگردان,مرد و زن,15,,,,محل تحصیل پردیس خودگردان دانشگاه,,105,اصلی,,,
30797,مهندسی صنایع و سیستم‌ها,دانشگاه سیستان و بلوچستان - زاهدان,سیستان و بلوچستان,با آزمون,روزانه,مرد و زن,47,,,,,,105,اصلی,,,
30798,مهندسی عمران,دانشگاه سیستان و بلوچستان - زاهدان,سیستان و بلوچستان,با آزمون,روزانه,مرد و زن,55,,,,,,105,اصلی,,,
30799,مهندسی کامپیوتر,دانشگاه سیستان و بلوچستان - زاهدان,سیستان و بلوچستان,با آزمون,روزانه,مرد و زن,60,,,,,,105,اصلی,,,
30800,مهندسی معماری,دانشگاه سیستان و بلوچستان - زاهدان,سیستان و بلوچستان,با آزمون,روزانه,مرد و زن,42,,,,,,105,اصلی,,,
30801,مهندسی مکانیک,دانشگاه سیستان و بلوچستان - زاهدان,سیستان و بلوچستان,با آزمون,روزانه,مرد و زن,50,,,,,,105,اصلی,,,
36242,اقتصاد,دانشگاه سیستان و بلوچستان - زاهدان,سیستان و بلوچستان,با آزمون,روزانه,مرد و زن,16,,,,,,105,اصلی,,,
36243,حسابداری,دانشگاه سیستان و بلوچستان - زاهدان,سیستان و بلوچستان,با آزمون,روزانه,مرد و زن,5,,,,,,105,اصلی,,,
36244,روانشناسی,دانشگاه سیستان و بلوچستان - زاهدان,سیستان و بلوچستان,با آزمون,روزانه,مرد و زن,8,,,,,,105,اصلی,,,
36245,علوم ورزشی,دانشگاه سیستان و بلوچستان - زاهدان,سیستان و بلوچستان,با آزمون,روزانه,زن,3,,,,,,105,اصلی,,,
36246,علوم ورزشی,دانشگاه سیستان و بلوچستان - زاهدان,سیستان و بلوچستان,با آزمون,روزانه,مرد,3,,,,,,105,اصلی,,,
36247,مدیریت بازرگانی,دانشگاه سیستان و بلوچستان - زاهدان,سیستان و بلوچستان,با آزمون,روزانه,مرد و زن,3,,,,,,105,اصلی,,,
36248,مدیریت دولتی,دانشگاه سیستان و بلوچستان - زاهدان,سیستان و بلوچستان,با آزمون,روزانه,مرد و زن,3,,,,,,105,اصلی,,,
36249,مدیریت مالی,دانشگاه سیستان و بلوچستان - زاهدان,سیستان و بلوچستان,با آزمون,روزانه,مرد و زن,5,,,,,,105,اصلی,,,
14665,آمار,دانشگاه سیستان و بلوچستان - زاهدان,سیستان و بلوچستان,صرفا با سوابق تحصیلی,روزانه,مرد و زن,40,,,,,,105,اصلی,,,
14666,ریاضیات و کاربردها,دانشگاه سیستان و بلوچستان - زاهدان,سیستان و بلوچستان,صرفا با سوابق تحصیلی,روزانه,مرد و زن,50,,,,,,105,اصلی,,,
14667,علوم کامپیوتر,دانشگاه سیستان و بلوچستان - زاهدان,سیستان و بلوچستان,صرفا با سوابق تحصیلی,روزانه,مرد و زن,35,,,,,,105,اصلی,,,
14668,فیزیک,دانشگاه سیستان و بلوچستان - زاهدان,سیستان و بلوچستان,صرفا با سوابق تحصیلی,روزانه,مرد و زن,45,,,,,,105,اصلی,,,
14669,مهندسی برق,دانشگاه سیستان و بلوچستان - زاهدان,سیستان و بلوچستان,صرفا با سوابق تحصیلی,روزانه,مرد و زن,80,,,,,,105,اصلی,,,
14670,مهندسی شیمی,دانشگاه سیستان و بلوچستان - زاهدان,سیستان و بلوچستان,صرفا با سوابق تحصیلی,روزانه,مرد و زن,50,,,,,,105,اصلی,,,
14671,مهندسی معدن,دانشگاه سیستان و بلوچستان - زاهدان,سیستان و بلوچستان,صرفا با سوابق تحصیلی,روزانه,مرد و زن,30,,,,,,105,اصلی,,,
14672,مهندسی و علم مواد,دانشگاه سیستان و بلوچستان - زاهدان,سیستان و بلوچستان,صرفا با سوابق تحصیلی,روزانه,مرد و زن,30,,,,,,105,اصلی,,,
14673,زمین‌شناسی,دانشگاه سیستان و بلوچستان - زاهدان,سیستان و بلوچستان,صرفا با سوابق تحصیلی,روزانه,مرد و زن,40,,,,,,105,اصلی,,,
14674,زیست‌شناسی جانوری,دانشگاه سیستان و بلوچستان - زاهدان,سیستان و بلوچستان,صرفا با سوابق تحصیلی,روزانه,مرد و زن,50,,,,,,105,اصلی,,,
14675,زیست‌شناسی سلولی و مولکولی,دانشگاه سیستان و بلوچستان - زاهدان,سیستان و بلوچستان,صرفا با سوابق تحصیلی,روزانه,مرد و زن,50,,,,,,105,اصلی,,,
14676,زیست‌شناسی گیاهی,دانشگاه سیستان و بلوچستان - زاهدان,سیستان و بلوچستان,صرفا با سوابق تحصیلی,روزانه,مرد و زن,50,,,,,,105,اصلی,,,
14677,شیمی کاربردی,دانشگاه سیستان و بلوچستان - زاهدان,سیستان و بلوچستان,صرفا با سوابق تحصیلی,روزانه,مرد و زن,40,,,,,,105,اصلی,,,
14678,شیمی محض,دانشگاه سیستان و بلوچستان - زاهدان,سیستان و بلوچستان,صرفا با سوابق تحصیلی,روزانه,مرد و زن,40,,,,,,105,اصلی,,,
14679,مهندسی اقتصاد کشاورزی,دانشگاه سیستان و بلوچستان - زاهدان,سیستان و بلوچستان,صرفا با سوابق تحصیلی,روزانه,مرد و زن,20,,,,,,105,اصلی,,,
14680,مهندسی فضای سبز,دانشگاه سیستان و بلوچستان - زاهدان,سیستان و بلوچستان,صرفا با سوابق تحصیلی,روزانه,مرد و زن,35,,,,,,105,اصلی,,,
14681,ادیان و عرفان,دانشگاه سیستان و بلوچستان - زاهدان,سیستان و بلوچستان,صرفا با سوابق تحصیلی,روزانه,مرد و زن,28,,,,,,105,اصلی,,,
14682,باستان‌شناسی,دانشگاه سیستان و بلوچستان - زاهدان,سیستان و بلوچستان,صرفا با سوابق تحصیلی,روزانه,مرد و زن,35,,,,,,105,اصلی,,,
14683,علوم قرآن و حدیث,دانشگاه سیستان و بلوچستان - زاهدان,سیستان و بلوچستان,صرفا با سوابق تحصیلی,روزانه,مرد و زن,25,,,,,,105,اصلی,,,
14684,فلسفه و کلام اسلامی,دانشگاه سیستان و بلوچستان - زاهدان,سیستان و بلوچستان,صرفا با سوابق تحصیلی,روزانه,مرد و زن,28,,,,,,105,اصلی,,,
14685,فرش,دانشگاه سیستان و بلوچستان - زاهدان,سیستان و بلوچستان,صرفا با سوابق تحصیلی,روزانه,مرد و زن,25,,,,,,105,اصلی,,,
14686,مرمت بناهای تاریخی,دانشگاه سیستان و بلوچستان - زاهدان,سیستان و بلوچستان,صرفا با سوابق تحصیلی,روزانه,مرد و زن,30,,,,,,105,اصلی,,,
14687,نقاشی,دانشگاه سیستان و بلوچستان - زاهدان,سیستان و بلوچستان,صرفا با سوابق تحصیلی,روزانه,مرد و زن,30,,,,,,105,اصلی,,,
14688,هنر اسلامی,دانشگاه سیستان و بلوچستان - زاهدان,سیستان و بلوچستان,صرفا با سوابق تحصیلی,روزانه,مرد و زن,25,,,,,,105,اصلی,,,
14689,آموزش زبان انگلیسی,دانشگاه سیستان و بلوچستان - زاهدان,سیستان و بلوچستان,صرفا با سوابق تحصیلی,روزانه,مرد و زن,30,,,,,,105,اصلی,,,
36241,حسابداری,دانشگاه سراوان,سیستان و بلوچستان,با آزمون,روزانه,مرد و زن,3,,,,,,105,اصلی,,,
14640,مهندسی برق,دانشگاه سراوان,سیستان و بلوچستان,صرفا با سوابق تحصیلی,روزانه,مرد و زن,27,,,,,,105,اصلی,,,
14641,مهندسی عمران,دانشگاه سراوان,سیستان و بلوچستان,صرفا با سوابق تحصیلی,روزانه,مرد و زن,27,,,,,,105,اصلی,,,
14642,مهندسی کامپیوتر,دانشگاه سراوان,سیستان و بلوچستان,صرفا با سوابق تحصیلی,روزانه,مرد و زن,27,,,,,,105,اصلی,,,
14646,علوم و مهندسی باغبانی,دانشگاه سراوان,سیستان و بلوچستان,صرفا با سوابق تحصیلی,روزانه,مرد و زن,15,,,,,,105,اصلی,,,
14647,مهندسی اقتصاد کشاورزی,دانشگاه سراوان,سیستان و بلوچستان,صرفا با سوابق تحصیلی,روزانه,مرد و زن,15,,,,,,105,اصلی,,,
14648,مهندسی ترویج و آموزش کشاورزی پایدار,دانشگاه سراوان,سیستان و بلوچستان,صرفا با سوابق تحصیلی,روزانه,مرد و زن,15,,,,,,106,اصلی,,,
14649,مهندسی تولید و ژنتیک گیاهی,دانشگاه سراوان,سیستان و بلوچستان,صرفا با سوابق تحصیلی,روزانه,مرد و زن,15,,,,,,106,اصلی,,,
14650,مهندسی طبیعت,دانشگاه سراوان,سیستان و بلوچستان,صرفا با سوابق تحصیلی,روزانه,مرد و زن,15,,,,,,106,اصلی,,,
14651,مهندسی علوم دامی,دانشگاه سراوان,سیستان و بلوچستان,صرفا با سوابق تحصیلی,روزانه,مرد و زن,15,,,,,,106,اصلی,,,
14652,مهندسی گیاهپزشکی,دانشگاه سراوان,سیستان و بلوچستان,صرفا با سوابق تحصیلی,روزانه,مرد و زن,15,,,,,,106,اصلی,,,
14653,کاردانی تکنولوژی تولیدات گیاهی,دانشگاه سراوان,سیستان و بلوچستان,صرفا با سوابق تحصیلی,روزانه,مرد و زن,30,,,,,,106,اصلی,,,
14654,کاردانی تولید و بهره‌برداری از گیاهان دارویی و معطر,دانشگاه سراوان,سیستان و بلوچستان,صرفا با سوابق تحصیلی,روزانه,مرد و زن,30,,,,,,106,اصلی,,,
14655,کاردانی فنی باغبانی - تولید و فرآوری خرما,دانشگاه سراوان,سیستان و بلوچستان,صرفا با سوابق تحصیلی,روزانه,مرد و زن,30,,,,,,106,اصلی,,,
14661,اقتصاد,دانشگاه سراوان,سیستان و بلوچستان,صرفا با سوابق تحصیلی,روزانه,مرد و زن,27,,,,,,106,اصلی,,,
14643,مهندسی برق,دانشگاه سراوان,سیستان و بلوچستان,صرفا با سوابق تحصیلی,نوبت دوم,مرد و زن,10,,,,,,106,اصلی,,,
14644,مهندسی عمران,دانشگاه سراوان,سیستان و بلوچستان,صرفا با سوابق تحصیلی,نوبت دوم,مرد و زن,10,,,,,,106,اصلی,,,
14645,مهندسی کامپیوتر,دانشگاه سراوان,سیستان و بلوچستان,صرفا با سوابق تحصیلی,نوبت دوم,مرد و زن,10,,,,,,106,اصلی,,,
14656,مهندسی اقتصاد کشاورزی,دانشگاه سراوان,سیستان و بلوچستان,صرفا با سوابق تحصیلی,نوبت دوم,مرد و زن,2,,,,,,106,اصلی,,,
14657,مهندسی علوم دامی,دانشگاه سراوان,سیستان و بلوچستان,صرفا با سوابق تحصیلی,نوبت دوم,مرد و زن,2,,,,,,106,اصلی,,,
14658,کاردانی تکنولوژی تولیدات گیاهی,دانشگاه سراوان,سیستان و بلوچستان,صرفا با سوابق تحصیلی,نوبت دوم,مرد و زن,30,,,,,,106,اصلی,,,
14659,کاردانی تولید و بهره‌برداری از گیاهان دارویی و معطر,دانشگاه سراوان,سیستان و بلوچستان,صرفا با سوابق تحصیلی,نوبت دوم,مرد و زن,30,,,,,,106,اصلی,,,
14660,کاردانی فنی باغبانی - تولید و فرآوری خرما,دانشگاه سراوان,سیستان و بلوچستان,صرفا با سوابق تحصیلی,نوبت دوم,مرد و زن,30,,,,,,106,اصلی,,,
14662,اقتصاد,دانشگاه سراوان,سیستان و بلوچستان,صرفا با سوابق تحصیلی,نوبت دوم,مرد و زن,8,,,,,,106,اصلی,,,
14663,حسابداری,دانشگاه سراوان,سیستان و بلوچستان,صرفا با سوابق تحصیلی,نوبت دوم,مرد و زن,10,,,,,,106,اصلی,,,
14664,زبان و ادبیات فارسی,دانشگاه سراوان,سیستان و بلوچستان,صرفا با سوابق تحصیلی,نوبت دوم,مرد و زن,10,,,,,,106,اصلی,,,
36250,حسابداری,دانشگاه ولایت - ایرانشهر,سیستان و بلوچستان,با آزمون,روزانه,مرد و زن,3,,,,دارای خوابگاه ملکی,,106,اصلی,,,
36251,مدیریت بازرگانی,دانشگاه ولایت - ایرانشهر,سیستان و بلوچستان,با آزمون,روزانه,مرد و زن,3,,,,دارای خوابگاه ملکی,,106,اصلی,,,
36252,مدیریت دولتی,دانشگاه ولایت - ایرانشهر,سیستان و بلوچستان,با آزمون,روزانه,مرد و زن,3,,,,دارای خوابگاه ملکی,,106,اصلی,,,
36253,حسابداری,دانشگاه ولایت - ایرانشهر,سیستان و بلوچستان,با آزمون,نوبت دوم,مرد و زن,1,,,,محدودیت در ارائه خوابگاه,,106,اصلی,,,
36254,مدیریت بازرگانی,دانشگاه ولایت - ایرانشهر,سیستان و بلوچستان,با آزمون,نوبت دوم,مرد و زن,1,,,,محدودیت در ارائه خوابگاه,,106,اصلی,,,
36255,مدیریت دولتی,دانشگاه ولایت - ایرانشهر,سیستان و بلوچستان,با آزمون,نوبت دوم,مرد و زن,1,,,,محدودیت در ارائه خوابگاه,,106,اصلی,,,
14695,آمار,دانشگاه ولایت - ایرانشهر,سیستان و بلوچستان,صرفا با سوابق تحصیلی,روزانه,مرد و زن,30,,,,دارای خوابگاه ملکی,,106,اصلی,,,
14696,ریاضیات و کاربردها,دانشگاه ولایت - ایرانشهر,سیستان و بلوچستان,صرفا با سوابق تحصیلی,روزانه,مرد و زن,30,,,,دارای خوابگاه ملکی,,106,اصلی,,,
14697,علوم کامپیوتر,دانشگاه ولایت - ایرانشهر,سیستان و بلوچستان,صرفا با سوابق تحصیلی,روزانه,مرد و زن,30,,,,دارای خوابگاه ملکی,,106,اصلی,,,
14698,مهندسی برق,دانشگاه ولایت - ایرانشهر,سیستان و بلوچستان,صرفا با سوابق تحصیلی,روزانه,مرد و زن,35,,,,دارای خوابگاه ملکی,,106,اصلی,,,
14699,مهندسی شیمی,دانشگاه ولایت - ایرانشهر,سیستان و بلوچستان,صرفا با سوابق تحصیلی,روزانه,مرد و زن,35,,,,دارای خوابگاه ملکی,,106,اصلی,,,
14700,مهندسی صنایع و سیستم‌ها,دانشگاه ولایت - ایرانشهر,سیستان و بلوچستان,صرفا با سوابق تحصیلی,روزانه,مرد و زن,34,,,,دارای خوابگاه ملکی,,106,اصلی,,,
14701,مهندسی عمران,دانشگاه ولایت - ایرانشهر,سیستان و بلوچستان,صرفا با سوابق تحصیلی,روزانه,مرد و زن,35,,,,دارای خوابگاه ملکی,,106,اصلی,,,
14702,مهندسی کامپیوتر,دانشگاه ولایت - ایرانشهر,سیستان و بلوچستان,صرفا با سوابق تحصیلی,روزانه,مرد و زن,30,,,,دارای خوابگاه ملکی,,106,اصلی,,,
14703,مهندسی معدن,دانشگاه ولایت - ایرانشهر,سیستان و بلوچستان,صرفا با سوابق تحصیلی,روزانه,مرد و زن,20,,,,دارای خوابگاه ملکی,,106,اصلی,,,
14704,مهندسی مکانیک,دانشگاه ولایت - ایرانشهر,سیستان و بلوچستان,صرفا با سوابق تحصیلی,روزانه,مرد و زن,35,,,,دارای خوابگاه ملکی,,106,اصلی,,,
14715,زمین‌شناسی,دانشگاه ولایت - ایرانشهر,سیستان و بلوچستان,صرفا با سوابق تحصیلی,روزانه,مرد و زن,20,,,,دارای خوابگاه ملکی,,106,اصلی,,,
14716,علوم و مهندسی باغبانی,دانشگاه ولایت - ایرانشهر,سیستان و بلوچستان,صرفا با سوابق تحصیلی,روزانه,مرد و زن,20,,,,دارای خوابگاه ملکی,,106,اصلی,,,
14717,علوم و مهندسی محیط‌زیست,دانشگاه ولایت - ایرانشهر,سیستان و بلوچستان,صرفا با سوابق تحصیلی,روزانه,مرد و زن,20,,,,دارای خوابگاه ملکی,,106,اصلی,,,
14721,تاریخ,دانشگاه ولایت - ایرانشهر,سیستان و بلوچستان,صرفا با سوابق تحصیلی,روزانه,مرد و زن,25,,,,دارای خوابگاه ملکی,,106,اصلی,,,
14722,زبان و زبان‌شناسی,دانشگاه ولایت - ایرانشهر,سیستان و بلوچستان,صرفا با سوابق تحصیلی,روزانه,مرد و زن,20,,,,دارای خوابگاه ملکی,,106,اصلی,,,
14723,مردم‌شناسی,دانشگاه ولایت - ایرانشهر,سیستان و بلوچستان,صرفا با سوابق تحصیلی,روزانه,مرد و زن,25,,,,دارای خوابگاه ملکی,,106,اصلی,,,
14730,زبان و ادبیات انگلیسی,دانشگاه ولایت - ایرانشهر,سیستان و بلوچستان,صرفا با سوابق تحصیلی,روزانه,مرد و زن,20,,,,دارای خوابگاه ملکی,,106,اصلی,,,
14731,مترجمی زبان انگلیسی,دانشگاه ولایت - ایرانشهر,سیستان و بلوچستان,صرفا با سوابق تحصیلی,روزانه,مرد و زن,20,,,,دارای خوابگاه ملکی,,107,اصلی,,,
14705,آمار,دانشگاه ولایت - ایرانشهر,سیستان و بلوچستان,صرفا با سوابق تحصیلی,نوبت دوم,مرد و زن,5,,,,محدودیت در ارائه خوابگاه,,107,اصلی,,,
14706,ریاضیات و کاربردها,دانشگاه ولایت - ایرانشهر,سیستان و بلوچستان,صرفا با سوابق تحصیلی,نوبت دوم,مرد و زن,5,,,,محدودیت در ارائه خوابگاه,,107,اصلی,,,
14707,علوم کامپیوتر,دانشگاه ولایت - ایرانشهر,سیستان و بلوچستان,صرفا با سوابق تحصیلی,نوبت دوم,مرد و زن,5,,,,محدودیت در ارائه خوابگاه,,107,اصلی,,,
14708,مهندسی برق,دانشگاه ولایت - ایرانشهر,سیستان و بلوچستان,صرفا با سوابق تحصیلی,نوبت دوم,مرد و زن,5,,,,محدودیت در ارائه خوابگاه,,107,اصلی,,,
14709,مهندسی شیمی,دانشگاه ولایت - ایرانشهر,سیستان و بلوچستان,صرفا با سوابق تحصیلی,نوبت دوم,مرد و زن,5,,,,محدودیت در ارائه خوابگاه,,107,اصلی,,,
14710,مهندسی صنایع و سیستم‌ها,دانشگاه ولایت - ایرانشهر,سیستان و بلوچستان,صرفا با سوابق تحصیلی,نوبت دوم,مرد و زن,5,,,,محدودیت در ارائه خوابگاه,,107,اصلی,,,
14711,مهندسی عمران,دانشگاه ولایت - ایرانشهر,سیستان و بلوچستان,صرفا با سوابق تحصیلی,نوبت دوم,مرد و زن,5,,,,محدودیت در ارائه خوابگاه,,107,اصلی,,,
14712,مهندسی کامپیوتر,دانشگاه ولایت - ایرانشهر,سیستان و بلوچستان,صرفا با سوابق تحصیلی,نوبت دوم,مرد و زن,5,,,,محدودیت در ارائه خوابگاه,,107,اصلی,,,
14713,مهندسی معدن,دانشگاه ولایت - ایرانشهر,سیستان و بلوچستان,صرفا با سوابق تحصیلی,نوبت دوم,مرد و زن,2,,,,محدودیت در ارائه خوابگاه,,107,اصلی,,,
14714,مهندسی مکانیک,دانشگاه ولایت - ایرانشهر,سیستان و بلوچستان,صرفا با سوابق تحصیلی,نوبت دوم,مرد و زن,5,,,,محدودیت در ارائه خوابگاه,,107,اصلی,,,
14718,زمین‌شناسی,دانشگاه ولایت - ایرانشهر,سیستان و بلوچستان,صرفا با سوابق تحصیلی,نوبت دوم,مرد و زن,2,,,,محدودیت در ارائه خوابگاه,,107,اصلی,,,
14719,علوم و مهندسی باغبانی,دانشگاه ولایت - ایرانشهر,سیستان و بلوچستان,صرفا با سوابق تحصیلی,نوبت دوم,مرد و زن,2,,,,محدودیت در ارائه خوابگاه,,107,اصلی,,,
14720,علوم و مهندسی محیط‌زیست,دانشگاه ولایت - ایرانشهر,سیستان و بلوچستان,صرفا با سوابق تحصیلی,نوبت دوم,مرد و زن,4,,,,محدودیت در ارائه خوابگاه,,107,اصلی,,,
14724,تاریخ,دانشگاه ولایت - ایرانشهر,سیستان و بلوچستان,صرفا با سوابق تحصیلی,نوبت دوم,مرد و زن,5,,,,محدودیت در ارائه خوابگاه,,107,اصلی,,,
14725,زبان و ادبیات عربی,دانشگاه ولایت - ایرانشهر,سیستان و بلوچستان,صرفا با سوابق تحصیلی,نوبت دوم,مرد و زن,5,,,,محدودیت در ارائه خوابگاه,,107,اصلی,,,
14726,زبان و ادبیات فارسی,دانشگاه ولایت - ایرانشهر,سیستان و بلوچستان,صرفا با سوابق تحصیلی,نوبت دوم,مرد و زن,5,,,,محدودیت در ارائه خوابگاه,,107,اصلی,,,
14727,زبان و زبان‌شناسی,دانشگاه ولایت - ایرانشهر,سیستان و بلوچستان,صرفا با سوابق تحصیلی,نوبت دوم,مرد و زن,5,,,,محدودیت در ارائه خوابگاه,,107,اصلی,,,
14728,فقه و مبانی حقوق اسلامی,دانشگاه ولایت - ایرانشهر,سیستان و بلوچستان,صرفا با سوابق تحصیلی,نوبت دوم,مرد و زن,1,,,,محدودیت در ارائه خوابگاه,,107,اصلی,,,
14729,مردم‌شناسی,دانشگاه ولایت - ایرانشهر,سیستان و بلوچستان,صرفا با سوابق تحصیلی,نوبت دوم,مرد و زن,5,,,,محدودیت در ارائه خوابگاه,,107,اصلی,,,
14732,زبان و ادبیات انگلیسی,دانشگاه ولایت - ایرانشهر,سیستان و بلوچستان,صرفا با سوابق تحصیلی,نوبت دوم,مرد و زن,5,,,,محدودیت در ارائه خوابگاه,,107,اصلی,,,
14733,مترجمی زبان انگلیسی,دانشگاه ولایت - ایرانشهر,سیستان و بلوچستان,صرفا با سوابق تحصیلی,نوبت دوم,مرد و زن,5,,,,محدودیت در ارائه خوابگاه,,107,اصلی,,,
36256,حسابداری,دانشگاه ملی مهارت - آموزشکده دختران زاهدان,سیستان و بلوچستان,با آزمون,روزانه,زن,3,,,,,,107,اصلی,,,
36257,حسابداری,دانشگاه ملی مهارت - آموزشکده دختران زاهدان,سیستان و بلوچستان,با آزمون,روزانه,زن,,3,,,,,107,اصلی,,,
14690,مهندسی صنایع و سیستم‌ها,دانشگاه سیستان و بلوچستان (محل تحصیل دانشکده صنعت و معدن خاش),سیستان و بلوچستان,صرفا با سوابق تحصیلی,روزانه,مرد و زن,35,,,,,,107,اصلی,,,
14691,مهندسی کامپیوتر,دانشگاه سیستان و بلوچستان (محل تحصیل دانشکده صنعت و معدن خاش),سیستان و بلوچستان,صرفا با سوابق تحصیلی,روزانه,مرد و زن,35,,,,,,107,اصلی,,,
14692,مهندسی معدن,دانشگاه سیستان و بلوچستان (محل تحصیل دانشکده صنعت و معدن خاش),سیستان و بلوچستان,صرفا با سوابق تحصیلی,روزانه,مرد و زن,30,,,,,,107,اصلی,,,
14693,علوم قرآن و حدیث,دانشگاه علوم و معارف قرآن کریم - وابسته به سازمان اوقاف و امور خیریه (محل تحصیل دانشکده علوم قرآنی زابل),سیستان و بلوچستان,صرفا با سوابق تحصیلی,روزانه,مرد و زن,40,,20,20,دارای خوابگاه ملکی,,107,اصلی,,,
14694,علوم قرآن و حدیث,دانشگاه علوم و معارف قرآن کریم - وابسته به سازمان اوقاف و امور خیریه (محل تحصیل دانشکده علوم قرآنی زاهدان),سیستان و بلوچستان,صرفا با سوابق تحصیلی,روزانه,مرد و زن,40,,25,15,محدودیت در ارائه خوابگاه,,107,اصلی,,,
14874,مهندسی حرفه‌ای کامپیوتر,دانشگاه ملی مهارت - آموزشکده پسران زاهدان (شهید باهنر),سیستان و بلوچستان,صرفا با سوابق تحصیلی,روزانه,مرد,25,,,,,,107,اصلی,,,
14875,مهندسی حرفه‌ای کامپیوتر,دانشگاه ملی مهارت - آموزشکده پسران زاهدان (شهید باهنر),سیستان و بلوچستان,صرفا با سوابق تحصیلی,روزانه,مرد,,25,,,,,107,اصلی,,,
14876,مهندسی حرفه‌ای کامپیوتر,دانشگاه ملی مهارت - آموزشکده پسران زاهدان (شهید باهنر),سیستان و بلوچستان,صرفا با سوابق تحصیلی,نوبت دوم,مرد,5,,,,,,107,اصلی,,,
14877,مهندسی حرفه‌ای کامپیوتر,دانشگاه ملی مهارت - آموزشکده پسران زاهدان (شهید باهنر),سیستان و بلوچستان,صرفا با سوابق تحصیلی,نوبت دوم,مرد,,5,,,,,107,اصلی,,,
14891,علوم قرآن و حدیث,دانشگاه غیردولتی بین‌المللی مذاهب اسلامی (محل تحصیل واحد زاهدان),سیستان و بلوچستان,صرفا با سوابق تحصیلی,روزانه - غیردولتی,مرد و زن,45,,,,شرایط در دفترچه «پیوست‌ها» - تحصیل رایگان - فاقد خوابگاه,,108,اصلی,,,
14892,فقه و حقوق امامی,دانشگاه غیردولتی بین‌المللی مذاهب اسلامی (محل تحصیل واحد زاهدان),سیستان و بلوچستان,صرفا با سوابق تحصیلی,روزانه - غیردولتی,مرد و زن,45,,,,شرایط در دفترچه «پیوست‌ها» - تحصیل رایگان - مختص خواهران و برادران مذهب امامی (شیعه) - فاقد خوابگاه,,108,اصلی,,,
14893,فقه و حقوق حنفی,دانشگاه غیردولتی بین‌المللی مذاهب اسلامی (محل تحصیل واحد زاهدان),سیستان و بلوچستان,صرفا با سوابق تحصیلی,روزانه - غیردولتی,مرد و زن,45,,,,شرایط در دفترچه «پیوست‌ها» - تحصیل رایگان، مختص خواهران و برادران مذهب حنفی (اهل سنت) - فاقد خوابگاه,,108,اصلی,,,
30802,مهندسی برق,دانشگاه جهرم,فارس,با آزمون,روزانه,مرد و زن,41,,,,خوابگاه برای «خواهران» به‌صورت «خودگردان» و برای «برادران» به‌صورت «ملکی» است.,,108,اصلی,,,
30803,مهندسی کامپیوتر,دانشگاه جهرم,فارس,با آزمون,روزانه,مرد و زن,41,,,,خوابگاه برای «خواهران» به‌صورت «خودگردان» و برای «برادران» به‌صورت «ملکی» است.,,108,اصلی,,,
30804,مهندسی مکانیک,دانشگاه جهرم,فارس,با آزمون,روزانه,مرد و زن,41,,,,خوابگاه برای «خواهران» به‌صورت «خودگردان» و برای «برادران» به‌صورت «ملکی» است.,,108,اصلی,,,
36258,حسابداری,دانشگاه جهرم,فارس,با آزمون,روزانه,مرد و زن,3,,,,خوابگاه برای «خواهران» به‌صورت «خودگردان» و برای «برادران» به‌صورت «ملکی» است.,,108,اصلی,,,
36259,روانشناسی,دانشگاه جهرم,فارس,با آزمون,روزانه,مرد و زن,3,,,,خوابگاه برای «خواهران» به‌صورت «خودگردان» و برای «برادران» به‌صورت «ملکی» است.,,108,اصلی,,,
36260,علوم ورزشی,دانشگاه جهرم,فارس,با آزمون,روزانه,مرد,2,,,,دارای خوابگاه ملکی,,108,اصلی,,,
36261,علوم ورزشی,دانشگاه جهرم,فارس,با آزمون,روزانه,زن,2,,,,معرفی به خوابگاه‌های خودگردان,,108,اصلی,,,
14910,آمار,دانشگاه جهرم,فارس,صرفا با سوابق تحصیلی,روزانه,مرد و زن,20,,,,خوابگاه برای «خواهران» به‌صورت «خودگردان» و برای «برادران» به‌صورت «ملکی» است.,,108,اصلی,,,
14911,ریاضیات و کاربردها,دانشگاه جهرم,فارس,صرفا با سوابق تحصیلی,روزانه,مرد و زن,20,,,,خوابگاه برای «خواهران» به‌صورت «خودگردان» و برای «برادران» به‌صورت «ملکی» است.,,108,اصلی,,,
14912,علوم و مهندسی آب,دانشگاه جهرم,فارس,صرفا با سوابق تحصیلی,روزانه,مرد و زن,18,,,,خوابگاه برای «خواهران» به‌صورت «خودگردان» و برای «برادران» به‌صورت «ملکی» است.,,108,اصلی,,,
14913,فیزیک,دانشگاه جهرم,فارس,صرفا با سوابق تحصیلی,روزانه,مرد و زن,20,,,,خوابگاه برای «خواهران» به‌صورت «خودگردان» و برای «برادران» به‌صورت «ملکی» است.,,108,اصلی,,,
14914,مهندسی مکانیک بیوسیستم (این رشته متعلق به گروه کشاورزی است),دانشگاه جهرم,فارس,صرفا با سوابق تحصیلی,روزانه,مرد و زن,18,,,,خوابگاه برای «خواهران» به‌صورت «خودگردان» و برای «برادران» به‌صورت «ملکی» است.,,108,اصلی,,,
14915,علوم و مهندسی باغبانی,دانشگاه جهرم,فارس,صرفا با سوابق تحصیلی,روزانه,مرد و زن,18,,,,خوابگاه برای «خواهران» به‌صورت «خودگردان» و برای «برادران» به‌صورت «ملکی» است.,,108,اصلی,,,
14916,علوم و مهندسی صنایع غذایی(این رشته متعلق به گروه کشاورزی است),دانشگاه جهرم,فارس,صرفا با سوابق تحصیلی,روزانه,مرد و زن,20,,,,خوابگاه برای «خواهران» به‌صورت «خودگردان» و برای «برادران» به‌صورت «ملکی» است.,,109,اصلی,,,
14917,مهندسی تولید و ژنتیک گیاهی,دانشگاه جهرم,فارس,صرفا با سوابق تحصیلی,روزانه,مرد و زن,18,,,,خوابگاه برای «خواهران» به‌صورت «خودگردان» و برای «برادران» به‌صورت «ملکی» است.,,109,اصلی,,,
30805,علوم کامپیوتر,دانشگاه سلمان فارسی - کازرون,فارس,با آزمون,روزانه,مرد و زن,25,,,,,,109,اصلی,,,
30806,مهندسی برق,دانشگاه سلمان فارسی - کازرون,فارس,با آزمون,روزانه,مرد و زن,35,,,,,,109,اصلی,,,
30807,مهندسی شهرسازی,دانشگاه سلمان فارسی - کازرون,فارس,با آزمون,روزانه,مرد و زن,35,,,,,,109,اصلی,,,
30808,مهندسی کامپیوتر,دانشگاه سلمان فارسی - کازرون,فارس,با آزمون,روزانه,مرد و زن,35,,,,,,109,اصلی,,,
36262,روانشناسی,دانشگاه سلمان فارسی - کازرون,فارس,با آزمون,روزانه,مرد و زن,4,,,,,,109,اصلی,,,
30809,علوم کامپیوتر,دانشگاه سلمان فارسی - کازرون,فارس,با آزمون,نوبت دوم,مرد و زن,2,,,,,,109,اصلی,,,
30810,مهندسی برق,دانشگاه سلمان فارسی - کازرون,فارس,با آزمون,نوبت دوم,مرد و زن,5,,,,,,109,اصلی,,,
30811,مهندسی شهرسازی,دانشگاه سلمان فارسی - کازرون,فارس,با آزمون,نوبت دوم,مرد و زن,3,,,,,,109,اصلی,,,
30812,مهندسی کامپیوتر,دانشگاه سلمان فارسی - کازرون,فارس,با آزمون,نوبت دوم,مرد و زن,5,,,,,,109,اصلی,,,
36263,روانشناسی,دانشگاه سلمان فارسی - کازرون,فارس,با آزمون,نوبت دوم,مرد و زن,1,,,,,,109,اصلی,,,
14918,ریاضیات و کاربردها,دانشگاه سلمان فارسی - کازرون,فارس,صرفا با سوابق تحصیلی,روزانه,مرد و زن,25,,,,,,109,اصلی,,,
14919,علوم مهندسی,دانشگاه سلمان فارسی - کازرون,فارس,صرفا با سوابق تحصیلی,روزانه,مرد و زن,18,,,,,,109,اصلی,,,
14920,فیزیک,دانشگاه سلمان فارسی - کازرون,فارس,صرفا با سوابق تحصیلی,روزانه,مرد و زن,20,,,,,,109,اصلی,,,
14921,فیزیک مهندسی,دانشگاه سلمان فارسی - کازرون,فارس,صرفا با سوابق تحصیلی,روزانه,مرد و زن,20,,,,,,109,اصلی,,,
14922,مهندسی اپتیک و لیزر,دانشگاه سلمان فارسی - کازرون,فارس,صرفا با سوابق تحصیلی,روزانه,مرد و زن,20,,,,,,109,اصلی,,,
14923,ریاضیات و کاربردها,دانشگاه سلمان فارسی - کازرون,فارس,صرفا با سوابق تحصیلی,نوبت دوم,مرد و زن,1,,,,,,109,اصلی,,,
14924,فیزیک,دانشگاه سلمان فارسی - کازرون,فارس,صرفا با سوابق تحصیلی,نوبت دوم,مرد و زن,2,,,,,,109,اصلی,,,
14925,فیزیک مهندسی,دانشگاه سلمان فارسی - کازرون,فارس,صرفا با سوابق تحصیلی,نوبت دوم,مرد و زن,2,,,,,,109,اصلی,,,
30813,آمار,دانشگاه شیراز,فارس,با آزمون,روزانه,مرد و زن,25,,,,دارای خوابگاه ملکی,,109,اصلی,,,
30814,ریاضیات و کاربردها,دانشگاه شیراز,فارس,با آزمون,روزانه,مرد و زن,60,,,,دارای خوابگاه ملکی,,109,اصلی,,,
30815,علوم کامپیوتر,دانشگاه شیراز,فارس,با آزمون,روزانه,مرد و زن,30,,,,دارای خوابگاه ملکی,,109,اصلی,,,
30816,علوم و مهندسی آب,دانشگاه شیراز,فارس,با آزمون,روزانه,مرد و زن,20,,,,دارای خوابگاه ملکی,,109,اصلی,,,
30817,فیزیک,دانشگاه شیراز,فارس,با آزمون,روزانه,مرد و زن,35,,,,دارای خوابگاه ملکی,,109,اصلی,,,
30818,مهندسی اپتیک و لیزر,دانشگاه شیراز,فارس,با آزمون,روزانه,مرد و زن,20,,,,دارای خوابگاه ملکی,,109,اصلی,,,
30819,مهندسی برق,دانشگاه شیراز,فارس,با آزمون,روزانه,مرد و زن,64,,,,دارای خوابگاه ملکی,,109,اصلی,,,
30820,مهندسی شهرسازی,دانشگاه شیراز,فارس,با آزمون,روزانه,مرد و زن,25,,,,دارای خوابگاه ملکی,,109,اصلی,,,
30821,مهندسی شیمی,دانشگاه شیراز,فارس,با آزمون,روزانه,مرد و زن,35,,,,دارای خوابگاه ملکی,,109,اصلی,,,
30822,مهندسی عمران,دانشگاه شیراز,فارس,با آزمون,روزانه,مرد و زن,20,,,,دارای خوابگاه ملکی,,109,اصلی,,,
30823,مهندسی کامپیوتر,دانشگاه شیراز,فارس,با آزمون,روزانه,مرد و زن,40,,,,دارای خوابگاه ملکی,,109,اصلی,,,
30824,مهندسی معماری,دانشگاه شیراز,فارس,با آزمون,روزانه,مرد و زن,20,,10,10,دارای خوابگاه ملکی,,109,اصلی,,,
30825,مهندسی مکانیک,دانشگاه شیراز,فارس,با آزمون,روزانه,مرد و زن,75,,,,دارای خوابگاه ملکی,,109,اصلی,,,
30826,مهندسی مکانیک بیوسیستم (این رشته متعلق به گروه کشاورزی است),دانشگاه شیراز,فارس,با آزمون,روزانه,مرد و زن,20,,10,10,دارای خوابگاه ملکی,,109,اصلی,,,
30827,مهندسی نفت و زمین‌انرژی,دانشگاه شیراز,فارس,با آزمون,روزانه,مرد و زن,20,,,,دارای خوابگاه ملکی,,109,اصلی,,,
30828,مهندسی نقشه‌برداری,دانشگاه شیراز,فارس,با آزمون,روزانه,مرد و زن,20,,,,دارای خوابگاه ملکی,,109,اصلی,,,
30829,مهندسی و علم مواد,دانشگاه شیراز,فارس,با آزمون,روزانه,مرد و زن,40,,,,دارای خوابگاه ملکی,,109,اصلی,,,
36264,اقتصاد,دانشگاه شیراز,فارس,با آزمون,روزانه,زن,6,,,,دارای خوابگاه ملکی,,109,اصلی,,,
36265,اقتصاد,دانشگاه شیراز,فارس,با آزمون,روزانه,مرد,6,,,,دارای خوابگاه ملکی,,109,اصلی,,,
36266,حسابداری,دانشگاه شیراز,فارس,با آزمون,روزانه,مرد,1,,,,دارای خوابگاه ملکی,,109,اصلی,,,
36267,حسابداری,دانشگاه شیراز,فارس,با آزمون,روزانه,زن,1,,,,دارای خوابگاه ملکی,,109,اصلی,,,
36268,روانشناسی,دانشگاه شیراز,فارس,با آزمون,روزانه,مرد و زن,2,,1,1,دارای خوابگاه ملکی,,109,اصلی,,,
36269,شیمی محض,دانشگاه شیراز,فارس,با آزمون,روزانه,مرد و زن,8,,,,دارای خوابگاه ملکی,,110,اصلی,,,
36270,علم اطلاعات و دانش‌شناسی,دانشگاه شیراز,فارس,با آزمون,روزانه,زن,2,,,,دارای خوابگاه ملکی,,110,اصلی,,,
36271,علوم ورزشی,دانشگاه شیراز,فارس,با آزمون,روزانه,زن,2,,,,دارای خوابگاه ملکی,,110,اصلی,,,
36272,علوم ورزشی,دانشگاه شیراز,فارس,با آزمون,روزانه,مرد,2,,,,دارای خوابگاه ملکی,,110,اصلی,,,
36273,گردشگری,دانشگاه شیراز,فارس,با آزمون,روزانه,مرد,1,,,,دارای خوابگاه ملکی,,110,اصلی,,,
36274,گردشگری,دانشگاه شیراز,فارس,با آزمون,روزانه,زن,2,,,,دارای خوابگاه ملکی,,110,اصلی,,,
36275,مددکاری اجتماعی,دانشگاه شیراز,فارس,با آزمون,روزانه,مرد و زن,3,,,,دارای خوابگاه ملکی,,110,اصلی,,,
36276,مدیریت بازرگانی,دانشگاه شیراز,فارس,با آزمون,روزانه,مرد و زن,2,,,,دارای خوابگاه ملکی,,110,اصلی,,,
36277,مدیریت صنعتی,دانشگاه شیراز,فارس,با آزمون,روزانه,مرد و زن,3,,,,دارای خوابگاه ملکی,,110,اصلی,,,
36278,هتلداری,دانشگاه شیراز,فارس,با آزمون,روزانه,زن,1,,,,دارای خوابگاه ملکی,,110,اصلی,,,
36279,هتلداری,دانشگاه شیراز,فارس,با آزمون,روزانه,مرد,1,,,,دارای خوابگاه ملکی,,110,اصلی,,,
30830,علوم کامپیوتر,دانشگاه شیراز,فارس,با آزمون,پردیس خودگردان,مرد و زن,25,,,,فاقد خوابگاه,,110,اصلی,,,
30831,مهندسی برق,دانشگاه شیراز,فارس,با آزمون,پردیس خودگردان,مرد و زن,25,,,,فاقد خوابگاه,,110,اصلی,,,
30832,مهندسی کامپیوتر,دانشگاه شیراز,فارس,با آزمون,پردیس خودگردان,مرد و زن,25,,,,فاقد خوابگاه,,110,اصلی,,,
30833,مهندسی مکانیک,دانشگاه شیراز,فارس,با آزمون,پردیس خودگردان,مرد و زن,15,,,,فاقد خوابگاه,,110,اصلی,,,
36280,روانشناسی,دانشگاه شیراز,فارس,با آزمون,پردیس خودگردان,مرد و زن,2,,1,1,فاقد خوابگاه,,110,اصلی,,,
36281,علوم ورزشی,دانشگاه شیراز,فارس,با آزمون,پردیس خودگردان,زن,2,,,,فاقد خوابگاه,,110,اصلی,,,
36282,هتلداری,دانشگاه شیراز,فارس,با آزمون,پردیس خودگردان,زن,1,,,,فاقد خوابگاه,,110,اصلی,,,
36283,هتلداری,دانشگاه شیراز,فارس,با آزمون,پردیس خودگردان,مرد,1,,,,فاقد خوابگاه,,110,اصلی,,,
14926,زمین‌شناسی,دانشگاه شیراز,فارس,صرفا با سوابق تحصیلی,روزانه,مرد و زن,35,,,,دارای خوابگاه ملکی,,110,اصلی,,,
14927,زیست‌شناسی گیاهی,دانشگاه شیراز,فارس,صرفا با سوابق تحصیلی,روزانه,مرد و زن,25,,,,دارای خوابگاه ملکی,,110,اصلی,,,
14928,علوم و مهندسی باغبانی,دانشگاه شیراز,فارس,صرفا با سوابق تحصیلی,روزانه,مرد و زن,20,,,,دارای خوابگاه ملکی,,110,اصلی,,,
14929,علوم و مهندسی خاک,دانشگاه شیراز,فارس,صرفا با سوابق تحصیلی,روزانه,مرد و زن,20,,,,دارای خوابگاه ملکی,,110,اصلی,,,
14930,علوم و مهندسی محیط‌زیست,دانشگاه شیراز,فارس,صرفا با سوابق تحصیلی,روزانه,مرد و زن,20,,,,دارای خوابگاه ملکی,,110,اصلی,,,
14931,مهندسی اقتصاد کشاورزی,دانشگاه شیراز,فارس,صرفا با سوابق تحصیلی,روزانه,مرد و زن,20,,,,دارای خوابگاه ملکی,,110,اصلی,,,
14932,مهندسی ترویج و آموزش کشاورزی پایدار,دانشگاه شیراز,فارس,صرفا با سوابق تحصیلی,روزانه,مرد و زن,20,,,,دارای خوابگاه ملکی,,110,اصلی,,,
14933,مهندسی تولید و ژنتیک گیاهی,دانشگاه شیراز,فارس,صرفا با سوابق تحصیلی,روزانه,مرد و زن,20,,,,دارای خوابگاه ملکی,,110,اصلی,,,
14934,مهندسی طبیعت,دانشگاه شیراز,فارس,صرفا با سوابق تحصیلی,روزانه,مرد و زن,20,,,,دارای خوابگاه ملکی,,110,اصلی,,,
14935,مهندسی علوم دامی,دانشگاه شیراز,فارس,صرفا با سوابق تحصیلی,روزانه,مرد و زن,20,,,,دارای خوابگاه ملکی,,110,اصلی,,,
14936,مهندسی فضای سبز,دانشگاه شیراز,فارس,صرفا با سوابق تحصیلی,روزانه,مرد و زن,20,,,,دارای خوابگاه ملکی,,110,اصلی,,,
14937,مهندسی گیاهپزشکی,دانشگاه شیراز,فارس,صرفا با سوابق تحصیلی,روزانه,مرد و زن,20,,,,دارای خوابگاه ملکی,,110,اصلی,,,
14938,علم اطلاعات و دانش‌شناسی,دانشگاه شیراز,فارس,صرفا با سوابق تحصیلی,روزانه,مرد,20,,,,دارای خوابگاه ملکی,,110,اصلی,,,
14939,علوم ورزشی,دانشگاه شیراز,فارس,صرفا با سوابق تحصیلی,پردیس خودگردان,مرد,15,,,,فاقد خوابگاه,,110,اصلی,,,
14940,مهندسی برق,دانشگاه شیراز,فارس,صرفا با سوابق تحصیلی,مجازی,مرد و زن,30,,,,محل تحصیل دانشکده آموزشهای الکترونیکی - فاقد خوابگاه,,110,اصلی,,,
14941,مهندسی کامپیوتر,دانشگاه شیراز,فارس,صرفا با سوابق تحصیلی,مجازی,مرد و زن,30,,,,محل تحصیل دانشکده آموزشهای الکترونیکی - فاقد خوابگاه,,110,اصلی,,,
14942,حقوق,دانشگاه شیراز,فارس,صرفا با سوابق تحصیلی,مجازی,مرد و زن,50,,,,محل تحصیل دانشکده آموزشهای الکترونیکی - فاقد خوابگاه,,110,اصلی,,,
14943,گردشگری,دانشگاه شیراز,فارس,صرفا با سوابق تحصیلی,مجازی,مرد و زن,40,,,,محل تحصیل دانشکده آموزشهای الکترونیکی - فاقد خوابگاه,,110,اصلی,,,
30834,مهندسی برق,دانشگاه صنعتی شیراز,فارس,با آزمون,روزانه,مرد و زن,62,,,,,,110,اصلی,,,
30835,مهندسی صنایع و سیستم‌ها,دانشگاه صنعتی شیراز,فارس,با آزمون,روزانه,مرد و زن,23,,,,,,110,اصلی,,,
30836,مهندسی عمران,دانشگاه صنعتی شیراز,فارس,با آزمون,روزانه,مرد و زن,23,,,,,,110,اصلی,,,
30837,مهندسی کامپیوتر,دانشگاه صنعتی شیراز,فارس,با آزمون,روزانه,مرد و زن,27,,,,,,110,اصلی,,,
30838,مهندسی مکانیک,دانشگاه صنعتی شیراز,فارس,با آزمون,روزانه,مرد و زن,27,,,,,,110,اصلی,,,
30839,مهندسی برق,دانشگاه صنعتی شیراز,فارس,با آزمون,نوبت دوم,مرد و زن,18,,,,عدم تعهد در واگذاری خوابگاه,,110,اصلی,,,
30840,مهندسی صنایع و سیستم‌ها,دانشگاه صنعتی شیراز,فارس,با آزمون,نوبت دوم,مرد و زن,7,,,,عدم تعهد در واگذاری خوابگاه,,111,اصلی,,,
30841,مهندسی عمران,دانشگاه صنعتی شیراز,فارس,با آزمون,نوبت دوم,مرد و زن,7,,,,عدم تعهد در واگذاری خوابگاه,,111,اصلی,,,
30842,مهندسی کامپیوتر,دانشگاه صنعتی شیراز,فارس,با آزمون,نوبت دوم,مرد و زن,8,,,,عدم تعهد در واگذاری خوابگاه,,111,اصلی,,,
30843,مهندسی مکانیک,دانشگاه صنعتی شیراز,فارس,با آزمون,نوبت دوم,مرد و زن,8,,,,عدم تعهد در واگذاری خوابگاه,,111,اصلی,,,
30844,مهندسی ایمنی و بازرسی فنی در صنایع نفت و گاز,دانشگاه صنعتی شیراز (محل تحصیل مرکز آموزش عالی لامرد),فارس,با آزمون,روزانه,مرد و زن,25,,,,عدم تعهد در واگذاری خوابگاه,,111,اصلی,,,
30845,مهندسی شیمی,دانشگاه صنعتی شیراز (محل تحصیل مرکز آموزش عالی لامرد),فارس,با آزمون,روزانه,مرد و زن,25,,,,عدم تعهد در واگذاری خوابگاه,,111,اصلی,,,
30846,مهندسی ایمنی و بازرسی فنی در صنایع نفت و گاز,دانشگاه صنعتی شیراز (محل تحصیل مرکز آموزش عالی لامرد),فارس,با آزمون,نوبت دوم,مرد و زن,8,,,,عدم تعهد در واگذاری خوابگاه,,111,اصلی,,,
30847,مهندسی شیمی,دانشگاه صنعتی شیراز (محل تحصیل مرکز آموزش عالی لامرد),فارس,با آزمون,نوبت دوم,مرد و زن,8,,,,عدم تعهد در واگذاری خوابگاه,,111,اصلی,,,
30848,علوم کامپیوتر,دانشگاه فسا,فارس,با آزمون,روزانه,مرد و زن,38,,,,,,111,اصلی,,,
30849,مهندسی انرژی,دانشگاه فسا,فارس,با آزمون,روزانه,مرد و زن,25,,,,,,111,اصلی,,,
30850,مهندسی برق,دانشگاه فسا,فارس,با آزمون,روزانه,مرد و زن,40,,,,,,111,اصلی,,,
30851,مهندسی عمران,دانشگاه فسا,فارس,با آزمون,روزانه,مرد و زن,37,,,,,,111,اصلی,,,
30852,مهندسی کامپیوتر,دانشگاه فسا,فارس,با آزمون,روزانه,مرد و زن,35,,,,,,111,اصلی,,,
30853,مهندسی مکانیک,دانشگاه فسا,فارس,با آزمون,روزانه,مرد و زن,39,,,,,,111,اصلی,,,
30854,علوم کامپیوتر,دانشگاه فسا,فارس,با آزمون,نوبت دوم,مرد و زن,2,,,,,,111,اصلی,,,
30855,مهندسی برق,دانشگاه فسا,فارس,با آزمون,نوبت دوم,مرد و زن,5,,,,,,111,اصلی,,,
30856,مهندسی عمران,دانشگاه فسا,فارس,با آزمون,نوبت دوم,مرد و زن,5,,,,,,111,اصلی,,,
30857,مهندسی کامپیوتر,دانشگاه فسا,فارس,با آزمون,نوبت دوم,مرد و زن,5,,,,,,111,اصلی,,,
30858,مهندسی مکانیک,دانشگاه فسا,فارس,با آزمون,نوبت دوم,مرد و زن,5,,,,,,111,اصلی,,,
14952,آمار,دانشگاه فسا,فارس,صرفا با سوابق تحصیلی,روزانه,مرد و زن,39,,,,,,111,اصلی,,,
14953,ریاضیات و کاربردها,دانشگاه فسا,فارس,صرفا با سوابق تحصیلی,روزانه,مرد و زن,39,,,,,,111,اصلی,,,
14954,علوم و مهندسی آب,دانشگاه فسا,فارس,صرفا با سوابق تحصیلی,روزانه,مرد و زن,20,,,,,,111,اصلی,,,
14955,فیزیک,دانشگاه فسا,فارس,صرفا با سوابق تحصیلی,روزانه,مرد و زن,29,,,,,,111,اصلی,,,
14959,علوم و مهندسی صنایع غذایی(این رشته متعلق به گروه کشاورزی است),دانشگاه فسا,فارس,صرفا با سوابق تحصیلی,روزانه,مرد و زن,20,,,,,,111,اصلی,,,
14960,مهندسی طبیعت,دانشگاه فسا,فارس,صرفا با سوابق تحصیلی,روزانه,مرد و زن,20,,,,,,111,اصلی,,,
14956,آمار,دانشگاه فسا,فارس,صرفا با سوابق تحصیلی,نوبت دوم,مرد و زن,5,,,,,,111,اصلی,,,
14957,علوم و مهندسی آب,دانشگاه فسا,فارس,صرفا با سوابق تحصیلی,نوبت دوم,مرد و زن,7,,,,,,111,اصلی,,,
14958,مهندسی انرژی,دانشگاه فسا,فارس,صرفا با سوابق تحصیلی,نوبت دوم,مرد و زن,3,,,,,,111,اصلی,,,
14961,علوم و مهندسی صنایع غذایی(این رشته متعلق به گروه کشاورزی است),دانشگاه فسا,فارس,صرفا با سوابق تحصیلی,نوبت دوم,مرد و زن,7,,,,,,111,اصلی,,,
14962,مهندسی طبیعت,دانشگاه فسا,فارس,صرفا با سوابق تحصیلی,نوبت دوم,مرد و زن,7,,,,,,111,اصلی,,,
30859,معماری داخلی,دانشگاه هنر شیراز,فارس,با آزمون,روزانه,مرد و زن,18,,,,فاقد خوابگاه,,111,اصلی,,,
30860,مهندسی برق,مرکز آموزش عالی اقلید,فارس,با آزمون,روزانه,مرد و زن,28,,,,معرفی به خوابگاه‌های خودگردان,,111,اصلی,,,
36284,روانشناسی,مرکز آموزش عالی اقلید,فارس,با آزمون,روزانه,مرد و زن,3,,,,معرفی به خوابگاه‌های خودگردان,,111,اصلی,,,
14963,آمار,مرکز آموزش عالی اقلید,فارس,صرفا با سوابق تحصیلی,روزانه,مرد و زن,11,,,,معرفی به خوابگاه‌های خودگردان,,111,اصلی,,,
14964,ریاضیات و کاربردها,مرکز آموزش عالی اقلید,فارس,صرفا با سوابق تحصیلی,روزانه,مرد و زن,12,,,,معرفی به خوابگاه‌های خودگردان,,111,اصلی,,,
14965,فیزیک,مرکز آموزش عالی اقلید,فارس,صرفا با سوابق تحصیلی,روزانه,مرد و زن,10,,,,معرفی به خوابگاه‌های خودگردان,,111,اصلی,,,
14966,علوم و مهندسی جنگل,مرکز آموزش عالی اقلید,فارس,صرفا با سوابق تحصیلی,روزانه,مرد و زن,10,,,,معرفی به خوابگاه‌های خودگردان,,111,اصلی,,,
14967,کاردانی تکنولوژی تولیدات گیاهی,مرکز آموزش عالی اقلید,فارس,صرفا با سوابق تحصیلی,روزانه,مرد و زن,30,,,,معرفی به خوابگاه‌های خودگردان,,111,اصلی,,,
14968,علوم قرآن و حدیث,مرکز آموزش عالی اقلید,فارس,صرفا با سوابق تحصیلی,روزانه,مرد و زن,24,,,,معرفی به خوابگاه‌های خودگردان,,111,اصلی,,,
14969,کاردانی امور تربیتی,مرکز آموزش عالی اقلید,فارس,صرفا با سوابق تحصیلی,روزانه,مرد و زن,100,,,,معرفی به خوابگاه‌های خودگردان,,111,اصلی,,,
30861,مهندسی انرژی,مرکز آموزش عالی لار,فارس,با آزمون,روزانه,مرد و زن,20,,,,دارای خوابگاه ملکی برای «خواهران» و خوابگاه استیجاری برای «برادران»,,112,اصلی,,,
30862,مهندسی ایمنی و بازرسی فنی در صنایع نفت و گاز,مرکز آموزش عالی لار,فارس,با آزمون,روزانه,مرد و زن,20,,,,دارای خوابگاه ملکی برای «خواهران» و خوابگاه استیجاری برای «برادران»,,112,اصلی,,,
30863,مهندسی برق,مرکز آموزش عالی لار,فارس,با آزمون,روزانه,مرد و زن,22,,,,دارای خوابگاه ملکی برای «خواهران» و خوابگاه استیجاری برای «برادران»,,112,اصلی,,,
30864,مهندسی شهرسازی,مرکز آموزش عالی لار,فارس,با آزمون,روزانه,مرد و زن,19,,,,دارای خوابگاه ملکی برای «خواهران» و خوابگاه استیجاری برای «برادران»,,112,اصلی,,,
30865,مهندسی شیمی,مرکز آموزش عالی لار,فارس,با آزمون,روزانه,مرد و زن,20,,,,دارای خوابگاه ملکی برای «خواهران» و خوابگاه استیجاری برای «برادران»,,112,اصلی,,,
30866,مهندسی صنایع و سیستم‌ها,مرکز آموزش عالی لار,فارس,با آزمون,روزانه,مرد و زن,18,,,,دارای خوابگاه ملکی برای «خواهران» و خوابگاه استیجاری برای «برادران»,,112,اصلی,,,
30867,مهندسی کامپیوتر,مرکز آموزش عالی لار,فارس,با آزمون,روزانه,مرد و زن,24,,,,دارای خوابگاه ملکی برای «خواهران» و خوابگاه استیجاری برای «برادران»,,112,اصلی,,,
30868,مهندسی مکانیک,مرکز آموزش عالی لار,فارس,با آزمون,روزانه,مرد و زن,18,,,,دارای خوابگاه ملکی برای «خواهران» و خوابگاه استیجاری برای «برادران» - دارای خوابگاه ملکی,,112,اصلی,,,
14970,مهندسی ساخت و تولید,مرکز آموزش عالی لار,فارس,صرفا با سوابق تحصیلی,روزانه,مرد و زن,18,,,,دارای خوابگاه ملکی برای «خواهران» و خوابگاه استیجاری برای «برادران»,,112,اصلی,,,
30869,مهندسی حرفه‌ای معماری,دانشگاه ملی مهارت - آموزشکده دختران شیراز,فارس,با آزمون,روزانه,زن,24,,,,,,112,اصلی,,,
30870,مهندسی حرفه‌ای معماری,دانشگاه ملی مهارت - آموزشکده دختران شیراز,فارس,با آزمون,روزانه,زن,,24,,,,,112,اصلی,,,
36285,حسابداری,دانشگاه ملی مهارت - آموزشکده دختران شیراز,فارس,با آزمون,روزانه,زن,2,,,,,,112,اصلی,,,
36286,حسابداری,دانشگاه ملی مهارت - آموزشکده دختران شیراز,فارس,با آزمون,روزانه,زن,,2,,,,,112,اصلی,,,
30871,مهندسی حرفه‌ای معماری,دانشگاه ملی مهارت - آموزشکده دختران شیراز,فارس,با آزمون,نوبت دوم,زن,6,,,,,,112,اصلی,,,
30872,مهندسی حرفه‌ای معماری,دانشگاه ملی مهارت - آموزشکده دختران شیراز,فارس,با آزمون,نوبت دوم,زن,,6,,,,,112,اصلی,,,
36287,حسابداری,دانشگاه ملی مهارت - آموزشکده دختران شیراز,فارس,با آزمون,نوبت دوم,زن,1,,,,,,112,اصلی,,,
36288,حسابداری,دانشگاه ملی مهارت - آموزشکده دختران شیراز,فارس,با آزمون,نوبت دوم,زن,,1,,,,,112,اصلی,,,
30873,مهندسی حرفه‌ای کامپیوتر,دانشگاه ملی مهارت - دانشکده پسران شیراز (شهید باهنر),فارس,با آزمون,روزانه,مرد,25,,,,,,112,اصلی,,,
30874,مهندسی حرفه‌ای کامپیوتر,دانشگاه ملی مهارت - دانشکده پسران شیراز (شهید باهنر),فارس,با آزمون,روزانه,مرد,,25,,,,,112,اصلی,,,
30875,مهندسی حرفه‌ای معماری,دانشگاه ملی مهارت - دانشکده پسران شیراز (شهید باهنر),فارس,با آزمون,روزانه,مرد,25,,,,,,112,اصلی,,,
30876,مهندسی حرفه‌ای معماری,دانشگاه ملی مهارت - دانشکده پسران شیراز (شهید باهنر),فارس,با آزمون,روزانه,مرد,,25,,,,,112,اصلی,,,
36289,حسابداری,دانشگاه ملی مهارت - دانشکده پسران شیراز (شهید باهنر),فارس,با آزمون,روزانه,مرد,3,,,,,,112,اصلی,,,
36290,حسابداری,دانشگاه ملی مهارت - دانشکده پسران شیراز (شهید باهنر),فارس,با آزمون,روزانه,مرد,,3,,,,,112,اصلی,,,
30877,مهندسی حرفه‌ای کامپیوتر,دانشگاه ملی مهارت - دانشکده پسران شیراز (شهید باهنر),فارس,با آزمون,نوبت دوم,مرد,5,,,,,,112,اصلی,,,
30878,مهندسی حرفه‌ای کامپیوتر,دانشگاه ملی مهارت - دانشکده پسران شیراز (شهید باهنر),فارس,با آزمون,نوبت دوم,مرد,,5,,,,,112,اصلی,,,
30879,مهندسی حرفه‌ای معماری,دانشگاه ملی مهارت - دانشکده پسران شیراز (شهید باهنر),فارس,با آزمون,نوبت دوم,مرد,5,,,,,,112,اصلی,,,
30880,مهندسی حرفه‌ای معماری,دانشگاه ملی مهارت - دانشکده پسران شیراز (شهید باهنر),فارس,با آزمون,نوبت دوم,مرد,,5,,,,,112,اصلی,,,
36291,حسابداری,دانشگاه ملی مهارت - دانشکده پسران شیراز (شهید باهنر),فارس,با آزمون,نوبت دوم,مرد,1,,,,,,112,اصلی,,,
36292,حسابداری,دانشگاه ملی مهارت - دانشکده پسران شیراز (شهید باهنر),فارس,با آزمون,نوبت دوم,مرد,,1,,,,,112,اصلی,,,
14944,علوم و مهندسی آب,دانشگاه شیراز (محل تحصیل دانشکده کشاورزی و منابع طبیعی داراب),فارس,صرفا با سوابق تحصیلی,روزانه,مرد و زن,20,,,,دارای خوابگاه ملکی,,112,اصلی,,,
14945,علوم و مهندسی باغبانی,دانشگاه شیراز (محل تحصیل دانشکده کشاورزی و منابع طبیعی داراب),فارس,صرفا با سوابق تحصیلی,روزانه,مرد و زن,20,,,,دارای خوابگاه ملکی,,112,اصلی,,,
14946,علوم و مهندسی خاک,دانشگاه شیراز (محل تحصیل دانشکده کشاورزی و منابع طبیعی داراب),فارس,صرفا با سوابق تحصیلی,روزانه,مرد و زن,20,,,,دارای خوابگاه ملکی,,112,اصلی,,,
14947,مهندسی تولید و ژنتیک گیاهی,دانشگاه شیراز (محل تحصیل دانشکده کشاورزی و منابع طبیعی داراب),فارس,صرفا با سوابق تحصیلی,روزانه,مرد و زن,20,,,,دارای خوابگاه ملکی,,112,اصلی,,,
14948,مهندسی طبیعت,دانشگاه شیراز (محل تحصیل دانشکده کشاورزی و منابع طبیعی داراب),فارس,صرفا با سوابق تحصیلی,روزانه,مرد و زن,20,,,,دارای خوابگاه ملکی,,112,اصلی,,,
14949,مهندسی و علم مواد,دانشگاه شیراز (محل تحصیل مرکز آموزش عالی آباده),فارس,صرفا با سوابق تحصیلی,روزانه,مرد و زن,30,,,,دارای خوابگاه استیجاری,,113,اصلی,,,
14950,شیمی محض,دانشگاه شیراز (محل تحصیل مرکز آموزش عالی استهبان),فارس,صرفا با سوابق تحصیلی,روزانه,مرد و زن,30,,,,معرفی به خوابگاه‌های خودگردان,,113,اصلی,,,
14951,علوم قرآن و حدیث,دانشگاه علوم و معارف قرآن کریم - وابسته به سازمان اوقاف و امور خیریه (محل تحصیل دانشکده علوم قرآنی شیراز),فارس,صرفا با سوابق تحصیلی,روزانه,مرد و زن,40,,20,20,دارای خوابگاه ملکی,,113,اصلی,,,
14971,کاردانی نقشه‌برداری - ژئودزی,مرکز آموزش عالی ممسنی,فارس,صرفا با سوابق تحصیلی,روزانه,مرد و زن,100,,,,دارای خوابگاه استیجاری,,113,اصلی,,,
14972,کاردانی نقشه‌برداری - ژئودزی,مرکز آموزش عالی ممسنی,فارس,صرفا با سوابق تحصیلی,نوبت دوم,مرد و زن,30,,,,دارای خوابگاه استیجاری,,113,اصلی,,,
30881,آمار,دانشگاه بین‌المللی امام خمینی (ره) - قزوین,قزوین,با آزمون,روزانه,مرد و زن,30,,,,,,113,اصلی,,,
30882,ریاضیات و کاربردها,دانشگاه بین‌المللی امام خمینی (ره) - قزوین,قزوین,با آزمون,روزانه,مرد و زن,30,,,,,,113,اصلی,,,
30883,علوم و مهندسی آب,دانشگاه بین‌المللی امام خمینی (ره) - قزوین,قزوین,با آزمون,روزانه,مرد و زن,20,,,,,,113,اصلی,,,
30884,فیزیک,دانشگاه بین‌المللی امام خمینی (ره) - قزوین,قزوین,با آزمون,روزانه,مرد و زن,30,,,,,,113,اصلی,,,
30885,فیزیک مهندسی,دانشگاه بین‌المللی امام خمینی (ره) - قزوین,قزوین,با آزمون,روزانه,مرد و زن,30,,,,,,113,اصلی,,,
30886,مهندسی برق,دانشگاه بین‌المللی امام خمینی (ره) - قزوین,قزوین,با آزمون,روزانه,مرد و زن,105,,,,,,113,اصلی,,,
30887,مهندسی ساخت و تولید,دانشگاه بین‌المللی امام خمینی (ره) - قزوین,قزوین,با آزمون,روزانه,مرد و زن,35,,,,,,113,اصلی,,,
30888,مهندسی شهرسازی,دانشگاه بین‌المللی امام خمینی (ره) - قزوین,قزوین,با آزمون,روزانه,مرد و زن,30,,,,,,113,اصلی,,,
30889,مهندسی عمران,دانشگاه بین‌المللی امام خمینی (ره) - قزوین,قزوین,با آزمون,روزانه,مرد و زن,60,,,,,,113,اصلی,,,
30890,مهندسی کامپیوتر,دانشگاه بین‌المللی امام خمینی (ره) - قزوین,قزوین,با آزمون,روزانه,مرد و زن,80,,,,,,113,اصلی,,,
30891,مهندسی معدن,دانشگاه بین‌المللی امام خمینی (ره) - قزوین,قزوین,با آزمون,روزانه,مرد و زن,35,,,,,,113,اصلی,,,
30892,مهندسی معماری,دانشگاه بین‌المللی امام خمینی (ره) - قزوین,قزوین,با آزمون,روزانه,مرد و زن,35,,,,,,113,اصلی,,,
30893,مهندسی مکانیک,دانشگاه بین‌المللی امام خمینی (ره) - قزوین,قزوین,با آزمون,روزانه,مرد و زن,60,,,,,,113,اصلی,,,
30894,مهندسی و علم مواد,دانشگاه بین‌المللی امام خمینی (ره) - قزوین,قزوین,با آزمون,روزانه,مرد و زن,60,,,,,,113,اصلی,,,
36293,حسابداری,دانشگاه بین‌المللی امام خمینی (ره) - قزوین,قزوین,با آزمون,روزانه,مرد و زن,6,,,,,,113,اصلی,,,
36294,روانشناسی,دانشگاه بین‌المللی امام خمینی (ره) - قزوین,قزوین,با آزمون,روزانه,مرد و زن,6,,,,,,113,اصلی,,,
36295,شیمی محض,دانشگاه بین‌المللی امام خمینی (ره) - قزوین,قزوین,با آزمون,روزانه,مرد و زن,10,,,,,,113,اصلی,,,
36296,علوم ورزشی,دانشگاه بین‌المللی امام خمینی (ره) - قزوین,قزوین,با آزمون,روزانه,زن,2,,,,,,113,اصلی,,,
36297,علوم ورزشی,دانشگاه بین‌المللی امام خمینی (ره) - قزوین,قزوین,با آزمون,روزانه,مرد,2,,,,,,113,اصلی,,,
36298,مدیریت صنعتی,دانشگاه بین‌المللی امام خمینی (ره) - قزوین,قزوین,با آزمون,روزانه,مرد و زن,5,,,,,,113,اصلی,,,
30895,مهندسی برق,دانشگاه بین‌المللی امام خمینی (ره) - قزوین,قزوین,با آزمون,نوبت دوم,مرد و زن,15,,,,,,113,اصلی,,,
30896,مهندسی ساخت و تولید,دانشگاه بین‌المللی امام خمینی (ره) - قزوین,قزوین,با آزمون,نوبت دوم,مرد و زن,10,,,,,,113,اصلی,,,
30897,مهندسی شهرسازی,دانشگاه بین‌المللی امام خمینی (ره) - قزوین,قزوین,با آزمون,نوبت دوم,مرد و زن,5,,,,,,113,اصلی,,,
30898,مهندسی عمران,دانشگاه بین‌المللی امام خمینی (ره) - قزوین,قزوین,با آزمون,نوبت دوم,مرد و زن,20,,,,,,113,اصلی,,,
30899,مهندسی معماری,دانشگاه بین‌المللی امام خمینی (ره) - قزوین,قزوین,با آزمون,نوبت دوم,مرد و زن,5,,,,,,113,اصلی,,,
30900,مهندسی مکانیک,دانشگاه بین‌المللی امام خمینی (ره) - قزوین,قزوین,با آزمون,نوبت دوم,مرد و زن,10,,,,,,113,اصلی,,,
30901,مهندسی و علم مواد,دانشگاه بین‌المللی امام خمینی (ره) - قزوین,قزوین,با آزمون,نوبت دوم,مرد و زن,10,,,,,,113,اصلی,,,
36299,حسابداری,دانشگاه بین‌المللی امام خمینی (ره) - قزوین,قزوین,با آزمون,نوبت دوم,مرد و زن,2,,,,,,113,اصلی,,,
36300,روانشناسی,دانشگاه بین‌المللی امام خمینی (ره) - قزوین,قزوین,با آزمون,نوبت دوم,مرد و زن,2,,,,,,113,اصلی,,,
36301,شیمی محض,دانشگاه بین‌المللی امام خمینی (ره) - قزوین,قزوین,با آزمون,نوبت دوم,مرد و زن,2,,,,,,113,اصلی,,,
36302,علوم ورزشی,دانشگاه بین‌المللی امام خمینی (ره) - قزوین,قزوین,با آزمون,نوبت دوم,مرد,1,,,,,,113,اصلی,,,
36303,علوم ورزشی,دانشگاه بین‌المللی امام خمینی (ره) - قزوین,قزوین,با آزمون,نوبت دوم,زن,1,,,,,,113,اصلی,,,
36304,مدیریت صنعتی,دانشگاه بین‌المللی امام خمینی (ره) - قزوین,قزوین,با آزمون,نوبت دوم,مرد و زن,1,,,,,,113,اصلی,,,
15502,زمین‌شناسی,دانشگاه بین‌المللی امام خمینی (ره) - قزوین,قزوین,صرفا با سوابق تحصیلی,روزانه,مرد و زن,30,,,,,,114,اصلی,,,
15503,علوم و مهندسی باغبانی,دانشگاه بین‌المللی امام خمینی (ره) - قزوین,قزوین,صرفا با سوابق تحصیلی,روزانه,مرد و زن,20,,,,,,114,اصلی,,,
15504,مهندسی تولید و ژنتیک گیاهی,دانشگاه بین‌المللی امام خمینی (ره) - قزوین,قزوین,صرفا با سوابق تحصیلی,روزانه,مرد و زن,20,,,,,,114,اصلی,,,
15505,مهندسی فضای سبز,دانشگاه بین‌المللی امام خمینی (ره) - قزوین,قزوین,صرفا با سوابق تحصیلی,روزانه,مرد و زن,20,,,,,,114,اصلی,,,
15507,زبان و زبان‌شناسی,دانشگاه بین‌المللی امام خمینی (ره) - قزوین,قزوین,صرفا با سوابق تحصیلی,روزانه,مرد و زن,35,,,,,,114,اصلی,,,
15509,مرمت بناهای تاریخی,دانشگاه بین‌المللی امام خمینی (ره) - قزوین,قزوین,صرفا با سوابق تحصیلی,روزانه,مرد و زن,35,,,,,,114,اصلی,,,
15501,علوم و مهندسی آب,دانشگاه بین‌المللی امام خمینی (ره) - قزوین,قزوین,صرفا با سوابق تحصیلی,نوبت دوم,مرد و زن,5,,,,,,114,اصلی,,,
15506,مهندسی تولید و ژنتیک گیاهی,دانشگاه بین‌المللی امام خمینی (ره) - قزوین,قزوین,صرفا با سوابق تحصیلی,نوبت دوم,مرد و زن,5,,,,,,114,اصلی,,,
15508,زبان و زبان‌شناسی,دانشگاه بین‌المللی امام خمینی (ره) - قزوین,قزوین,صرفا با سوابق تحصیلی,نوبت دوم,مرد و زن,10,,,,,,114,اصلی,,,
15510,مرمت بناهای تاریخی,دانشگاه بین‌المللی امام خمینی (ره) - قزوین,قزوین,صرفا با سوابق تحصیلی,نوبت دوم,مرد و زن,5,,,,,,114,اصلی,,,
30902,مهندسی برق,مرکز آموزش عالی فنی و مهندسی بوئینزهرا,قزوین,با آزمون,روزانه,مرد و زن,50,,,,,,114,اصلی,,,
30903,مهندسی پزشکی,مرکز آموزش عالی فنی و مهندسی بوئینزهرا,قزوین,با آزمون,روزانه,مرد و زن,50,,,,,,114,اصلی,,,
30904,مهندسی پلیمر,مرکز آموزش عالی فنی و مهندسی بوئینزهرا,قزوین,با آزمون,روزانه,مرد و زن,50,,,,,,114,اصلی,,,
30905,مهندسی شهرسازی,مرکز آموزش عالی فنی و مهندسی بوئینزهرا,قزوین,با آزمون,روزانه,مرد و زن,50,,,,,,114,اصلی,,,
30906,مهندسی شیمی,مرکز آموزش عالی فنی و مهندسی بوئینزهرا,قزوین,با آزمون,روزانه,مرد و زن,50,,,,,,114,اصلی,,,
30907,مهندسی صنایع و سیستم‌ها,مرکز آموزش عالی فنی و مهندسی بوئینزهرا,قزوین,با آزمون,روزانه,مرد و زن,50,,,,,,114,اصلی,,,
30908,مهندسی عمران,مرکز آموزش عالی فنی و مهندسی بوئینزهرا,قزوین,با آزمون,روزانه,مرد و زن,50,,,,,,114,اصلی,,,
30909,مهندسی کامپیوتر,مرکز آموزش عالی فنی و مهندسی بوئینزهرا,قزوین,با آزمون,روزانه,مرد و زن,50,,,,,,114,اصلی,,,
30910,مهندسی معماری,مرکز آموزش عالی فنی و مهندسی بوئینزهرا,قزوین,با آزمون,روزانه,مرد و زن,50,,,,,,114,اصلی,,,
30911,مهندسی مکانیک,مرکز آموزش عالی فنی و مهندسی بوئینزهرا,قزوین,با آزمون,روزانه,مرد و زن,50,,,,,,114,اصلی,,,
30912,مهندسی و علم مواد,مرکز آموزش عالی فنی و مهندسی بوئینزهرا,قزوین,با آزمون,روزانه,مرد و زن,50,,,,,,114,اصلی,,,
30913,مهندسی هوافضا,مرکز آموزش عالی فنی و مهندسی بوئینزهرا,قزوین,با آزمون,روزانه,مرد و زن,45,,,,,,114,اصلی,,,
30914,مهندسی برق,مرکز آموزش عالی فنی و مهندسی بوئینزهرا,قزوین,با آزمون,نوبت دوم,مرد و زن,15,,,,,,114,اصلی,,,
30915,مهندسی پزشکی,مرکز آموزش عالی فنی و مهندسی بوئینزهرا,قزوین,با آزمون,نوبت دوم,مرد و زن,15,,,,,,114,اصلی,,,
30916,مهندسی پلیمر,مرکز آموزش عالی فنی و مهندسی بوئینزهرا,قزوین,با آزمون,نوبت دوم,مرد و زن,15,,,,,,114,اصلی,,,
30917,مهندسی شهرسازی,مرکز آموزش عالی فنی و مهندسی بوئینزهرا,قزوین,با آزمون,نوبت دوم,مرد و زن,15,,,,,,114,اصلی,,,
30918,مهندسی شیمی,مرکز آموزش عالی فنی و مهندسی بوئینزهرا,قزوین,با آزمون,نوبت دوم,مرد و زن,15,,,,,,114,اصلی,,,
30919,مهندسی صنایع و سیستم‌ها,مرکز آموزش عالی فنی و مهندسی بوئینزهرا,قزوین,با آزمون,نوبت دوم,مرد و زن,15,,,,,,114,اصلی,,,
30920,مهندسی عمران,مرکز آموزش عالی فنی و مهندسی بوئینزهرا,قزوین,با آزمون,نوبت دوم,مرد و زن,15,,,,,,114,اصلی,,,
30921,مهندسی کامپیوتر,مرکز آموزش عالی فنی و مهندسی بوئینزهرا,قزوین,با آزمون,نوبت دوم,مرد و زن,15,,,,,,114,اصلی,,,
30922,مهندسی معماری,مرکز آموزش عالی فنی و مهندسی بوئینزهرا,قزوین,با آزمون,نوبت دوم,مرد و زن,15,,,,,,114,اصلی,,,
30923,مهندسی مکانیک,مرکز آموزش عالی فنی و مهندسی بوئینزهرا,قزوین,با آزمون,نوبت دوم,مرد و زن,15,,,,,,114,اصلی,,,
30924,مهندسی و علم مواد,مرکز آموزش عالی فنی و مهندسی بوئینزهرا,قزوین,با آزمون,نوبت دوم,مرد و زن,15,,,,,,114,اصلی,,,
30925,مهندسی هوافضا,مرکز آموزش عالی فنی و مهندسی بوئینزهرا,قزوین,با آزمون,نوبت دوم,مرد و زن,15,,,,,,114,اصلی,,,
15511,ریاضیات و کاربردها,مرکز آموزش عالی فنی و مهندسی بوئینزهرا,قزوین,صرفا با سوابق تحصیلی,روزانه,مرد و زن,50,,,,,,114,اصلی,,,
15512,علوم مهندسی,مرکز آموزش عالی فنی و مهندسی بوئینزهرا,قزوین,صرفا با سوابق تحصیلی,روزانه,مرد و زن,50,,,,,,114,اصلی,,,
15513,فیزیک مهندسی,مرکز آموزش عالی فنی و مهندسی بوئینزهرا,قزوین,صرفا با سوابق تحصیلی,روزانه,مرد و زن,50,,,,,,114,اصلی,,,
15514,ریاضیات و کاربردها,مرکز آموزش عالی فنی و مهندسی بوئینزهرا,قزوین,صرفا با سوابق تحصیلی,نوبت دوم,مرد و زن,15,,,,,,114,اصلی,,,
15515,علوم مهندسی,مرکز آموزش عالی فنی و مهندسی بوئینزهرا,قزوین,صرفا با سوابق تحصیلی,نوبت دوم,مرد و زن,15,,,,,,114,اصلی,,,
15516,فیزیک مهندسی,مرکز آموزش عالی فنی و مهندسی بوئینزهرا,قزوین,صرفا با سوابق تحصیلی,نوبت دوم,مرد و زن,15,,,,,,114,اصلی,,,
30926,مهندسی حرفه‌ای کامپیوتر,دانشگاه ملی مهارت - آموزشکده پسران قزوین,قزوین,با آزمون,روزانه,مرد,50,,,,,,114,اصلی,,,
30927,مهندسی حرفه‌ای کامپیوتر,دانشگاه ملی مهارت - آموزشکده پسران قزوین,قزوین,با آزمون,نوبت دوم,مرد,10,,,,,,114,اصلی,,,
36305,حسابداری,دانشگاه ملی مهارت - آموزشکده دختران قزوین,قزوین,با آزمون,روزانه,زن,4,,,,,,114,اصلی,,,
36306,حسابداری,دانشگاه ملی مهارت - آموزشکده دختران قزوین,قزوین,با آزمون,نوبت دوم,زن,1,,,,,,114,اصلی,,,
30928,مهندسی صنایع و سیستم‌ها,دانشگاه تهران (محل تحصیل دانشکدگان فارابی واقع در قم),قم,با آزمون,روزانه,مرد و زن,25,,,,شرایط در دفترچه «پیوست‌ها»,,115,اصلی,,,
30929,مهندسی کامپیوتر,دانشگاه تهران (محل تحصیل دانشکدگان فارابی واقع در قم),قم,با آزمون,روزانه,مرد و زن,45,,,,شرایط در دفترچه «پیوست‌ها»,,115,اصلی,,,
36307,حسابداری,دانشگاه تهران (محل تحصیل دانشکدگان فارابی واقع در قم),قم,با آزمون,روزانه,مرد و زن,2,,,,شرایط در دفترچه «پیوست‌ها»,,115,اصلی,,,
36308,مدیریت بازرگانی,دانشگاه تهران (محل تحصیل دانشکدگان فارابی واقع در قم),قم,با آزمون,روزانه,مرد و زن,2,,,,شرایط در دفترچه «پیوست‌ها»,,115,اصلی,,,
36309,مدیریت دولتی,دانشگاه تهران (محل تحصیل دانشکدگان فارابی واقع در قم),قم,با آزمون,روزانه,مرد و زن,2,,,,شرایط در دفترچه «پیوست‌ها»,,115,اصلی,,,
36310,مدیریت مالی,دانشگاه تهران (محل تحصیل دانشکدگان فارابی واقع در قم),قم,با آزمون,روزانه,مرد و زن,2,,,,شرایط در دفترچه «پیوست‌ها»,,115,اصلی,,,
30930,مهندسی کامپیوتر,دانشگاه حضرت معصومه(س) (ویژه خواهران) - قم,قم,با آزمون,روزانه,زن,20,,,,شرایط در دفترچه «پیوست‌ها»,,115,اصلی,,,
36311,حسابداری,دانشگاه حضرت معصومه(س) (ویژه خواهران) - قم,قم,با آزمون,روزانه,زن,2,,,,شرایط در دفترچه «پیوست‌ها»,,115,اصلی,,,
36312,روانشناسی,دانشگاه حضرت معصومه(س) (ویژه خواهران) - قم,قم,با آزمون,روزانه,زن,3,,,,شرایط در دفترچه «پیوست‌ها»,,115,اصلی,,,
36313,مدیریت بازرگانی,دانشگاه حضرت معصومه(س) (ویژه خواهران) - قم,قم,با آزمون,روزانه,زن,2,,,,شرایط در دفترچه «پیوست‌ها»,,115,اصلی,,,
36314,مدیریت مالی,دانشگاه حضرت معصومه(س) (ویژه خواهران) - قم,قم,با آزمون,روزانه,زن,2,,,,شرایط در دفترچه «پیوست‌ها»,,115,اصلی,,,
15725,مهندسی نساجی,دانشگاه حضرت معصومه(س) (ویژه خواهران) - قم,قم,صرفا با سوابق تحصیلی,روزانه,زن,15,,,,شرایط در دفترچه «پیوست‌ها»,,115,اصلی,,,
15726,طراحی پارچه,دانشگاه حضرت معصومه(س) (ویژه خواهران) - قم,قم,صرفا با سوابق تحصیلی,روزانه,زن,20,,,,شرایط در دفترچه «پیوست‌ها»,,115,اصلی,,,
15727,فرش,دانشگاه حضرت معصومه(س) (ویژه خواهران) - قم,قم,صرفا با سوابق تحصیلی,روزانه,زن,18,,,,شرایط در دفترچه «پیوست‌ها»,,115,اصلی,,,
30931,فیزیک مهندسی,دانشگاه صنعتی قم,قم,با آزمون,روزانه,مرد و زن,30,,,,شرایط در دفترچه «پیوست‌ها»,,115,اصلی,,,
30932,مهندسی انرژی,دانشگاه صنعتی قم,قم,با آزمون,روزانه,مرد و زن,30,,,,شرایط در دفترچه «پیوست‌ها»,,115,اصلی,,,
30933,مهندسی برق,دانشگاه صنعتی قم,قم,با آزمون,روزانه,مرد و زن,75,,,,شرایط در دفترچه «پیوست‌ها»,,115,اصلی,,,
30934,مهندسی پلیمر,دانشگاه صنعتی قم,قم,با آزمون,روزانه,مرد و زن,33,,,,شرایط در دفترچه «پیوست‌ها»,,115,اصلی,,,
30935,مهندسی صنایع و سیستم‌ها,دانشگاه صنعتی قم,قم,با آزمون,روزانه,مرد و زن,40,,,,شرایط در دفترچه «پیوست‌ها»,,115,اصلی,,,
30936,مهندسی عمران,دانشگاه صنعتی قم,قم,با آزمون,روزانه,مرد و زن,35,,,,شرایط در دفترچه «پیوست‌ها»,,115,اصلی,,,
30937,مهندسی کامپیوتر,دانشگاه صنعتی قم,قم,با آزمون,روزانه,مرد و زن,50,,,,شرایط در دفترچه «پیوست‌ها»,,115,اصلی,,,
30938,مهندسی مکانیک,دانشگاه صنعتی قم,قم,با آزمون,روزانه,مرد و زن,40,,,,شرایط در دفترچه «پیوست‌ها»,,115,اصلی,,,
30939,مهندسی و علم مواد,دانشگاه صنعتی قم,قم,با آزمون,روزانه,مرد و زن,30,,,,شرایط در دفترچه «پیوست‌ها»,,115,اصلی,,,
30940,علوم کامپیوتر,دانشگاه قم,قم,با آزمون,روزانه,مرد و زن,60,,30,30,شرایط در دفترچه «پیوست‌ها» - در دانشگاه قم استفاده از چادر به عنوان حجاب برتر الزامی است.,,115,اصلی,,,
30941,مهندسی برق,دانشگاه قم,قم,با آزمون,روزانه,مرد,25,,,,شرایط در دفترچه «پیوست‌ها»,,115,اصلی,,,
30942,مهندسی شیمی,دانشگاه قم,قم,با آزمون,روزانه,مرد و زن,55,,25,30,شرایط در دفترچه «پیوست‌ها» - در دانشگاه قم استفاده از چادر به عنوان حجاب برتر الزامی است.,,115,اصلی,,,
30943,مهندسی صنایع و سیستم‌ها,دانشگاه قم,قم,با آزمون,روزانه,مرد و زن,45,,25,20,شرایط در دفترچه «پیوست‌ها» - در دانشگاه قم استفاده از چادر به عنوان حجاب برتر الزامی است.,,115,اصلی,,,
30944,مهندسی عمران,دانشگاه قم,قم,با آزمون,روزانه,مرد و زن,60,,30,30,شرایط در دفترچه «پیوست‌ها» - در دانشگاه قم استفاده از چادر به عنوان حجاب برتر الزامی است.,,115,اصلی,,,
30945,مهندسی کامپیوتر,دانشگاه قم,قم,با آزمون,روزانه,مرد و زن,70,,35,35,شرایط در دفترچه «پیوست‌ها» - در دانشگاه قم استفاده از چادر به عنوان حجاب برتر الزامی است.,,115,اصلی,,,
30946,مهندسی معماری,دانشگاه قم,قم,با آزمون,روزانه,مرد و زن,44,,24,20,شرایط در دفترچه «پیوست‌ها» - در دانشگاه قم استفاده از چادر به عنوان حجاب برتر الزامی است.,,115,اصلی,,,
30947,مهندسی مکانیک,دانشگاه قم,قم,با آزمون,روزانه,مرد و زن,60,,30,30,شرایط در دفترچه «پیوست‌ها» - در دانشگاه قم استفاده از چادر به عنوان حجاب برتر الزامی است.,,116,اصلی,,,
36315,اقتصاد,دانشگاه قم,قم,با آزمون,روزانه,مرد,12,,,,شرایط در دفترچه «پیوست‌ها»,,116,اصلی,,,
36316,اقتصاد,دانشگاه قم,قم,با آزمون,روزانه,زن,12,,,,شرایط در دفترچه «پیوست‌ها» - در دانشگاه قم استفاده از چادر به عنوان حجاب برتر الزامی است.,,116,اصلی,,,
36317,حسابداری,دانشگاه قم,قم,با آزمون,روزانه,زن,4,,,,شرایط در دفترچه «پیوست‌ها» - در دانشگاه قم استفاده از چادر به عنوان حجاب برتر الزامی است.,,116,اصلی,,,
36318,حسابداری,دانشگاه قم,قم,با آزمون,روزانه,مرد,4,,,,شرایط در دفترچه «پیوست‌ها» - در دانشگاه قم استفاده از چادر به عنوان حجاب برتر الزامی است.,,116,اصلی,,,
36319,روانشناسی,دانشگاه قم,قم,با آزمون,روزانه,مرد,4,,,,شرایط در دفترچه «پیوست‌ها»,,116,اصلی,,,
36320,روانشناسی,دانشگاه قم,قم,با آزمون,روزانه,زن,4,,,,شرایط در دفترچه «پیوست‌ها» - در دانشگاه قم استفاده از چادر به عنوان حجاب برتر الزامی است.,,116,اصلی,,,
36321,شیمی کاربردی,دانشگاه قم,قم,با آزمون,روزانه,مرد,5,,,,شرایط در دفترچه «پیوست‌ها»,,116,اصلی,,,
36322,شیمی کاربردی,دانشگاه قم,قم,با آزمون,روزانه,زن,6,,,,شرایط در دفترچه «پیوست‌ها» - در دانشگاه قم استفاده از چادر به عنوان حجاب برتر الزامی است.,,116,اصلی,,,
36323,علم اطلاعات و دانش‌شناسی,دانشگاه قم,قم,با آزمون,روزانه,زن,3,,,,شرایط در دفترچه «پیوست‌ها» - در دانشگاه قم استفاده از چادر به عنوان حجاب برتر الزامی است.,,116,اصلی,,,
36324,علوم ورزشی,دانشگاه قم,قم,با آزمون,روزانه,مرد,4,,,,شرایط در دفترچه «پیوست‌ها»,,116,اصلی,,,
36325,علوم ورزشی,دانشگاه قم,قم,با آزمون,روزانه,زن,4,,,,شرایط در دفترچه «پیوست‌ها» - در دانشگاه قم استفاده از چادر به عنوان حجاب برتر الزامی است.,,116,اصلی,,,
36326,مدیریت بازرگانی,دانشگاه قم,قم,با آزمون,روزانه,مرد,3,,,,شرایط در دفترچه «پیوست‌ها»,,116,اصلی,,,
36327,مدیریت بازرگانی,دانشگاه قم,قم,با آزمون,روزانه,زن,3,,,,شرایط در دفترچه «پیوست‌ها» - در دانشگاه قم استفاده از چادر به عنوان حجاب برتر الزامی است.,,116,اصلی,,,
36328,مدیریت صنعتی,دانشگاه قم,قم,با آزمون,روزانه,مرد,3,,,,شرایط در دفترچه «پیوست‌ها»,,116,اصلی,,,
36329,مدیریت صنعتی,دانشگاه قم,قم,با آزمون,روزانه,زن,3,,,,شرایط در دفترچه «پیوست‌ها» - در دانشگاه قم استفاده از چادر به عنوان حجاب برتر الزامی است.,,116,اصلی,,,
15729,آمار,دانشگاه قم,قم,صرفا با سوابق تحصیلی,روزانه,مرد و زن,60,,30,30,شرایط در دفترچه «پیوست‌ها» - در دانشگاه قم استفاده از چادر به عنوان حجاب برتر الزامی است.,,116,اصلی,,,
15730,ریاضیات و کاربردها,دانشگاه قم,قم,صرفا با سوابق تحصیلی,روزانه,مرد و زن,60,,30,30,شرایط در دفترچه «پیوست‌ها» - در دانشگاه قم استفاده از چادر به عنوان حجاب برتر الزامی است.,,116,اصلی,,,
15731,فیزیک,دانشگاه قم,قم,صرفا با سوابق تحصیلی,روزانه,مرد و زن,50,,25,25,شرایط در دفترچه «پیوست‌ها» - در دانشگاه قم استفاده از چادر به عنوان حجاب برتر الزامی است.,,116,اصلی,,,
15732,زیست‌شناسی جانوری,دانشگاه قم,قم,صرفا با سوابق تحصیلی,روزانه,مرد و زن,50,,25,25,شرایط در دفترچه «پیوست‌ها» - در دانشگاه قم استفاده از چادر به عنوان حجاب برتر الزامی است.,,116,اصلی,,,
15733,زیست‌شناسی گیاهی,دانشگاه قم,قم,صرفا با سوابق تحصیلی,روزانه,زن,30,,,,شرایط در دفترچه «پیوست‌ها» - در دانشگاه قم استفاده از چادر به عنوان حجاب برتر الزامی است.,,116,اصلی,,,
15734,علم اطلاعات و دانش‌شناسی,دانشگاه قم,قم,صرفا با سوابق تحصیلی,روزانه,مرد,25,,,,شرایط در دفترچه «پیوست‌ها»,,116,اصلی,,,
15735,حقوق,دانشگاه قم,قم,صرفا با سوابق تحصیلی,مجازی,مرد و زن,100,,50,50,شرایط در دفترچه «پیوست‌ها»,,116,اصلی,,,
30948,مهندسی حرفه‌ای معماری,دانشگاه ملی مهارت - آموزشکده پسران قم,قم,با آزمون,روزانه,مرد,24,,,,,,117,اصلی,,,
30949,مهندسی حرفه‌ای معماری,دانشگاه ملی مهارت - آموزشکده پسران قم,قم,با آزمون,روزانه,مرد,,24,,,,,117,اصلی,,,
15787,مهندسی حرفه‌ای معماری,دانشگاه ملی مهارت - آموزشکده پسران قم,قم,صرفا با سوابق تحصیلی,نوبت دوم,مرد,6,,,,,,117,اصلی,,,
15788,مهندسی حرفه‌ای معماری,دانشگاه ملی مهارت - آموزشکده پسران قم,قم,صرفا با سوابق تحصیلی,نوبت دوم,مرد,,6,,,,,117,اصلی,,,
36330,تربیت مروج سیاسی,دانشکده تربیت مربی عقیدتی سیاسی سپاه - قم,قم,با آزمون,روزانه,مرد,,3,,,دارای مصاحبه - شرایط در دفترچه «پیوست‌ها» - دارای خوابگاه ملکی,,117,اصلی,,,
36331,مدیریت فرهنگی هنری (ویژه دانشکده آموزش عالی تربیت مربی عقیدتی سیاسی سپاه),دانشکده تربیت مربی عقیدتی سیاسی سپاه - قم,قم,با آزمون,روزانه,مرد,,3,,,دارای مصاحبه - بورس و استخدام سپاه پاسداران انقلاب اسلامی - شرایط در دفترچه «پیوست‌ها» - دارای خوابگاه ملکی,,117,اصلی,,,
36332,مربیگری عقیدتی,دانشکده تربیت مربی عقیدتی سیاسی سپاه - قم,قم,با آزمون,روزانه,مرد,,3,,,دارای مصاحبه - شرایط در دفترچه «پیوست‌ها» - دارای خوابگاه ملکی,,117,اصلی,,,
15728,علوم قرآن و حدیث,دانشگاه علوم و معارف قرآن کریم - وابسته به سازمان اوقاف و امور خیریه (محل تحصیل دانشکده علوم قرآنی قم),قم,صرفا با سوابق تحصیلی,روزانه,مرد,20,,,,دارای خوابگاه ملکی,,117,اصلی,,,
30950,مهندسی برق,دانشگاه کردستان - سنندج,کردستان,با آزمون,روزانه,مرد و زن,120,,,,,,117,اصلی,,,
30951,مهندسی شهرسازی,دانشگاه کردستان - سنندج,کردستان,با آزمون,روزانه,مرد و زن,35,,,,,,117,اصلی,,,
30952,مهندسی شیمی,دانشگاه کردستان - سنندج,کردستان,با آزمون,روزانه,مرد و زن,45,,,,,,117,اصلی,,,
30953,مهندسی صنایع و سیستم‌ها,دانشگاه کردستان - سنندج,کردستان,با آزمون,روزانه,مرد و زن,65,,,,,,117,اصلی,,,
30954,مهندسی عمران,دانشگاه کردستان - سنندج,کردستان,با آزمون,روزانه,مرد و زن,50,,,,,,117,اصلی,,,
30955,مهندسی کامپیوتر,دانشگاه کردستان - سنندج,کردستان,با آزمون,روزانه,مرد و زن,50,,,,,,117,اصلی,,,
30956,مهندسی معماری,دانشگاه کردستان - سنندج,کردستان,با آزمون,روزانه,مرد و زن,35,,,,,,117,اصلی,,,
30957,مهندسی مکانیک,دانشگاه کردستان - سنندج,کردستان,با آزمون,روزانه,مرد و زن,60,,,,,,117,اصلی,,,
36333,اقتصاد,دانشگاه کردستان - سنندج,کردستان,با آزمون,روزانه,مرد و زن,20,,,,,,117,اصلی,,,
36334,حسابداری,دانشگاه کردستان - سنندج,کردستان,با آزمون,روزانه,مرد و زن,4,,2,2,,,117,اصلی,,,
36335,روانشناسی,دانشگاه کردستان - سنندج,کردستان,با آزمون,روزانه,مرد و زن,4,,,,,,117,اصلی,,,
36336,شیمی کاربردی,دانشگاه کردستان - سنندج,کردستان,با آزمون,روزانه,مرد و زن,,10,,,,,117,اصلی,,,
36337,علوم ورزشی,دانشگاه کردستان - سنندج,کردستان,با آزمون,روزانه,زن,3,,,,,,117,اصلی,,,
36338,علوم ورزشی,دانشگاه کردستان - سنندج,کردستان,با آزمون,روزانه,مرد,3,,,,,,117,اصلی,,,
36339,فقه شافعی,دانشگاه کردستان - سنندج,کردستان,با آزمون,روزانه,مرد و زن,3,,,,مختص اهل سنت,,117,اصلی,,,
36340,گردشگری,دانشگاه کردستان - سنندج,کردستان,با آزمون,روزانه,مرد و زن,4,,,,,,117,اصلی,,,
36341,مدیریت بازرگانی,دانشگاه کردستان - سنندج,کردستان,با آزمون,روزانه,مرد و زن,3,,,,,,117,اصلی,,,
15909,آمار,دانشگاه کردستان - سنندج,کردستان,صرفا با سوابق تحصیلی,روزانه,مرد و زن,35,,,,,,117,اصلی,,,
15910,ریاضیات و کاربردها,دانشگاه کردستان - سنندج,کردستان,صرفا با سوابق تحصیلی,روزانه,مرد و زن,40,,,,,,117,اصلی,,,
15911,علوم کامپیوتر,دانشگاه کردستان - سنندج,کردستان,صرفا با سوابق تحصیلی,روزانه,مرد و زن,45,,,,,,117,اصلی,,,
15912,علوم و مهندسی آب,دانشگاه کردستان - سنندج,کردستان,صرفا با سوابق تحصیلی,روزانه,مرد و زن,20,,,,,,117,اصلی,,,
15913,فیزیک,دانشگاه کردستان - سنندج,کردستان,صرفا با سوابق تحصیلی,روزانه,مرد و زن,40,,,,,,117,اصلی,,,
15914,فیزیک مهندسی,دانشگاه کردستان - سنندج,کردستان,صرفا با سوابق تحصیلی,روزانه,مرد و زن,40,,,,,,117,اصلی,,,
15915,مهندسی ماشین‌های صنایع غذایی,دانشگاه کردستان - سنندج,کردستان,صرفا با سوابق تحصیلی,روزانه,مرد و زن,20,,,,,,117,اصلی,,,
15916,مهندسی معدن,دانشگاه کردستان - سنندج,کردستان,صرفا با سوابق تحصیلی,روزانه,مرد و زن,40,,,,,,117,اصلی,,,
15917,مهندسی مکانیک بیوسیستم (این رشته متعلق به گروه کشاورزی است),دانشگاه کردستان - سنندج,کردستان,صرفا با سوابق تحصیلی,روزانه,مرد و زن,20,,,,,,118,اصلی,,,
15921,زمین‌شناسی,دانشگاه کردستان - سنندج,کردستان,صرفا با سوابق تحصیلی,روزانه,مرد و زن,40,,,,,,118,اصلی,,,
15922,شیمی محض,دانشگاه کردستان - سنندج,کردستان,صرفا با سوابق تحصیلی,روزانه,مرد و زن,40,,,,,,118,اصلی,,,
15923,علوم و مهندسی باغبانی,دانشگاه کردستان - سنندج,کردستان,صرفا با سوابق تحصیلی,روزانه,مرد و زن,20,,,,,,118,اصلی,,,
15924,علوم و مهندسی جنگل,دانشگاه کردستان - سنندج,کردستان,صرفا با سوابق تحصیلی,روزانه,مرد و زن,20,,,,,,118,اصلی,,,
15925,علوم و مهندسی خاک,دانشگاه کردستان - سنندج,کردستان,صرفا با سوابق تحصیلی,روزانه,مرد و زن,20,,,,,,118,اصلی,,,
15926,علوم و مهندسی شیلات,دانشگاه کردستان - سنندج,کردستان,صرفا با سوابق تحصیلی,روزانه,مرد و زن,20,,,,,,118,اصلی,,,
15927,علوم و مهندسی صنایع غذایی(این رشته متعلق به گروه کشاورزی است),دانشگاه کردستان - سنندج,کردستان,صرفا با سوابق تحصیلی,روزانه,مرد و زن,20,,,,,,118,اصلی,,,
15928,علوم و مهندسی محیط‌زیست,دانشگاه کردستان - سنندج,کردستان,صرفا با سوابق تحصیلی,روزانه,مرد و زن,20,,,,,,118,اصلی,,,
15929,مهندسی اقتصاد کشاورزی,دانشگاه کردستان - سنندج,کردستان,صرفا با سوابق تحصیلی,روزانه,مرد و زن,20,,,,,,118,اصلی,,,
15930,مهندسی ترویج و آموزش کشاورزی پایدار,دانشگاه کردستان - سنندج,کردستان,صرفا با سوابق تحصیلی,روزانه,مرد و زن,20,,,,,,118,اصلی,,,
15931,مهندسی تولید و ژنتیک گیاهی,دانشگاه کردستان - سنندج,کردستان,صرفا با سوابق تحصیلی,روزانه,مرد و زن,20,,,,,,118,اصلی,,,
15932,مهندسی طبیعت,دانشگاه کردستان - سنندج,کردستان,صرفا با سوابق تحصیلی,روزانه,مرد و زن,20,,,,,,118,اصلی,,,
15933,مهندسی علوم دامی,دانشگاه کردستان - سنندج,کردستان,صرفا با سوابق تحصیلی,روزانه,مرد و زن,20,,,,,,118,اصلی,,,
15934,مهندسی فضای سبز,دانشگاه کردستان - سنندج,کردستان,صرفا با سوابق تحصیلی,روزانه,مرد و زن,20,,,,,,118,اصلی,,,
15935,مهندسی گیاهپزشکی,دانشگاه کردستان - سنندج,کردستان,صرفا با سوابق تحصیلی,روزانه,مرد و زن,20,,,,,,118,اصلی,,,
15945,زبان و ادبیات کردی,دانشگاه کردستان - سنندج,کردستان,صرفا با سوابق تحصیلی,روزانه,مرد و زن,35,,,,,,118,اصلی,,,
15946,سینما,دانشگاه کردستان - سنندج,کردستان,صرفا با سوابق تحصیلی,روزانه,مرد و زن,25,,,,,,118,اصلی,,,
15947,صنایع دستی,دانشگاه کردستان - سنندج,کردستان,صرفا با سوابق تحصیلی,روزانه,مرد و زن,30,,,,,,118,اصلی,,,
15948,نوازندگی موسیقی ایرانی,دانشگاه کردستان - سنندج,کردستان,صرفا با سوابق تحصیلی,روزانه,مرد و زن,20,,,,,,118,اصلی,,,
15918,علوم و مهندسی آب,دانشگاه کردستان - سنندج,کردستان,صرفا با سوابق تحصیلی,نوبت دوم,مرد و زن,1,,,,,,118,اصلی,,,
15919,مهندسی ماشین‌های صنایع غذایی,دانشگاه کردستان - سنندج,کردستان,صرفا با سوابق تحصیلی,نوبت دوم,مرد و زن,1,,,,,,118,اصلی,,,
15920,مهندسی مکانیک بیوسیستم (این رشته متعلق به گروه کشاورزی است),دانشگاه کردستان - سنندج,کردستان,صرفا با سوابق تحصیلی,نوبت دوم,مرد و زن,1,,,,,,118,اصلی,,,
15936,علوم و مهندسی باغبانی,دانشگاه کردستان - سنندج,کردستان,صرفا با سوابق تحصیلی,نوبت دوم,مرد و زن,1,,,,,,118,اصلی,,,
15937,علوم و مهندسی خاک,دانشگاه کردستان - سنندج,کردستان,صرفا با سوابق تحصیلی,نوبت دوم,مرد و زن,1,,,,,,118,اصلی,,,
15938,علوم و مهندسی صنایع غذایی(این رشته متعلق به گروه کشاورزی است),دانشگاه کردستان - سنندج,کردستان,صرفا با سوابق تحصیلی,نوبت دوم,مرد و زن,1,,,,,,118,اصلی,,,
15939,مهندسی اقتصاد کشاورزی,دانشگاه کردستان - سنندج,کردستان,صرفا با سوابق تحصیلی,نوبت دوم,مرد و زن,1,,,,,,118,اصلی,,,
15940,مهندسی ترویج و آموزش کشاورزی پایدار,دانشگاه کردستان - سنندج,کردستان,صرفا با سوابق تحصیلی,نوبت دوم,مرد و زن,1,,,,,,118,اصلی,,,
15941,مهندسی تولید و ژنتیک گیاهی,دانشگاه کردستان - سنندج,کردستان,صرفا با سوابق تحصیلی,نوبت دوم,مرد و زن,1,,,,,,118,اصلی,,,
15942,مهندسی علوم دامی,دانشگاه کردستان - سنندج,کردستان,صرفا با سوابق تحصیلی,نوبت دوم,مرد و زن,1,,,,,,118,اصلی,,,
15943,مهندسی فضای سبز,دانشگاه کردستان - سنندج,کردستان,صرفا با سوابق تحصیلی,نوبت دوم,مرد و زن,1,,,,,,118,اصلی,,,
15944,مهندسی گیاهپزشکی,دانشگاه کردستان - سنندج,کردستان,صرفا با سوابق تحصیلی,نوبت دوم,مرد و زن,1,,,,,,118,اصلی,,,
36342,حسابداری,دانشگاه ملی مهارت - آموزشکده دختران سنندج,کردستان,با آزمون,روزانه,زن,4,,,,,,118,اصلی,,,
16086,مهندسی حرفه‌ای معماری,دانشگاه ملی مهارت - آموزشکده دختران سنندج,کردستان,صرفا با سوابق تحصیلی,روزانه,زن,35,,,,,,118,اصلی,,,
16087,طراحی لباس,دانشگاه ملی مهارت - آموزشکده دختران سنندج,کردستان,صرفا با سوابق تحصیلی,روزانه,زن,,35,,,,,118,اصلی,,,
16088,گرافیک,دانشگاه ملی مهارت - آموزشکده دختران سنندج,کردستان,صرفا با سوابق تحصیلی,روزانه,زن,,30,,,,,118,اصلی,,,
36343,حسابداری,دانشگاه ملی مهارت - دانشکده پسران سنندج (شهید یزدانپناه),کردستان,با آزمون,روزانه,مرد,4,,,,,,118,اصلی,,,
16089,مهندسی حرفه‌ای کامپیوتر,دانشگاه ملی مهارت - دانشکده پسران سنندج (شهید یزدانپناه),کردستان,صرفا با سوابق تحصیلی,روزانه,مرد,40,,,,,,118,اصلی,,,
16090,مهندسی حرفه‌ای معماری,دانشگاه ملی مهارت - دانشکده پسران سنندج (شهید یزدانپناه),کردستان,صرفا با سوابق تحصیلی,روزانه,مرد,40,,,,,,118,اصلی,,,
15949,آمار,دانشگاه کردستان (محل تحصیل دانشکده فنی و مهندسی و علوم پایه بیجار),کردستان,صرفا با سوابق تحصیلی,روزانه,مرد و زن,20,,,,ممنوعیت تغییر رشته ، انتقالی و مهمانی به پردیس شهر سنندج,,119,اصلی,,,
15950,علوم کامپیوتر,دانشگاه کردستان (محل تحصیل دانشکده فنی و مهندسی و علوم پایه بیجار),کردستان,صرفا با سوابق تحصیلی,روزانه,مرد و زن,35,,,,ممنوعیت تغییر رشته، انتقالی و مهمانی به پردیس شهر سنندج,,119,اصلی,,,
15951,مهندسی عمران,دانشگاه کردستان (محل تحصیل دانشکده فنی و مهندسی و علوم پایه بیجار),کردستان,صرفا با سوابق تحصیلی,روزانه,مرد و زن,35,,,,ممنوعیت تغییر رشته ، انتقالی و مهمانی به پردیس شهر سنندج,,119,اصلی,,,
15952,مهندسی انرژی,دانشگاه کردستان (محل تحصیل دانشکده صنعت و معدن قروه),کردستان,صرفا با سوابق تحصیلی,روزانه,مرد و زن,30,,,,ممنوعیت تغییر رشته و انتقالی و مهمانی به پردیس شهر سنندج در هر شرایطی,,119,اصلی,,,
15953,مهندسی صنایع و سیستم‌ها,دانشگاه کردستان (محل تحصیل دانشکده صنعت و معدن قروه),کردستان,صرفا با سوابق تحصیلی,روزانه,مرد و زن,30,,,,ممنوعیت تغییر رشته و انتقالی و مهمانی به پردیس شهر سنندج در هر شرایطی,,119,اصلی,,,
16091,علوم قرآن و حدیث,دانشگاه غیردولتی بین‌المللی مذاهب اسلامی (محل تحصیل واحد سنندج),کردستان,صرفا با سوابق تحصیلی,روزانه - غیردولتی,مرد و زن,45,,,,شرایط در دفترچه «پیوست‌ها» - تحصیل رایگان - فاقد خوابگاه,,119,اصلی,,,
16092,فقه و حقوق امامی,دانشگاه غیردولتی بین‌المللی مذاهب اسلامی (محل تحصیل واحد سنندج),کردستان,صرفا با سوابق تحصیلی,روزانه - غیردولتی,مرد و زن,45,,,,شرایط در دفترچه «پیوست‌ها» - تحصیل رایگان - مختص خواهران و برادران مذهب امامی (شیعه) - فاقد خوابگاه,,119,اصلی,,,
16093,فقه و حقوق شافعی,دانشگاه غیردولتی بین‌المللی مذاهب اسلامی (محل تحصیل واحد سنندج),کردستان,صرفا با سوابق تحصیلی,روزانه - غیردولتی,مرد و زن,45,,,,شرایط در دفترچه «پیوست‌ها» - تحصیل رایگان- مختص خواهران و برادران مذهب شافعی (اهل سنت) - فاقد خوابگاه,,119,اصلی,,,
30958,مهندسی برق,دانشگاه جیرفت,کرمان,با آزمون,روزانه,مرد و زن,30,,,,,,119,اصلی,,,
30959,مهندسی عمران,دانشگاه جیرفت,کرمان,با آزمون,روزانه,مرد و زن,30,,,,,,119,اصلی,,,
30960,مهندسی کامپیوتر,دانشگاه جیرفت,کرمان,با آزمون,روزانه,مرد و زن,28,,,,,,119,اصلی,,,
30961,مهندسی مکانیک,دانشگاه جیرفت,کرمان,با آزمون,روزانه,مرد و زن,30,,,,,,119,اصلی,,,
36344,حسابداری,دانشگاه جیرفت,کرمان,با آزمون,روزانه,مرد و زن,3,,,,,,119,اصلی,,,
36345,روانشناسی,دانشگاه جیرفت,کرمان,با آزمون,روزانه,مرد و زن,3,,,,,,119,اصلی,,,
16099,ریاضیات و کاربردها,دانشگاه جیرفت,کرمان,صرفا با سوابق تحصیلی,روزانه,مرد و زن,15,,,,,,119,اصلی,,,
16100,علوم کامپیوتر,دانشگاه جیرفت,کرمان,صرفا با سوابق تحصیلی,روزانه,مرد و زن,28,,,,,,119,اصلی,,,
16101,علوم و مهندسی آب,دانشگاه جیرفت,کرمان,صرفا با سوابق تحصیلی,روزانه,مرد و زن,17,,,,,,119,اصلی,,,
16102,مهندسی انرژی,دانشگاه جیرفت,کرمان,صرفا با سوابق تحصیلی,روزانه,مرد و زن,26,,,,,,119,اصلی,,,
16103,مهندسی معدن,دانشگاه جیرفت,کرمان,صرفا با سوابق تحصیلی,روزانه,مرد و زن,28,,,,,,119,اصلی,,,
16104,مهندسی مکانیک بیوسیستم (این رشته متعلق به گروه کشاورزی است),دانشگاه جیرفت,کرمان,صرفا با سوابق تحصیلی,روزانه,مرد و زن,13,,,,,,119,اصلی,,,
16112,زیست‌شناسی جانوری,دانشگاه جیرفت,کرمان,صرفا با سوابق تحصیلی,روزانه,مرد و زن,25,,,,,,119,اصلی,,,
16113,زیست‌شناسی گیاهی,دانشگاه جیرفت,کرمان,صرفا با سوابق تحصیلی,روزانه,مرد و زن,17,,,,,,119,اصلی,,,
16114,شیمی کاربردی,دانشگاه جیرفت,کرمان,صرفا با سوابق تحصیلی,روزانه,مرد و زن,28,,,,,,119,اصلی,,,
16115,شیمی محض,دانشگاه جیرفت,کرمان,صرفا با سوابق تحصیلی,روزانه,مرد و زن,28,,,,,,119,اصلی,,,
16116,علوم و مهندسی باغبانی,دانشگاه جیرفت,کرمان,صرفا با سوابق تحصیلی,روزانه,مرد و زن,13,,,,,,119,اصلی,,,
16117,علوم و مهندسی خاک,دانشگاه جیرفت,کرمان,صرفا با سوابق تحصیلی,روزانه,مرد و زن,13,,,,,,119,اصلی,,,
16118,علوم و مهندسی شیلات,دانشگاه جیرفت,کرمان,صرفا با سوابق تحصیلی,روزانه,مرد و زن,13,,,,,,119,اصلی,,,
16119,علوم و مهندسی صنایع غذایی(این رشته متعلق به گروه کشاورزی است),دانشگاه جیرفت,کرمان,صرفا با سوابق تحصیلی,روزانه,مرد و زن,17,,,,,,120,اصلی,,,
16120,علوم و مهندسی محیط‌زیست,دانشگاه جیرفت,کرمان,صرفا با سوابق تحصیلی,روزانه,مرد و زن,18,,,,,,120,اصلی,,,
16121,مهندسی اقتصاد کشاورزی,دانشگاه جیرفت,کرمان,صرفا با سوابق تحصیلی,روزانه,مرد و زن,13,,,,,,120,اصلی,,,
16122,مهندسی ترویج و آموزش کشاورزی پایدار,دانشگاه جیرفت,کرمان,صرفا با سوابق تحصیلی,روزانه,مرد و زن,13,,,,,,120,اصلی,,,
16123,مهندسی تولید و ژنتیک گیاهی,دانشگاه جیرفت,کرمان,صرفا با سوابق تحصیلی,روزانه,مرد و زن,13,,,,,,120,اصلی,,,
16124,مهندسی طبیعت,دانشگاه جیرفت,کرمان,صرفا با سوابق تحصیلی,روزانه,مرد و زن,13,,,,,,120,اصلی,,,
16125,مهندسی علوم دامی,دانشگاه جیرفت,کرمان,صرفا با سوابق تحصیلی,روزانه,مرد و زن,17,,,,,,120,اصلی,,,
16126,مهندسی گیاهپزشکی,دانشگاه جیرفت,کرمان,صرفا با سوابق تحصیلی,روزانه,مرد و زن,17,,,,,,120,اصلی,,,
16141,باستان‌شناسی,دانشگاه جیرفت,کرمان,صرفا با سوابق تحصیلی,روزانه,مرد و زن,20,,,,,,120,اصلی,,,
16105,ریاضیات و کاربردها,دانشگاه جیرفت,کرمان,صرفا با سوابق تحصیلی,نوبت دوم,مرد و زن,2,,,,,,120,اصلی,,,
16106,علوم و مهندسی آب,دانشگاه جیرفت,کرمان,صرفا با سوابق تحصیلی,نوبت دوم,مرد و زن,2,,,,,,120,اصلی,,,
16107,مهندسی انرژی,دانشگاه جیرفت,کرمان,صرفا با سوابق تحصیلی,نوبت دوم,مرد و زن,2,,,,,,120,اصلی,,,
16108,مهندسی برق,دانشگاه جیرفت,کرمان,صرفا با سوابق تحصیلی,نوبت دوم,مرد و زن,2,,,,,,120,اصلی,,,
16109,مهندسی عمران,دانشگاه جیرفت,کرمان,صرفا با سوابق تحصیلی,نوبت دوم,مرد و زن,2,,,,,,120,اصلی,,,
16110,مهندسی مکانیک,دانشگاه جیرفت,کرمان,صرفا با سوابق تحصیلی,نوبت دوم,مرد و زن,2,,,,,,120,اصلی,,,
16111,مهندسی مکانیک بیوسیستم (این رشته متعلق به گروه کشاورزی است),دانشگاه جیرفت,کرمان,صرفا با سوابق تحصیلی,نوبت دوم,مرد و زن,2,,,,,,120,اصلی,,,
16127,زیست‌شناسی گیاهی,دانشگاه جیرفت,کرمان,صرفا با سوابق تحصیلی,نوبت دوم,مرد و زن,2,,,,,,120,اصلی,,,
16128,شیمی کاربردی,دانشگاه جیرفت,کرمان,صرفا با سوابق تحصیلی,نوبت دوم,مرد و زن,2,,,,,,120,اصلی,,,
16129,شیمی محض,دانشگاه جیرفت,کرمان,صرفا با سوابق تحصیلی,نوبت دوم,مرد و زن,2,,,,,,120,اصلی,,,
16130,علوم و مهندسی باغبانی,دانشگاه جیرفت,کرمان,صرفا با سوابق تحصیلی,نوبت دوم,مرد و زن,2,,,,,,120,اصلی,,,
16131,علوم و مهندسی خاک,دانشگاه جیرفت,کرمان,صرفا با سوابق تحصیلی,نوبت دوم,مرد و زن,2,,,,,,120,اصلی,,,
16132,علوم و مهندسی شیلات,دانشگاه جیرفت,کرمان,صرفا با سوابق تحصیلی,نوبت دوم,مرد و زن,2,,,,,,120,اصلی,,,
16133,علوم و مهندسی صنایع غذایی(این رشته متعلق به گروه کشاورزی است),دانشگاه جیرفت,کرمان,صرفا با سوابق تحصیلی,نوبت دوم,مرد و زن,2,,,,,,120,اصلی,,,
16134,علوم و مهندسی محیط‌زیست,دانشگاه جیرفت,کرمان,صرفا با سوابق تحصیلی,نوبت دوم,مرد و زن,2,,,,,,120,اصلی,,,
16135,مهندسی اقتصاد کشاورزی,دانشگاه جیرفت,کرمان,صرفا با سوابق تحصیلی,نوبت دوم,مرد و زن,2,,,,,,120,اصلی,,,
16136,مهندسی ترویج و آموزش کشاورزی پایدار,دانشگاه جیرفت,کرمان,صرفا با سوابق تحصیلی,نوبت دوم,مرد و زن,1,,,,,,120,اصلی,,,
16137,مهندسی تولید و ژنتیک گیاهی,دانشگاه جیرفت,کرمان,صرفا با سوابق تحصیلی,نوبت دوم,مرد و زن,3,,,,,,120,اصلی,,,
16138,مهندسی طبیعت,دانشگاه جیرفت,کرمان,صرفا با سوابق تحصیلی,نوبت دوم,مرد و زن,1,,,,,,120,اصلی,,,
16139,مهندسی علوم دامی,دانشگاه جیرفت,کرمان,صرفا با سوابق تحصیلی,نوبت دوم,مرد و زن,2,,,,,,120,اصلی,,,
16140,مهندسی گیاهپزشکی,دانشگاه جیرفت,کرمان,صرفا با سوابق تحصیلی,نوبت دوم,مرد و زن,2,,,,,,120,اصلی,,,
16142,باستان‌شناسی,دانشگاه جیرفت,کرمان,صرفا با سوابق تحصیلی,نوبت دوم,مرد و زن,4,,,,,,120,اصلی,,,
16143,تاریخ,دانشگاه جیرفت,کرمان,صرفا با سوابق تحصیلی,نوبت دوم,مرد و زن,4,,,,,,120,اصلی,,,
16144,جغرافیا,دانشگاه جیرفت,کرمان,صرفا با سوابق تحصیلی,نوبت دوم,مرد و زن,2,,,,,,120,اصلی,,,
16145,زبان و ادبیات فارسی,دانشگاه جیرفت,کرمان,صرفا با سوابق تحصیلی,نوبت دوم,مرد و زن,4,,,,,,120,اصلی,,,
30962,علوم کامپیوتر,دانشگاه شهید باهنر کرمان,کرمان,با آزمون,روزانه,مرد و زن,60,,,,محدودیت در ارائه خوابگاه,,120,اصلی,,,
30963,مهندسی اپتیک و لیزر,دانشگاه شهید باهنر کرمان,کرمان,با آزمون,روزانه,مرد و زن,30,,,,محدودیت در ارائه خوابگاه,,120,اصلی,,,
30964,مهندسی برق,دانشگاه شهید باهنر کرمان,کرمان,با آزمون,روزانه,مرد و زن,100,,,,محدودیت در ارائه خوابگاه,,120,اصلی,,,
30965,مهندسی شیمی,دانشگاه شهید باهنر کرمان,کرمان,با آزمون,روزانه,مرد و زن,60,,,,محدودیت در ارائه خوابگاه,,120,اصلی,,,
30966,مهندسی صنایع و سیستم‌ها,دانشگاه شهید باهنر کرمان,کرمان,با آزمون,روزانه,مرد و زن,40,,,,محدودیت در ارائه خوابگاه,,120,اصلی,,,
30967,مهندسی عمران,دانشگاه شهید باهنر کرمان,کرمان,با آزمون,روزانه,مرد و زن,68,,,,محدودیت در ارائه خوابگاه,,120,اصلی,,,
30968,مهندسی کامپیوتر,دانشگاه شهید باهنر کرمان,کرمان,با آزمون,روزانه,مرد و زن,70,,,,محدودیت در ارائه خوابگاه,,120,اصلی,,,
30969,مهندسی معدن,دانشگاه شهید باهنر کرمان,کرمان,با آزمون,روزانه,مرد و زن,40,,,,محدودیت در ارائه خوابگاه,,120,اصلی,,,
30970,مهندسی معماری,دانشگاه شهید باهنر کرمان,کرمان,با آزمون,روزانه,مرد و زن,36,,,,محدودیت در ارائه خوابگاه,,120,اصلی,,,
30971,مهندسی مکانیک,دانشگاه شهید باهنر کرمان,کرمان,با آزمون,روزانه,مرد و زن,70,,,,محدودیت در ارائه خوابگاه,,121,اصلی,,,
30972,مهندسی نفت و زمین‌انرژی,دانشگاه شهید باهنر کرمان,کرمان,با آزمون,روزانه,مرد و زن,30,,,,محدودیت در ارائه خوابگاه,,121,اصلی,,,
30973,مهندسی و علم مواد,دانشگاه شهید باهنر کرمان,کرمان,با آزمون,روزانه,مرد و زن,55,,,,محدودیت در ارائه خوابگاه,,121,اصلی,,,
36346,اقتصاد,دانشگاه شهید باهنر کرمان,کرمان,با آزمون,روزانه,مرد و زن,14,,,,محدودیت در ارائه خوابگاه,,121,اصلی,,,
36347,حسابداری,دانشگاه شهید باهنر کرمان,کرمان,با آزمون,روزانه,مرد و زن,4,,,,محدودیت در ارائه خوابگاه,,121,اصلی,,,
36348,روانشناسی,دانشگاه شهید باهنر کرمان,کرمان,با آزمون,روزانه,مرد و زن,3,,,,محدودیت در ارائه خوابگاه,,121,اصلی,,,
36349,علوم ورزشی,دانشگاه شهید باهنر کرمان,کرمان,با آزمون,روزانه,مرد و زن,8,,4,4,محدودیت در ارائه خوابگاه,,121,اصلی,,,
36350,مدیریت بازرگانی,دانشگاه شهید باهنر کرمان,کرمان,با آزمون,روزانه,مرد و زن,4,,,,محدودیت در ارائه خوابگاه,,121,اصلی,,,
30974,مهندسی اپتیک و لیزر,دانشگاه شهید باهنر کرمان,کرمان,با آزمون,نوبت دوم,مرد و زن,5,,,,فاقد خوابگاه,,121,اصلی,,,
36351,اقتصاد,دانشگاه شهید باهنر کرمان,کرمان,با آزمون,نوبت دوم,مرد و زن,2,,,,فاقد خوابگاه,,121,اصلی,,,
36352,حسابداری,دانشگاه شهید باهنر کرمان,کرمان,با آزمون,نوبت دوم,مرد و زن,1,,,,فاقد خوابگاه,,121,اصلی,,,
36353,مدیریت بازرگانی,دانشگاه شهید باهنر کرمان,کرمان,با آزمون,نوبت دوم,مرد و زن,1,,,,فاقد خوابگاه,,121,اصلی,,,
16146,آمار,دانشگاه شهید باهنر کرمان,کرمان,صرفا با سوابق تحصیلی,روزانه,مرد و زن,60,,,,محدودیت در ارائه خوابگاه,,121,اصلی,,,
16147,ریاضیات و کاربردها,دانشگاه شهید باهنر کرمان,کرمان,صرفا با سوابق تحصیلی,روزانه,مرد و زن,90,,,,محدودیت در ارائه خوابگاه,,121,اصلی,,,
16148,علوم و مهندسی آب,دانشگاه شهید باهنر کرمان,کرمان,صرفا با سوابق تحصیلی,روزانه,مرد و زن,20,,,,محدودیت در ارائه خوابگاه,,121,اصلی,,,
16149,فیزیک,دانشگاه شهید باهنر کرمان,کرمان,صرفا با سوابق تحصیلی,روزانه,مرد و زن,50,,,,محدودیت در ارائه خوابگاه,,121,اصلی,,,
16150,مهندسی ماشین‌های صنایع غذایی,دانشگاه شهید باهنر کرمان,کرمان,صرفا با سوابق تحصیلی,روزانه,مرد و زن,20,,,,محدودیت در ارائه خوابگاه,,121,اصلی,,,
16151,مهندسی مکانیک بیوسیستم (این رشته متعلق به گروه کشاورزی است),دانشگاه شهید باهنر کرمان,کرمان,صرفا با سوابق تحصیلی,روزانه,مرد و زن,20,,,,محدودیت در ارائه خوابگاه,,121,اصلی,,,
16156,بهداشت و بازرسی گوشت,دانشگاه شهید باهنر کرمان,کرمان,صرفا با سوابق تحصیلی,روزانه,مرد و زن,30,,,,محدودیت در ارائه خوابگاه,,121,اصلی,,,
16157,زمین‌شناسی,دانشگاه شهید باهنر کرمان,کرمان,صرفا با سوابق تحصیلی,روزانه,مرد و زن,50,,,,محدودیت در ارائه خوابگاه,,121,اصلی,,,
16158,زیست‌شناسی جانوری,دانشگاه شهید باهنر کرمان,کرمان,صرفا با سوابق تحصیلی,روزانه,مرد و زن,28,,,,محدودیت در ارائه خوابگاه,,121,اصلی,,,
16159,زیست‌شناسی گیاهی,دانشگاه شهید باهنر کرمان,کرمان,صرفا با سوابق تحصیلی,روزانه,مرد و زن,28,,,,محدودیت در ارائه خوابگاه,,121,اصلی,,,
16160,شیمی کاربردی,دانشگاه شهید باهنر کرمان,کرمان,صرفا با سوابق تحصیلی,روزانه,مرد و زن,45,,,,محدودیت در ارائه خوابگاه,,121,اصلی,,,
16161,شیمی محض,دانشگاه شهید باهنر کرمان,کرمان,صرفا با سوابق تحصیلی,روزانه,مرد و زن,45,,,,محدودیت در ارائه خوابگاه,,121,اصلی,,,
16162,علوم و مهندسی باغبانی,دانشگاه شهید باهنر کرمان,کرمان,صرفا با سوابق تحصیلی,روزانه,مرد و زن,20,,,,محدودیت در ارائه خوابگاه,,121,اصلی,,,
16163,علوم و مهندسی خاک,دانشگاه شهید باهنر کرمان,کرمان,صرفا با سوابق تحصیلی,روزانه,مرد و زن,20,,,,محدودیت در ارائه خوابگاه,,121,اصلی,,,
16164,علوم و مهندسی صنایع غذایی(این رشته متعلق به گروه کشاورزی است),دانشگاه شهید باهنر کرمان,کرمان,صرفا با سوابق تحصیلی,روزانه,مرد و زن,20,,,,محدودیت در ارائه خوابگاه,,121,اصلی,,,
16165,علوم و مهندسی محیط‌زیست,دانشگاه شهید باهنر کرمان,کرمان,صرفا با سوابق تحصیلی,روزانه,مرد و زن,20,,,,محدودیت در ارائه خوابگاه,,121,اصلی,,,
16166,مهندسی اقتصاد کشاورزی,دانشگاه شهید باهنر کرمان,کرمان,صرفا با سوابق تحصیلی,روزانه,مرد و زن,20,,,,محدودیت در ارائه خوابگاه,,121,اصلی,,,
16167,مهندسی تولید و ژنتیک گیاهی,دانشگاه شهید باهنر کرمان,کرمان,صرفا با سوابق تحصیلی,روزانه,مرد و زن,20,,,,محدودیت در ارائه خوابگاه,,121,اصلی,,,
16168,مهندسی طبیعت,دانشگاه شهید باهنر کرمان,کرمان,صرفا با سوابق تحصیلی,روزانه,مرد و زن,20,,,,محدودیت در ارائه خوابگاه,,121,اصلی,,,
16169,مهندسی علوم دامی,دانشگاه شهید باهنر کرمان,کرمان,صرفا با سوابق تحصیلی,روزانه,مرد و زن,20,,,,محدودیت در ارائه خوابگاه,,121,اصلی,,,
16170,مهندسی گیاهپزشکی,دانشگاه شهید باهنر کرمان,کرمان,صرفا با سوابق تحصیلی,روزانه,مرد و زن,20,,,,محدودیت در ارائه خوابگاه,,121,اصلی,,,
16185,علم اطلاعات و دانش‌شناسی,دانشگاه شهید باهنر کرمان,کرمان,صرفا با سوابق تحصیلی,روزانه,مرد و زن,35,,,,محدودیت در ارائه خوابگاه,,121,اصلی,,,
16186,مردم‌شناسی,دانشگاه شهید باهنر کرمان,کرمان,صرفا با سوابق تحصیلی,روزانه,مرد و زن,32,,,,محدودیت در ارائه خوابگاه,,121,اصلی,,,
16188,فرش,دانشگاه شهید باهنر کرمان,کرمان,صرفا با سوابق تحصیلی,روزانه,مرد و زن,25,,,,محدودیت در ارائه خوابگاه,,121,اصلی,,,
16189,مرمت بناهای تاریخی,دانشگاه شهید باهنر کرمان,کرمان,صرفا با سوابق تحصیلی,روزانه,مرد و زن,35,,,,محدودیت در ارائه خوابگاه,,121,اصلی,,,
16152,علوم و مهندسی آب,دانشگاه شهید باهنر کرمان,کرمان,صرفا با سوابق تحصیلی,نوبت دوم,مرد و زن,4,,,,فاقد خوابگاه,,121,اصلی,,,
16153,فیزیک,دانشگاه شهید باهنر کرمان,کرمان,صرفا با سوابق تحصیلی,نوبت دوم,مرد و زن,20,,,,فاقد خوابگاه,,121,اصلی,,,
16154,مهندسی ماشین‌های صنایع غذایی,دانشگاه شهید باهنر کرمان,کرمان,صرفا با سوابق تحصیلی,نوبت دوم,مرد و زن,4,,,,فاقد خوابگاه,,121,اصلی,,,
16155,مهندسی مکانیک بیوسیستم (این رشته متعلق به گروه کشاورزی است),دانشگاه شهید باهنر کرمان,کرمان,صرفا با سوابق تحصیلی,نوبت دوم,مرد و زن,4,,,,فاقد خوابگاه,,121,اصلی,,,
16171,زمین‌شناسی,دانشگاه شهید باهنر کرمان,کرمان,صرفا با سوابق تحصیلی,نوبت دوم,مرد و زن,5,,,,فاقد خوابگاه,,121,اصلی,,,
16172,زیست‌شناسی جانوری,دانشگاه شهید باهنر کرمان,کرمان,صرفا با سوابق تحصیلی,نوبت دوم,مرد و زن,7,,,,فاقد خوابگاه,,121,اصلی,,,
16173,زیست‌شناسی گیاهی,دانشگاه شهید باهنر کرمان,کرمان,صرفا با سوابق تحصیلی,نوبت دوم,مرد و زن,7,,,,فاقد خوابگاه,,121,اصلی,,,
16174,شیمی کاربردی,دانشگاه شهید باهنر کرمان,کرمان,صرفا با سوابق تحصیلی,نوبت دوم,مرد و زن,5,,,,فاقد خوابگاه,,121,اصلی,,,
16175,شیمی محض,دانشگاه شهید باهنر کرمان,کرمان,صرفا با سوابق تحصیلی,نوبت دوم,مرد و زن,5,,,,فاقد خوابگاه,,121,اصلی,,,
16176,علوم و مهندسی باغبانی,دانشگاه شهید باهنر کرمان,کرمان,صرفا با سوابق تحصیلی,نوبت دوم,مرد و زن,5,,,,فاقد خوابگاه,,121,اصلی,,,
16177,علوم و مهندسی خاک,دانشگاه شهید باهنر کرمان,کرمان,صرفا با سوابق تحصیلی,نوبت دوم,مرد و زن,4,,,,فاقد خوابگاه,,122,اصلی,,,
16178,علوم و مهندسی صنایع غذایی(این رشته متعلق به گروه کشاورزی است),دانشگاه شهید باهنر کرمان,کرمان,صرفا با سوابق تحصیلی,نوبت دوم,مرد و زن,5,,,,فاقد خوابگاه,,122,اصلی,,,
16179,علوم و مهندسی محیط‌زیست,دانشگاه شهید باهنر کرمان,کرمان,صرفا با سوابق تحصیلی,نوبت دوم,مرد و زن,4,,,,فاقد خوابگاه,,122,اصلی,,,
16180,مهندسی اقتصاد کشاورزی,دانشگاه شهید باهنر کرمان,کرمان,صرفا با سوابق تحصیلی,نوبت دوم,مرد و زن,5,,,,فاقد خوابگاه,,122,اصلی,,,
16181,مهندسی تولید و ژنتیک گیاهی,دانشگاه شهید باهنر کرمان,کرمان,صرفا با سوابق تحصیلی,نوبت دوم,مرد و زن,5,,,,فاقد خوابگاه,,122,اصلی,,,
16182,مهندسی طبیعت,دانشگاه شهید باهنر کرمان,کرمان,صرفا با سوابق تحصیلی,نوبت دوم,مرد و زن,4,,,,فاقد خوابگاه,,122,اصلی,,,
16183,مهندسی علوم دامی,دانشگاه شهید باهنر کرمان,کرمان,صرفا با سوابق تحصیلی,نوبت دوم,مرد و زن,10,,,,فاقد خوابگاه,,122,اصلی,,,
16184,مهندسی گیاهپزشکی,دانشگاه شهید باهنر کرمان,کرمان,صرفا با سوابق تحصیلی,نوبت دوم,مرد و زن,4,,,,فاقد خوابگاه,,122,اصلی,,,
16187,علوم ورزشی,دانشگاه شهید باهنر کرمان,کرمان,صرفا با سوابق تحصیلی,نوبت دوم,مرد و زن,12,,6,6,فاقد خوابگاه,,122,اصلی,,,
30975,مهندسی برق,دانشگاه صنعتی سیرجان,کرمان,با آزمون,روزانه,مرد و زن,80,,,,دارای خوابگاه متأهلی - دارای خوابگاه ملکی,,122,اصلی,,,
30976,مهندسی شیمی,دانشگاه صنعتی سیرجان,کرمان,با آزمون,روزانه,مرد و زن,50,,,,دارای خوابگاه متأهلی - دارای خوابگاه ملکی,,122,اصلی,,,
30977,مهندسی عمران,دانشگاه صنعتی سیرجان,کرمان,با آزمون,روزانه,مرد و زن,60,,,,دارای خوابگاه متأهلی - دارای خوابگاه ملکی,,122,اصلی,,,
30978,مهندسی کامپیوتر,دانشگاه صنعتی سیرجان,کرمان,با آزمون,روزانه,مرد و زن,50,,,,دارای خوابگاه متأهلی - دارای خوابگاه ملکی,,122,اصلی,,,
30979,مهندسی مکانیک,دانشگاه صنعتی سیرجان,کرمان,با آزمون,روزانه,مرد و زن,85,,,,دارای خوابگاه متأهلی - دارای خوابگاه ملکی,,122,اصلی,,,
30980,مهندسی و علم مواد,دانشگاه صنعتی سیرجان,کرمان,با آزمون,روزانه,مرد و زن,45,,,,دارای خوابگاه متأهلی - دارای خوابگاه ملکی,,122,اصلی,,,
30981,مهندسی برق,دانشگاه صنعتی سیرجان,کرمان,با آزمون,نوبت دوم,مرد و زن,5,,,,دارای خوابگاه متأهلی - محدودیت در ارائه خوابگاه,,122,اصلی,,,
30982,مهندسی شیمی,دانشگاه صنعتی سیرجان,کرمان,با آزمون,نوبت دوم,مرد و زن,3,,,,دارای خوابگاه متأهلی - محدودیت در ارائه خوابگاه,,122,اصلی,,,
30983,مهندسی عمران,دانشگاه صنعتی سیرجان,کرمان,با آزمون,نوبت دوم,مرد و زن,3,,,,دارای خوابگاه متأهلی - محدودیت در ارائه خوابگاه,,122,اصلی,,,
30984,مهندسی کامپیوتر,دانشگاه صنعتی سیرجان,کرمان,با آزمون,نوبت دوم,مرد و زن,3,,,,دارای خوابگاه متأهلی - محدودیت در ارائه خوابگاه,,122,اصلی,,,
30985,مهندسی مکانیک,دانشگاه صنعتی سیرجان,کرمان,با آزمون,نوبت دوم,مرد و زن,5,,,,دارای خوابگاه متأهلی - محدودیت در ارائه خوابگاه,,122,اصلی,,,
16194,ریاضیات و کاربردها,دانشگاه صنعتی سیرجان,کرمان,صرفا با سوابق تحصیلی,روزانه,مرد و زن,35,,,,دارای خوابگاه متأهلی - دارای خوابگاه ملکی,,122,اصلی,,,
16195,علوم کامپیوتر,دانشگاه صنعتی سیرجان,کرمان,صرفا با سوابق تحصیلی,روزانه,مرد و زن,40,,,,دارای خوابگاه متأهلی - دارای خوابگاه ملکی,,122,اصلی,,,
16196,فیزیک,دانشگاه صنعتی سیرجان,کرمان,صرفا با سوابق تحصیلی,روزانه,مرد و زن,35,,,,دارای خوابگاه متأهلی - دارای خوابگاه ملکی,,122,اصلی,,,
16197,مهندسی انرژی,دانشگاه صنعتی سیرجان,کرمان,صرفا با سوابق تحصیلی,روزانه,مرد و زن,35,,,,دارای خوابگاه متأهلی - دارای خوابگاه ملکی,,122,اصلی,,,
16198,مهندسی نقشه‌برداری,دانشگاه صنعتی سیرجان,کرمان,صرفا با سوابق تحصیلی,روزانه,مرد و زن,40,,,,دارای خوابگاه متأهلی - دارای خوابگاه ملکی,,122,اصلی,,,
16199,ریاضیات و کاربردها,دانشگاه صنعتی سیرجان,کرمان,صرفا با سوابق تحصیلی,نوبت دوم,مرد و زن,1,,,,دارای خوابگاه متأهلی - محدودیت در ارائه خوابگاه,,122,اصلی,,,
16200,علوم کامپیوتر,دانشگاه صنعتی سیرجان,کرمان,صرفا با سوابق تحصیلی,نوبت دوم,مرد و زن,1,,,,دارای خوابگاه متأهلی - محدودیت در ارائه خوابگاه,,122,اصلی,,,
16201,فیزیک,دانشگاه صنعتی سیرجان,کرمان,صرفا با سوابق تحصیلی,نوبت دوم,مرد و زن,1,,,,دارای خوابگاه متأهلی - محدودیت در ارائه خوابگاه,,122,اصلی,,,
16202,مهندسی انرژی,دانشگاه صنعتی سیرجان,کرمان,صرفا با سوابق تحصیلی,نوبت دوم,مرد و زن,2,,,,دارای خوابگاه متأهلی - محدودیت در ارائه خوابگاه,,123,اصلی,,,
16203,مهندسی نقشه‌برداری,دانشگاه صنعتی سیرجان,کرمان,صرفا با سوابق تحصیلی,نوبت دوم,مرد و زن,1,,,,دارای خوابگاه متأهلی - محدودیت در ارائه خوابگاه,,123,اصلی,,,
30986,علوم کامپیوتر,دانشگاه ولیعصر(عج) رفسنجان,کرمان,با آزمون,روزانه,مرد و زن,40,,,,محدودیت در ارائه خوابگاه,,123,اصلی,,,
30987,مهندسی برق,دانشگاه ولیعصر(عج) رفسنجان,کرمان,با آزمون,روزانه,مرد و زن,55,,,,محدودیت در ارائه خوابگاه,,123,اصلی,,,
30988,مهندسی شیمی,دانشگاه ولیعصر(عج) رفسنجان,کرمان,با آزمون,روزانه,مرد و زن,50,,,,محدودیت در ارائه خوابگاه,,123,اصلی,,,
30989,مهندسی صنایع و سیستم‌ها,دانشگاه ولیعصر(عج) رفسنجان,کرمان,با آزمون,روزانه,مرد و زن,30,,,,محدودیت در ارائه خوابگاه,,123,اصلی,,,
30990,مهندسی عمران,دانشگاه ولیعصر(عج) رفسنجان,کرمان,با آزمون,روزانه,مرد و زن,35,,,,محدودیت در ارائه خوابگاه,,123,اصلی,,,
30991,مهندسی کامپیوتر,دانشگاه ولیعصر(عج) رفسنجان,کرمان,با آزمون,روزانه,مرد و زن,70,,,,محدودیت در ارائه خوابگاه,,123,اصلی,,,
30992,مهندسی معدن,دانشگاه ولیعصر(عج) رفسنجان,کرمان,با آزمون,روزانه,مرد و زن,40,,,,محدودیت در ارائه خوابگاه,,123,اصلی,,,
30993,مهندسی مکانیک,دانشگاه ولیعصر(عج) رفسنجان,کرمان,با آزمون,روزانه,مرد و زن,55,,,,محدودیت در ارائه خوابگاه,,123,اصلی,,,
30994,مهندسی و علم مواد,دانشگاه ولیعصر(عج) رفسنجان,کرمان,با آزمون,روزانه,مرد و زن,30,,,,محدودیت در ارائه خوابگاه,,123,اصلی,,,
36357,اقتصاد,دانشگاه ولیعصر(عج) رفسنجان,کرمان,با آزمون,روزانه,مرد و زن,16,,,,محدودیت در ارائه خوابگاه,,123,اصلی,,,
36358,حسابداری,دانشگاه ولیعصر(عج) رفسنجان,کرمان,با آزمون,روزانه,مرد و زن,4,,,,محدودیت در ارائه خوابگاه,,123,اصلی,,,
36359,علوم ورزشی,دانشگاه ولیعصر(عج) رفسنجان,کرمان,با آزمون,روزانه,زن,3,,,,محدودیت در ارائه خوابگاه,,123,اصلی,,,
36360,مدیریت بازرگانی,دانشگاه ولیعصر(عج) رفسنجان,کرمان,با آزمون,روزانه,مرد و زن,4,,,,محدودیت در ارائه خوابگاه,,123,اصلی,,,
36361,مدیریت صنعتی,دانشگاه ولیعصر(عج) رفسنجان,کرمان,با آزمون,روزانه,مرد و زن,4,,,,محدودیت در ارائه خوابگاه,,123,اصلی,,,
36365,روانشناسی,دانشگاه ولیعصر(عج) رفسنجان,کرمان,با آزمون,روزانه,زن,3,,,,محل تحصیل دانشکده علوم انسانی حضرت نرجس(س) ویژه خواهران - محدودیت در ارائه خوابگاه,,123,اصلی,,,
36366,مدیریت بازرگانی,دانشگاه ولیعصر(عج) رفسنجان,کرمان,با آزمون,روزانه,زن,3,,,,محل تحصیل دانشکده علوم انسانی حضرت نرجس(س) ویژه خواهران - محدودیت در ارائه خوابگاه,,123,اصلی,,,
36362,حسابداری,دانشگاه ولیعصر(عج) رفسنجان,کرمان,با آزمون,نوبت دوم,مرد و زن,1,,,,فاقد خوابگاه,,123,اصلی,,,
36363,مدیریت بازرگانی,دانشگاه ولیعصر(عج) رفسنجان,کرمان,با آزمون,نوبت دوم,مرد و زن,1,,,,فاقد خوابگاه,,123,اصلی,,,
36364,مدیریت صنعتی,دانشگاه ولیعصر(عج) رفسنجان,کرمان,با آزمون,نوبت دوم,مرد و زن,1,,,,فاقد خوابگاه,,123,اصلی,,,
16204,آمار,دانشگاه ولیعصر(عج) رفسنجان,کرمان,صرفا با سوابق تحصیلی,روزانه,مرد و زن,39,,,,دارای خوابگاه ملکی,,123,اصلی,,,
16205,ریاضیات و کاربردها,دانشگاه ولیعصر(عج) رفسنجان,کرمان,صرفا با سوابق تحصیلی,روزانه,مرد و زن,39,,,,دارای خوابگاه ملکی,,123,اصلی,,,
16206,علوم و مهندسی آب,دانشگاه ولیعصر(عج) رفسنجان,کرمان,صرفا با سوابق تحصیلی,روزانه,مرد و زن,20,,,,دارای خوابگاه ملکی,,123,اصلی,,,
16207,فیزیک,دانشگاه ولیعصر(عج) رفسنجان,کرمان,صرفا با سوابق تحصیلی,روزانه,مرد و زن,35,,,,دارای خوابگاه ملکی,,123,اصلی,,,
16208,فیزیک مهندسی,دانشگاه ولیعصر(عج) رفسنجان,کرمان,صرفا با سوابق تحصیلی,روزانه,مرد و زن,35,,,,دارای خوابگاه ملکی,,123,اصلی,,,
16212,شیمی کاربردی,دانشگاه ولیعصر(عج) رفسنجان,کرمان,صرفا با سوابق تحصیلی,روزانه,مرد و زن,45,,,,دارای خوابگاه ملکی,,123,اصلی,,,
16213,علوم و مهندسی باغبانی,دانشگاه ولیعصر(عج) رفسنجان,کرمان,صرفا با سوابق تحصیلی,روزانه,مرد و زن,20,,,,دارای خوابگاه ملکی,,123,اصلی,,,
16214,علوم و مهندسی خاک,دانشگاه ولیعصر(عج) رفسنجان,کرمان,صرفا با سوابق تحصیلی,روزانه,مرد و زن,20,,,,دارای خوابگاه ملکی,,123,اصلی,,,
16215,مهندسی تولید و ژنتیک گیاهی,دانشگاه ولیعصر(عج) رفسنجان,کرمان,صرفا با سوابق تحصیلی,روزانه,مرد و زن,20,,,,دارای خوابگاه ملکی,,123,اصلی,,,
16216,مهندسی گیاهپزشکی,دانشگاه ولیعصر(عج) رفسنجان,کرمان,صرفا با سوابق تحصیلی,روزانه,مرد و زن,20,,,,دارای خوابگاه ملکی,,123,اصلی,,,
16222,ایران‌شناسی,دانشگاه ولیعصر(عج) رفسنجان,کرمان,صرفا با سوابق تحصیلی,روزانه,مرد و زن,35,,,,دارای خوابگاه ملکی,,123,اصلی,,,
16223,زبان و زبان‌شناسی,دانشگاه ولیعصر(عج) رفسنجان,کرمان,صرفا با سوابق تحصیلی,روزانه,مرد و زن,35,,,,دارای خوابگاه ملکی,,123,اصلی,,,
16224,علوم ورزشی,دانشگاه ولیعصر(عج) رفسنجان,کرمان,صرفا با سوابق تحصیلی,روزانه,مرد,30,,,,دارای خوابگاه ملکی,,123,اصلی,,,
16225,فلسفه و کلام اسلامی,دانشگاه ولیعصر(عج) رفسنجان,کرمان,صرفا با سوابق تحصیلی,روزانه,مرد و زن,35,,,,دارای خوابگاه ملکی,,123,اصلی,,,
16226,گردشگری,دانشگاه ولیعصر(عج) رفسنجان,کرمان,صرفا با سوابق تحصیلی,روزانه,مرد و زن,35,,,,دارای خوابگاه ملکی,,123,اصلی,,,
16228,علوم قرآن و حدیث,دانشگاه ولیعصر(عج) رفسنجان,کرمان,صرفا با سوابق تحصیلی,روزانه,زن,35,,,,محل تحصیل دانشکده علوم انسانی حضرت نرجس(س) ویژه خواهران - دارای خوابگاه ملکی,,123,اصلی,,,
16229,مترجمی زبان انگلیسی,دانشگاه ولیعصر(عج) رفسنجان,کرمان,صرفا با سوابق تحصیلی,روزانه,زن,35,,,,محل تحصیل دانشکده علوم انسانی حضرت نرجس(س) ویژه خواهران - دارای خوابگاه ملکی,,123,اصلی,,,
16209,علوم و مهندسی آب,دانشگاه ولیعصر(عج) رفسنجان,کرمان,صرفا با سوابق تحصیلی,نوبت دوم,مرد و زن,5,,,,محدودیت در ارائه خوابگاه,,123,اصلی,,,
16210,فیزیک,دانشگاه ولیعصر(عج) رفسنجان,کرمان,صرفا با سوابق تحصیلی,نوبت دوم,مرد و زن,4,,,,محدودیت در ارائه خوابگاه,,124,اصلی,,,
16211,فیزیک مهندسی,دانشگاه ولیعصر(عج) رفسنجان,کرمان,صرفا با سوابق تحصیلی,نوبت دوم,مرد و زن,4,,,,محدودیت در ارائه خوابگاه,,124,اصلی,,,
16217,شیمی کاربردی,دانشگاه ولیعصر(عج) رفسنجان,کرمان,صرفا با سوابق تحصیلی,نوبت دوم,مرد و زن,4,,,,محدودیت در ارائه خوابگاه,,124,اصلی,,,
16218,علوم و مهندسی باغبانی,دانشگاه ولیعصر(عج) رفسنجان,کرمان,صرفا با سوابق تحصیلی,نوبت دوم,مرد و زن,4,,,,محدودیت در ارائه خوابگاه,,124,اصلی,,,
16219,علوم و مهندسی خاک,دانشگاه ولیعصر(عج) رفسنجان,کرمان,صرفا با سوابق تحصیلی,نوبت دوم,مرد و زن,5,,,,محدودیت در ارائه خوابگاه,,124,اصلی,,,
16220,مهندسی تولید و ژنتیک گیاهی,دانشگاه ولیعصر(عج) رفسنجان,کرمان,صرفا با سوابق تحصیلی,نوبت دوم,مرد و زن,4,,,,محدودیت در ارائه خوابگاه,,124,اصلی,,,
16221,مهندسی گیاهپزشکی,دانشگاه ولیعصر(عج) رفسنجان,کرمان,صرفا با سوابق تحصیلی,نوبت دوم,مرد و زن,4,,,,محدودیت در ارائه خوابگاه,,124,اصلی,,,
16227,اقتصاد,دانشگاه ولیعصر(عج) رفسنجان,کرمان,صرفا با سوابق تحصیلی,نوبت دوم,مرد و زن,4,,,,محدودیت در ارائه خوابگاه,,124,اصلی,,,
16230,مترجمی زبان انگلیسی,دانشگاه ولیعصر(عج) رفسنجان,کرمان,صرفا با سوابق تحصیلی,نوبت دوم,زن,4,,,,محل تحصیل دانشکده علوم انسانی حضرت نرجس(س) ویژه خواهران - محدودیت در ارائه خوابگاه,,124,اصلی,,,
30995,مهندسی صنایع و سیستم‌ها,مجتمع آموزش عالی بم,کرمان,با آزمون,روزانه,مرد و زن,45,,,,,,124,اصلی,,,
30996,مهندسی عمران,مجتمع آموزش عالی بم,کرمان,با آزمون,روزانه,مرد و زن,40,,,,,,124,اصلی,,,
30997,مهندسی کامپیوتر,مجتمع آموزش عالی بم,کرمان,با آزمون,روزانه,مرد و زن,40,,,,,,124,اصلی,,,
30998,مهندسی مکانیک,مجتمع آموزش عالی بم,کرمان,با آزمون,روزانه,مرد و زن,40,,,,,,124,اصلی,,,
16231,آمار,مجتمع آموزش عالی بم,کرمان,صرفا با سوابق تحصیلی,روزانه,مرد و زن,20,,,,,,124,اصلی,,,
16232,ریاضیات و کاربردها,مجتمع آموزش عالی بم,کرمان,صرفا با سوابق تحصیلی,روزانه,مرد و زن,20,,,,,,124,اصلی,,,
16233,علوم کامپیوتر,مجتمع آموزش عالی بم,کرمان,صرفا با سوابق تحصیلی,روزانه,مرد و زن,25,,,,,,124,اصلی,,,
16234,علوم مهندسی,مجتمع آموزش عالی بم,کرمان,صرفا با سوابق تحصیلی,روزانه,مرد و زن,15,,,,,,124,اصلی,,,
16241,گردشگری,مجتمع آموزش عالی بم,کرمان,صرفا با سوابق تحصیلی,روزانه,مرد و زن,30,,,,,,124,اصلی,,,
16242,هتلداری,مجتمع آموزش عالی بم,کرمان,صرفا با سوابق تحصیلی,روزانه,مرد و زن,25,,,,,,124,اصلی,,,
16243,کاردانی هتلداری,مجتمع آموزش عالی بم,کرمان,صرفا با سوابق تحصیلی,روزانه,مرد و زن,15,,,,,,124,اصلی,,,
16247,مترجمی زبان انگلیسی,مجتمع آموزش عالی بم,کرمان,صرفا با سوابق تحصیلی,روزانه,مرد و زن,40,,,,,,124,اصلی,,,
16235,علوم کامپیوتر,مجتمع آموزش عالی بم,کرمان,صرفا با سوابق تحصیلی,نوبت دوم,مرد و زن,5,,,,,,124,اصلی,,,
16236,علوم مهندسی,مجتمع آموزش عالی بم,کرمان,صرفا با سوابق تحصیلی,نوبت دوم,مرد و زن,3,,,,,,124,اصلی,,,
16237,مهندسی صنایع و سیستم‌ها,مجتمع آموزش عالی بم,کرمان,صرفا با سوابق تحصیلی,نوبت دوم,مرد و زن,15,,,,,,124,اصلی,,,
16238,مهندسی عمران,مجتمع آموزش عالی بم,کرمان,صرفا با سوابق تحصیلی,نوبت دوم,مرد و زن,15,,,,,,124,اصلی,,,
16239,مهندسی کامپیوتر,مجتمع آموزش عالی بم,کرمان,صرفا با سوابق تحصیلی,نوبت دوم,مرد و زن,15,,,,,,124,اصلی,,,
16240,مهندسی مکانیک,مجتمع آموزش عالی بم,کرمان,صرفا با سوابق تحصیلی,نوبت دوم,مرد و زن,15,,,,,,124,اصلی,,,
16244,گردشگری,مجتمع آموزش عالی بم,کرمان,صرفا با سوابق تحصیلی,نوبت دوم,مرد و زن,5,,,,,,124,اصلی,,,
16245,هتلداری,مجتمع آموزش عالی بم,کرمان,صرفا با سوابق تحصیلی,نوبت دوم,مرد و زن,5,,,,,,124,اصلی,,,
16246,کاردانی هتلداری,مجتمع آموزش عالی بم,کرمان,صرفا با سوابق تحصیلی,نوبت دوم,مرد و زن,5,,,,,,124,اصلی,,,
16248,مترجمی زبان انگلیسی,مجتمع آموزش عالی بم,کرمان,صرفا با سوابق تحصیلی,نوبت دوم,مرد و زن,15,,,,,,124,اصلی,,,
30999,مهندسی حرفه‌ای کامپیوتر,دانشگاه ملی مهارت - آموزشکده دختران کرمان (حضرت فاطمه (س)),کرمان,با آزمون,روزانه,زن,25,,,,,,124,اصلی,,,
31000,مهندسی حرفه‌ای کامپیوتر,دانشگاه ملی مهارت - آموزشکده دختران کرمان (حضرت فاطمه (س)),کرمان,با آزمون,روزانه,زن,,25,,,,,124,اصلی,,,
16414,مهندسی حرفه‌ای معماری,دانشگاه ملی مهارت - آموزشکده دختران کرمان (حضرت فاطمه (س)),کرمان,صرفا با سوابق تحصیلی,روزانه,زن,25,,,,,,124,اصلی,,,
16415,مهندسی حرفه‌ای معماری,دانشگاه ملی مهارت - آموزشکده دختران کرمان (حضرت فاطمه (س)),کرمان,صرفا با سوابق تحصیلی,روزانه,زن,,25,,,,,124,اصلی,,,
16416,مهندسی حرفه‌ای کامپیوتر,دانشگاه ملی مهارت - آموزشکده دختران کرمان (حضرت فاطمه (س)),کرمان,صرفا با سوابق تحصیلی,نوبت دوم,زن,5,,,,,,124,اصلی,,,
16417,مهندسی حرفه‌ای کامپیوتر,دانشگاه ملی مهارت - آموزشکده دختران کرمان (حضرت فاطمه (س)),کرمان,صرفا با سوابق تحصیلی,نوبت دوم,زن,,5,,,,,124,اصلی,,,
16418,مهندسی حرفه‌ای معماری,دانشگاه ملی مهارت - آموزشکده دختران کرمان (حضرت فاطمه (س)),کرمان,صرفا با سوابق تحصیلی,نوبت دوم,زن,5,,,,,,124,اصلی,,,
16419,مهندسی حرفه‌ای معماری,دانشگاه ملی مهارت - آموزشکده دختران کرمان (حضرت فاطمه (س)),کرمان,صرفا با سوابق تحصیلی,نوبت دوم,زن,,5,,,,,124,اصلی,,,
36354,اقتصاد,دانشگاه شهید باهنر کرمان (محل تحصیل مجتمع آموزش عالی بافت),کرمان,با آزمون,روزانه,مرد و زن,16,,,,ممنوعیت تغییر رشته و انتقال و مهمانی به پردیس اصلی در شهر کرمان در هر شرایطی - فاقد خوابگاه,,125,اصلی,,,
36355,حسابداری,دانشگاه شهید باهنر کرمان (محل تحصیل مجتمع آموزش عالی بافت),کرمان,با آزمون,روزانه,مرد و زن,4,,,,ممنوعیت تغییر رشته و انتقال و مهمانی به پردیس اصلی در شهر کرمان در هر شرایطی - فاقد خوابگاه,,125,اصلی,,,
36356,مدیریت بازرگانی,دانشگاه شهید باهنر کرمان (محل تحصیل مجتمع آموزش عالی بافت),کرمان,با آزمون,روزانه,مرد و زن,4,,,,ممنوعیت تغییر رشته و انتقال و مهمانی به پردیس اصلی در شهر کرمان در هر شرایطی - فاقد خوابگاه,,125,اصلی,,,
36367,حسابداری,دانشگاه ملی مهارت - دانشکده پسران کرمان (شهید چمران),کرمان,با آزمون,روزانه,مرد,3,,,,,,125,اصلی,,,
36368,حسابداری,دانشگاه ملی مهارت - دانشکده پسران کرمان (شهید چمران),کرمان,با آزمون,روزانه,مرد,,3,,,,,125,اصلی,,,
16420,مهندسی حرفه‌ای معماری,دانشگاه ملی مهارت - دانشکده پسران کرمان (شهید چمران),کرمان,صرفا با سوابق تحصیلی,روزانه,مرد,30,,,,,,125,اصلی,,,
16421,مهندسی حرفه‌ای معماری,دانشگاه ملی مهارت - دانشکده پسران کرمان (شهید چمران),کرمان,صرفا با سوابق تحصیلی,روزانه,مرد,,30,,,,,125,اصلی,,,
16190,مهندسی معدن,دانشگاه شهید باهنر کرمان (محل تحصیل مجتمع آموزش عالی معدن زرند),کرمان,صرفا با سوابق تحصیلی,روزانه,مرد و زن,40,,,,تغییر رشته، انتقال و مهمانی به پردیس شهر کرمان تحت هیچ شرایطی امکان پذیر نمی‌باشد. - دارای خوابگاه ملکی,,125,اصلی,,,
16191,کاردانی معماری,دانشگاه شهید باهنر کرمان (محل تحصیل مجتمع آموزش عالی معدن زرند),کرمان,صرفا با سوابق تحصیلی,روزانه,مرد و زن,30,,,,تغییر رشته، انتقال و مهمانی به پردیس شهر کرمان تحت هیچ شرایطی امکان پذیر نمی‌باشد. - دارای خوابگاه ملکی,,125,اصلی,,,
16192,مهندسی معدن,دانشگاه شهید باهنر کرمان (محل تحصیل مجتمع آموزش عالی معدن زرند),کرمان,صرفا با سوابق تحصیلی,نوبت دوم,مرد و زن,8,,,,تغییر رشته، انتقال و مهمانی به پردیس شهر کرمان تحت هیچ شرایطی امکان پذیر نمی‌باشد. - دارای خوابگاه ملکی,,125,اصلی,,,
16193,کاردانی معماری,دانشگاه شهید باهنر کرمان (محل تحصیل مجتمع آموزش عالی معدن زرند),کرمان,صرفا با سوابق تحصیلی,نوبت دوم,مرد و زن,6,,,,تغییر رشته، انتقال و مهمانی به پردیس شهر کرمان تحت هیچ شرایطی امکان پذیر نمی‌باشد. - دارای خوابگاه ملکی,,125,اصلی,,,
16413,گرافیک,دانشگاه ملی مهارت - آموزشکده دختران سیرجان,کرمان,صرفا با سوابق تحصیلی,روزانه,زن,,30,,,,,125,اصلی,,,
31001,علوم کامپیوتر,دانشگاه رازی - کرمانشاه,کرمانشاه,با آزمون,روزانه,مرد و زن,55,,,,,,125,اصلی,,,
31002,مهندسی برق,دانشگاه رازی - کرمانشاه,کرمانشاه,با آزمون,روزانه,مرد و زن,60,,,,,,125,اصلی,,,
31003,مهندسی برق,دانشگاه رازی - کرمانشاه,کرمانشاه,با آزمون,روزانه,مرد,2,,,,دارای مصاحبه - بورس شرکت کشت و صنعت روژینتاک - شرایط در دفترچه «پیوست‌ها»,,125,اصلی,,,
31004,مهندسی شهرسازی,دانشگاه رازی - کرمانشاه,کرمانشاه,با آزمون,روزانه,مرد و زن,30,,,,,,125,اصلی,,,
31005,مهندسی شیمی,دانشگاه رازی - کرمانشاه,کرمانشاه,با آزمون,روزانه,مرد و زن,35,,,,,,125,اصلی,,,
31006,مهندسی عمران,دانشگاه رازی - کرمانشاه,کرمانشاه,با آزمون,روزانه,مرد و زن,50,,,,,,125,اصلی,,,
31007,مهندسی کامپیوتر,دانشگاه رازی - کرمانشاه,کرمانشاه,با آزمون,روزانه,مرد و زن,50,,,,,,125,اصلی,,,
31008,مهندسی معماری,دانشگاه رازی - کرمانشاه,کرمانشاه,با آزمون,روزانه,مرد و زن,30,,,,,,125,اصلی,,,
31009,مهندسی مکانیک,دانشگاه رازی - کرمانشاه,کرمانشاه,با آزمون,روزانه,مرد و زن,65,,,,,,125,اصلی,,,
31010,مهندسی مکانیک,دانشگاه رازی - کرمانشاه,کرمانشاه,با آزمون,روزانه,مرد,2,,,,دارای مصاحبه - بورس شرکت کشت و صنعت روژینتاک - شرایط در دفترچه «پیوست‌ها»,,125,اصلی,,,
31011,مهندسی نفت و زمین‌انرژی,دانشگاه رازی - کرمانشاه,کرمانشاه,با آزمون,روزانه,مرد و زن,35,,,,,,125,اصلی,,,
31012,مهندسی و علم مواد,دانشگاه رازی - کرمانشاه,کرمانشاه,با آزمون,روزانه,مرد و زن,45,,,,,,125,اصلی,,,
36369,اقتصاد,دانشگاه رازی - کرمانشاه,کرمانشاه,با آزمون,روزانه,مرد و زن,34,,,,,,125,اصلی,,,
36370,تاریخ اسلام,دانشگاه رازی - کرمانشاه,کرمانشاه,با آزمون,روزانه,مرد و زن,4,,,,,,126,اصلی,,,
36371,حسابداری,دانشگاه رازی - کرمانشاه,کرمانشاه,با آزمون,روزانه,مرد و زن,6,,,,,,126,اصلی,,,
36372,روانشناسی,دانشگاه رازی - کرمانشاه,کرمانشاه,با آزمون,روزانه,مرد و زن,6,,,,,,126,اصلی,,,
36373,شیمی کاربردی,دانشگاه رازی - کرمانشاه,کرمانشاه,با آزمون,روزانه,مرد و زن,9,,,,,,126,اصلی,,,
36375,شیمی محض,دانشگاه رازی - کرمانشاه,کرمانشاه,با آزمون,روزانه,مرد و زن,9,,,,,,126,اصلی,,,
36376,علوم ورزشی,دانشگاه رازی - کرمانشاه,کرمانشاه,با آزمون,روزانه,مرد و زن,6,,,,,,126,اصلی,,,
16500,آمار,دانشگاه رازی - کرمانشاه,کرمانشاه,صرفا با سوابق تحصیلی,روزانه,مرد و زن,50,,,,,,126,اصلی,,,
16501,ریاضیات و کاربردها,دانشگاه رازی - کرمانشاه,کرمانشاه,صرفا با سوابق تحصیلی,روزانه,مرد و زن,50,,,,,,126,اصلی,,,
16502,علوم و مهندسی آب,دانشگاه رازی - کرمانشاه,کرمانشاه,صرفا با سوابق تحصیلی,روزانه,مرد و زن,20,,,,,,126,اصلی,,,
16503,فیزیک,دانشگاه رازی - کرمانشاه,کرمانشاه,صرفا با سوابق تحصیلی,روزانه,مرد و زن,80,,,,,,126,اصلی,,,
16504,مهندسی پلیمر,دانشگاه رازی - کرمانشاه,کرمانشاه,صرفا با سوابق تحصیلی,روزانه,زن,1,,,,دارای مصاحبه - بورس شرکت کشت و صنعت روژینتاک - شرایط در دفترچه «پیوست‌ها»,,126,اصلی,,,
16505,مهندسی پلیمر,دانشگاه رازی - کرمانشاه,کرمانشاه,صرفا با سوابق تحصیلی,روزانه,مرد و زن,35,,,,,,126,اصلی,,,
16506,مهندسی مکانیک بیوسیستم (این رشته متعلق به گروه کشاورزی است),دانشگاه رازی - کرمانشاه,کرمانشاه,صرفا با سوابق تحصیلی,روزانه,مرد و زن,20,,,,,,126,اصلی,,,
16507,مهندسی نساجی,دانشگاه رازی - کرمانشاه,کرمانشاه,صرفا با سوابق تحصیلی,روزانه,مرد و زن,45,,,,,,126,اصلی,,,
16510,زیست‌شناسی جانوری,دانشگاه رازی - کرمانشاه,کرمانشاه,صرفا با سوابق تحصیلی,روزانه,مرد و زن,35,,,,,,126,اصلی,,,
16511,زیست‌شناسی گیاهی,دانشگاه رازی - کرمانشاه,کرمانشاه,صرفا با سوابق تحصیلی,روزانه,مرد و زن,35,,,,,,126,اصلی,,,
16512,علوم آزمایشگاهی دامپزشکی,دانشگاه رازی - کرمانشاه,کرمانشاه,صرفا با سوابق تحصیلی,روزانه,مرد و زن,30,,,,,,126,اصلی,,,
16513,علوم و مهندسی باغبانی,دانشگاه رازی - کرمانشاه,کرمانشاه,صرفا با سوابق تحصیلی,روزانه,مرد و زن,20,,,,,,126,اصلی,,,
16514,علوم و مهندسی جنگل,دانشگاه رازی - کرمانشاه,کرمانشاه,صرفا با سوابق تحصیلی,روزانه,مرد و زن,20,,,,,,126,اصلی,,,
16515,علوم و مهندسی خاک,دانشگاه رازی - کرمانشاه,کرمانشاه,صرفا با سوابق تحصیلی,روزانه,مرد و زن,20,,,,,,126,اصلی,,,
16516,مهندسی ترویج و آموزش کشاورزی پایدار,دانشگاه رازی - کرمانشاه,کرمانشاه,صرفا با سوابق تحصیلی,روزانه,مرد و زن,20,,,,,,126,اصلی,,,
16517,مهندسی تولید و ژنتیک گیاهی,دانشگاه رازی - کرمانشاه,کرمانشاه,صرفا با سوابق تحصیلی,روزانه,مرد و زن,20,,,,,,126,اصلی,,,
16518,مهندسی طبیعت,دانشگاه رازی - کرمانشاه,کرمانشاه,صرفا با سوابق تحصیلی,روزانه,مرد و زن,20,,,,,,126,اصلی,,,
16519,مهندسی علوم دامی,دانشگاه رازی - کرمانشاه,کرمانشاه,صرفا با سوابق تحصیلی,روزانه,مرد و زن,20,,,,,,126,اصلی,,,
16520,مهندسی گیاهپزشکی,دانشگاه رازی - کرمانشاه,کرمانشاه,صرفا با سوابق تحصیلی,روزانه,مرد و زن,20,,,,,,126,اصلی,,,
16530,علم اطلاعات و دانش‌شناسی,دانشگاه رازی - کرمانشاه,کرمانشاه,صرفا با سوابق تحصیلی,روزانه,مرد و زن,40,,,,,,126,اصلی,,,
16531,علوم قرآن و حدیث,دانشگاه رازی - کرمانشاه,کرمانشاه,صرفا با سوابق تحصیلی,روزانه,مرد و زن,30,,,,,,126,اصلی,,,
16508,علوم و مهندسی آب,دانشگاه رازی - کرمانشاه,کرمانشاه,صرفا با سوابق تحصیلی,نوبت دوم,مرد و زن,15,,,,,,126,اصلی,,,
16509,مهندسی مکانیک بیوسیستم (این رشته متعلق به گروه کشاورزی است),دانشگاه رازی - کرمانشاه,کرمانشاه,صرفا با سوابق تحصیلی,نوبت دوم,مرد و زن,15,,,,,,126,اصلی,,,
16521,علوم آزمایشگاهی دامپزشکی,دانشگاه رازی - کرمانشاه,کرمانشاه,صرفا با سوابق تحصیلی,نوبت دوم,مرد و زن,10,,,,,,126,اصلی,,,
16522,علوم و مهندسی باغبانی,دانشگاه رازی - کرمانشاه,کرمانشاه,صرفا با سوابق تحصیلی,نوبت دوم,مرد و زن,15,,,,,,126,اصلی,,,
16523,علوم و مهندسی جنگل,دانشگاه رازی - کرمانشاه,کرمانشاه,صرفا با سوابق تحصیلی,نوبت دوم,مرد و زن,15,,,,,,126,اصلی,,,
16524,علوم و مهندسی خاک,دانشگاه رازی - کرمانشاه,کرمانشاه,صرفا با سوابق تحصیلی,نوبت دوم,مرد و زن,15,,,,,,126,اصلی,,,
16525,مهندسی ترویج و آموزش کشاورزی پایدار,دانشگاه رازی - کرمانشاه,کرمانشاه,صرفا با سوابق تحصیلی,نوبت دوم,مرد و زن,15,,,,,,126,اصلی,,,
16526,مهندسی تولید و ژنتیک گیاهی,دانشگاه رازی - کرمانشاه,کرمانشاه,صرفا با سوابق تحصیلی,نوبت دوم,مرد و زن,15,,,,,,126,اصلی,,,
16527,مهندسی طبیعت,دانشگاه رازی - کرمانشاه,کرمانشاه,صرفا با سوابق تحصیلی,نوبت دوم,مرد و زن,15,,,,,,126,اصلی,,,
16528,مهندسی علوم دامی,دانشگاه رازی - کرمانشاه,کرمانشاه,صرفا با سوابق تحصیلی,نوبت دوم,مرد و زن,15,,,,,,126,اصلی,,,
16529,مهندسی گیاهپزشکی,دانشگاه رازی - کرمانشاه,کرمانشاه,صرفا با سوابق تحصیلی,نوبت دوم,مرد و زن,15,,,,,,126,اصلی,,,
16532,علوم ورزشی,دانشگاه رازی - کرمانشاه,کرمانشاه,صرفا با سوابق تحصیلی,نوبت دوم,مرد و زن,20,,,,,,126,اصلی,,,
31013,علوم کامپیوتر,دانشگاه صنعتی کرمانشاه,کرمانشاه,با آزمون,روزانه,مرد و زن,18,,,,فاقد خوابگاه,,126,اصلی,,,
31014,مهندسی برق,دانشگاه صنعتی کرمانشاه,کرمانشاه,با آزمون,روزانه,مرد و زن,55,,,,فاقد خوابگاه,,126,اصلی,,,
31015,مهندسی پزشکی,دانشگاه صنعتی کرمانشاه,کرمانشاه,با آزمون,روزانه,مرد و زن,34,,,,فاقد خوابگاه,,126,اصلی,,,
31016,مهندسی شیمی,دانشگاه صنعتی کرمانشاه,کرمانشاه,با آزمون,روزانه,مرد و زن,33,,,,فاقد خوابگاه,,127,اصلی,,,
31017,مهندسی صنایع و سیستم‌ها,دانشگاه صنعتی کرمانشاه,کرمانشاه,با آزمون,روزانه,مرد و زن,30,,,,فاقد خوابگاه,,127,اصلی,,,
31018,مهندسی عمران,دانشگاه صنعتی کرمانشاه,کرمانشاه,با آزمون,روزانه,مرد و زن,30,,,,فاقد خوابگاه,,127,اصلی,,,
31019,مهندسی کامپیوتر,دانشگاه صنعتی کرمانشاه,کرمانشاه,با آزمون,روزانه,مرد و زن,42,,,,فاقد خوابگاه,,127,اصلی,,,
31020,مهندسی مکانیک,دانشگاه صنعتی کرمانشاه,کرمانشاه,با آزمون,روزانه,مرد و زن,30,,,,فاقد خوابگاه,,127,اصلی,,,
31021,مهندسی هوافضا,دانشگاه صنعتی کرمانشاه,کرمانشاه,با آزمون,روزانه,مرد و زن,24,,,,فاقد خوابگاه,,127,اصلی,,,
16543,فیزیک مهندسی,دانشگاه صنعتی کرمانشاه,کرمانشاه,صرفا با سوابق تحصیلی,روزانه,مرد و زن,16,,,,فاقد خوابگاه,,127,اصلی,,,
16544,مهندسی اپتیک و لیزر,دانشگاه صنعتی کرمانشاه,کرمانشاه,صرفا با سوابق تحصیلی,روزانه,مرد و زن,20,,,,فاقد خوابگاه,,127,اصلی,,,
16545,مهندسی حمل و نقل ریلی,دانشگاه صنعتی کرمانشاه,کرمانشاه,صرفا با سوابق تحصیلی,روزانه,مرد و زن,16,,,,فاقد خوابگاه,,127,اصلی,,,
31022,مهندسی حرفه‌ای کامپیوتر,دانشگاه ملی مهارت - آموزشکده پسران کرمانشاه,کرمانشاه,با آزمون,روزانه,مرد,30,,,,,,127,اصلی,,,
36380,حسابداری,دانشگاه ملی مهارت - آموزشکده پسران کرمانشاه,کرمانشاه,با آزمون,روزانه,مرد,3,,,,,,127,اصلی,,,
36381,حسابداری,دانشگاه ملی مهارت - آموزشکده پسران کرمانشاه,کرمانشاه,با آزمون,روزانه,مرد,,3,,,,,127,اصلی,,,
16719,مهندسی حرفه‌ای کامپیوتر,دانشگاه ملی مهارت - آموزشکده پسران کرمانشاه,کرمانشاه,صرفا با سوابق تحصیلی,روزانه,مرد,,30,,,,,127,اصلی,,,
16720,مهندسی حرفه‌ای معماری,دانشگاه ملی مهارت - آموزشکده پسران کرمانشاه,کرمانشاه,صرفا با سوابق تحصیلی,روزانه,مرد,30,,,,,,127,اصلی,,,
16721,مهندسی حرفه‌ای معماری,دانشگاه ملی مهارت - آموزشکده پسران کرمانشاه,کرمانشاه,صرفا با سوابق تحصیلی,روزانه,مرد,,30,,,,,127,اصلی,,,
16722,گرافیک,دانشگاه ملی مهارت - آموزشکده پسران کرمانشاه,کرمانشاه,صرفا با سوابق تحصیلی,روزانه,مرد,30,,,,,,127,اصلی,,,
16723,گرافیک,دانشگاه ملی مهارت - آموزشکده پسران کرمانشاه,کرمانشاه,صرفا با سوابق تحصیلی,روزانه,مرد,,30,,,,,127,اصلی,,,
36377,حسابداری,دانشگاه رازی (محل تحصیل دانشکده مدیریت و حسابداری جوانرود),کرمانشاه,با آزمون,روزانه,مرد و زن,4,,,,ممنوعیت نقل و انتقال (مهمانی و انتقال دائم) به دانشگاه دیگر یا دانشکده‌های دانشگاه رازی,,127,اصلی,,,
36378,مدیریت بازرگانی,دانشگاه رازی (محل تحصیل دانشکده مدیریت و حسابداری جوانرود),کرمانشاه,با آزمون,روزانه,مرد و زن,4,,,,ممنوعیت نقل و انتقال (مهمانی و انتقال دائم) به دانشگاه دیگر یادانشکده‌های دانشگاه رازی,,127,اصلی,,,
36379,مدیریت مالی,دانشگاه رازی (محل تحصیل دانشکده مدیریت و حسابداری جوانرود),کرمانشاه,با آزمون,روزانه,مرد و زن,4,,,,ممنوعیت نقل و انتقال (مهمانی و انتقال دائم) به دانشگاه دیگر یا دانشکده‌های دانشگاه رازی,,127,اصلی,,,
16533,مهندسی ماشین‌های صنایع غذایی,دانشگاه رازی (محل تحصیل دانشکده کشاورزی سنقر),کرمانشاه,صرفا با سوابق تحصیلی,روزانه,مرد و زن,20,,,,ممنوعیت نقل و انتقال (مهمانی و انتقال دائم) به دانشگاه دیگر یا دانشکده‌های دانشگاه رازی,,127,اصلی,,,
16534,مهندسی ماشین‌های صنایع غذایی,دانشگاه رازی (محل تحصیل دانشکده کشاورزی سنقر),کرمانشاه,صرفا با سوابق تحصیلی,روزانه,مرد,1,,,,دارای مصاحبه - بورس شرکت کشت و صنعت روژینتاک - شرایط در دفترچه «پیوست‌ها» - ممنوعیت نقل و انتقال (مهمانی و انتقال دائم) به دانشگاه دیگر یا دانشکده‌های دانشگاه رازی,,127,اصلی,,,
16535,مهندسی مکانیزاسیون کشاورزی,دانشگاه رازی (محل تحصیل دانشکده کشاورزی سنقر),کرمانشاه,صرفا با سوابق تحصیلی,روزانه,مرد و زن,20,,,,ممنوعیت نقل و انتقال (مهمانی و انتقال دائم) به دانشگاه دیگر یا دانشکده‌های دانشگاه رازی,,127,اصلی,,,
16536,مهندسی مکانیک بیوسیستم (این رشته متعلق به گروه کشاورزی است),دانشگاه رازی (محل تحصیل دانشکده کشاورزی سنقر),کرمانشاه,صرفا با سوابق تحصیلی,روزانه,مرد و زن,20,,,,ممنوعیت نقل و انتقال (مهمانی و انتقال دائم) به دانشگاه دیگر یا دانشکده‌های دانشگاه رازی,,127,اصلی,,,
16537,مهندسی ماشین‌های صنایع غذایی,دانشگاه رازی (محل تحصیل دانشکده کشاورزی سنقر),کرمانشاه,صرفا با سوابق تحصیلی,نوبت دوم,مرد و زن,10,,,,ممنوعیت نقل و انتقال (مهمانی و انتقال دائم) به دانشگاه دیگر یا دانشکده‌های دانشگاه رازی,,127,اصلی,,,
16538,مهندسی مکانیزاسیون کشاورزی,دانشگاه رازی (محل تحصیل دانشکده کشاورزی سنقر),کرمانشاه,صرفا با سوابق تحصیلی,نوبت دوم,مرد و زن,10,,,,ممنوعیت نقل و انتقال (مهمانی و انتقال دائم) به دانشگاه دیگر یا دانشکده‌های دانشگاه رازی,,128,اصلی,,,
16539,مهندسی مکانیک بیوسیستم (این رشته متعلق به گروه کشاورزی است),دانشگاه رازی (محل تحصیل دانشکده کشاورزی سنقر),کرمانشاه,صرفا با سوابق تحصیلی,نوبت دوم,مرد و زن,10,,,,ممنوعیت نقل و انتقال (مهمانی و انتقال دائم) به دانشگاه دیگر یا دانشکده‌های دانشگاه رازی,,128,اصلی,,,
16540,مهندسی صنایع و سیستم‌ها,دانشگاه رازی (محل تحصیل دانشکده فنی اسلام‌آباد غرب),کرمانشاه,صرفا با سوابق تحصیلی,روزانه,مرد و زن,30,,,,ممنوعیت نقل و انتقال (مهمانی و انتقال دائم) به دانشگاه دیگر یا دانشکده‌های دانشگاه رازی - فاقد خوابگاه دخترانه,,128,اصلی,,,
16541,مهندسی عمران,دانشگاه رازی (محل تحصیل دانشکده فنی اسلام‌آباد غرب),کرمانشاه,صرفا با سوابق تحصیلی,روزانه,مرد و زن,30,,,,ممنوعیت نقل و انتقال (مهمانی و انتقال دائم) به دانشگاه دیگر یا دانشکده‌های دانشگاه رازی - فاقد خوابگاه دخترانه,,128,اصلی,,,
16542,مهندسی کامپیوتر,دانشگاه رازی (محل تحصیل دانشکده فنی اسلام‌آباد غرب),کرمانشاه,صرفا با سوابق تحصیلی,روزانه,مرد و زن,30,,,,ممنوعیت نقل و انتقال (مهمانی و انتقال دائم) به دانشگاه دیگر یا دانشکده‌های دانشگاه رازی - فاقد خوابگاه دخترانه,,128,اصلی,,,
16546,علوم قرآن و حدیث,دانشگاه علوم و معارف قرآن کریم - وابسته به سازمان اوقاف و امور خیریه (محل تحصیل دانشکده علوم قرآنی کرمانشاه),کرمانشاه,صرفا با سوابق تحصیلی,روزانه,مرد و زن,40,,25,15,دارای خوابگاه ملکی,,128,اصلی,,,
16724,طراحی لباس,دانشگاه ملی مهارت - آموزشکده دختران کرمانشاه,کرمانشاه,صرفا با سوابق تحصیلی,روزانه,زن,,30,,,,,128,اصلی,,,
31023,مهندسی برق,دانشگاه یاسوج,کهگیلویه و بویراحمد,با آزمون,روزانه,مرد و زن,45,,,,,,128,اصلی,,,
31024,مهندسی شیمی,دانشگاه یاسوج,کهگیلویه و بویراحمد,با آزمون,روزانه,مرد و زن,40,,,,,,128,اصلی,,,
31025,مهندسی عمران,دانشگاه یاسوج,کهگیلویه و بویراحمد,با آزمون,روزانه,مرد و زن,45,,,,,,128,اصلی,,,
31026,مهندسی کامپیوتر,دانشگاه یاسوج,کهگیلویه و بویراحمد,با آزمون,روزانه,مرد و زن,35,,,,,,128,اصلی,,,
31027,مهندسی معماری,دانشگاه یاسوج,کهگیلویه و بویراحمد,با آزمون,روزانه,مرد و زن,25,,,,,,128,اصلی,,,
31028,مهندسی مکانیک,دانشگاه یاسوج,کهگیلویه و بویراحمد,با آزمون,روزانه,مرد و زن,45,,,,,,128,اصلی,,,
31029,مهندسی نقشه‌برداری,دانشگاه یاسوج,کهگیلویه و بویراحمد,با آزمون,روزانه,مرد و زن,25,,,,,,128,اصلی,,,
31030,مهندسی و علم مواد,دانشگاه یاسوج,کهگیلویه و بویراحمد,با آزمون,روزانه,مرد و زن,35,,,,,,128,اصلی,,,
36382,اقتصاد,دانشگاه یاسوج,کهگیلویه و بویراحمد,با آزمون,روزانه,مرد و زن,12,,,,,,128,اصلی,,,
36383,روانشناسی,دانشگاه یاسوج,کهگیلویه و بویراحمد,با آزمون,روزانه,مرد و زن,3,,,,,,128,اصلی,,,
36384,علوم ورزشی,دانشگاه یاسوج,کهگیلویه و بویراحمد,با آزمون,روزانه,زن,1,,,,,,128,اصلی,,,
36385,علوم ورزشی,دانشگاه یاسوج,کهگیلویه و بویراحمد,با آزمون,روزانه,مرد,1,,,,,,128,اصلی,,,
36386,مدیریت بازرگانی,دانشگاه یاسوج,کهگیلویه و بویراحمد,با آزمون,روزانه,مرد و زن,3,,,,,,128,اصلی,,,
16761,آمار,دانشگاه یاسوج,کهگیلویه و بویراحمد,صرفا با سوابق تحصیلی,روزانه,مرد و زن,25,,,,,,128,اصلی,,,
16762,ریاضیات و کاربردها,دانشگاه یاسوج,کهگیلویه و بویراحمد,صرفا با سوابق تحصیلی,روزانه,مرد و زن,35,,,,,,128,اصلی,,,
16763,فیزیک,دانشگاه یاسوج,کهگیلویه و بویراحمد,صرفا با سوابق تحصیلی,روزانه,مرد و زن,35,,,,,,128,اصلی,,,
16764,زیست‌شناسی گیاهی,دانشگاه یاسوج,کهگیلویه و بویراحمد,صرفا با سوابق تحصیلی,روزانه,مرد و زن,30,,,,,,128,اصلی,,,
16765,شیمی محض,دانشگاه یاسوج,کهگیلویه و بویراحمد,صرفا با سوابق تحصیلی,روزانه,مرد و زن,30,,,,,,128,اصلی,,,
16766,علوم و مهندسی جنگل,دانشگاه یاسوج,کهگیلویه و بویراحمد,صرفا با سوابق تحصیلی,روزانه,مرد و زن,18,,,,,,128,اصلی,,,
16767,علوم و مهندسی خاک,دانشگاه یاسوج,کهگیلویه و بویراحمد,صرفا با سوابق تحصیلی,روزانه,مرد و زن,18,,,,,,128,اصلی,,,
16768,علوم و مهندسی محیط‌زیست,دانشگاه یاسوج,کهگیلویه و بویراحمد,صرفا با سوابق تحصیلی,روزانه,مرد و زن,20,,,,,,128,اصلی,,,
16769,مهندسی تولید و ژنتیک گیاهی,دانشگاه یاسوج,کهگیلویه و بویراحمد,صرفا با سوابق تحصیلی,روزانه,مرد و زن,20,,,,,,129,اصلی,,,
16770,مهندسی طبیعت,دانشگاه یاسوج,کهگیلویه و بویراحمد,صرفا با سوابق تحصیلی,روزانه,مرد و زن,20,,,,,,129,اصلی,,,
16771,مهندسی علوم دامی,دانشگاه یاسوج,کهگیلویه و بویراحمد,صرفا با سوابق تحصیلی,روزانه,مرد و زن,20,,,,,,129,اصلی,,,
16772,مهندسی گیاهپزشکی,دانشگاه یاسوج,کهگیلویه و بویراحمد,صرفا با سوابق تحصیلی,روزانه,مرد و زن,20,,,,,,129,اصلی,,,
31031,مهندسی ایمنی و بازرسی فنی در صنایع نفت و گاز,دانشگاه یاسوج (محل تحصیل دانشکده نفت و گاز گچساران),کهگیلویه و بویراحمد,با آزمون,روزانه,مرد و زن,25,,,,,,129,اصلی,,,
31032,مهندسی پلیمر,دانشگاه یاسوج (محل تحصیل دانشکده نفت و گاز گچساران),کهگیلویه و بویراحمد,با آزمون,روزانه,مرد و زن,35,,,,,,129,اصلی,,,
16773,مهندسی انرژی,دانشگاه یاسوج (محل تحصیل دانشکده نفت و گاز گچساران),کهگیلویه و بویراحمد,صرفا با سوابق تحصیلی,روزانه,مرد و زن,35,,,,,,129,اصلی,,,
16774,شیمی کاربردی,دانشگاه یاسوج (محل تحصیل دانشکده نفت و گاز گچساران),کهگیلویه و بویراحمد,صرفا با سوابق تحصیلی,روزانه,مرد و زن,35,,,,,,129,اصلی,,,
36387,حسابداری,دانشگاه ملی مهارت - آموزشکده پسران یاسوج,کهگیلویه و بویراحمد,با آزمون,روزانه,مرد,2,,,,,,129,اصلی,,,
36388,حسابداری,دانشگاه ملی مهارت - آموزشکده پسران یاسوج,کهگیلویه و بویراحمد,با آزمون,روزانه,مرد,,2,,,,,129,اصلی,,,
36389,حسابداری,دانشگاه ملی مهارت - آموزشکده پسران یاسوج,کهگیلویه و بویراحمد,با آزمون,نوبت دوم,مرد,1,,,,,,129,اصلی,,,
36390,حسابداری,دانشگاه ملی مهارت - آموزشکده پسران یاسوج,کهگیلویه و بویراحمد,با آزمون,نوبت دوم,مرد,,1,,,,,129,اصلی,,,
16850,مهندسی حرفه‌ای معماری,دانشگاه ملی مهارت - آموزشکده پسران یاسوج,کهگیلویه و بویراحمد,صرفا با سوابق تحصیلی,روزانه,مرد,24,,,,,,129,اصلی,,,
16851,مهندسی حرفه‌ای معماری,دانشگاه ملی مهارت - آموزشکده پسران یاسوج,کهگیلویه و بویراحمد,صرفا با سوابق تحصیلی,روزانه,مرد,,24,,,,,129,اصلی,,,
16852,مهندسی حرفه‌ای معماری,دانشگاه ملی مهارت - آموزشکده پسران یاسوج,کهگیلویه و بویراحمد,صرفا با سوابق تحصیلی,نوبت دوم,مرد,6,,,,,,129,اصلی,,,
16853,مهندسی حرفه‌ای معماری,دانشگاه ملی مهارت - آموزشکده پسران یاسوج,کهگیلویه و بویراحمد,صرفا با سوابق تحصیلی,نوبت دوم,مرد,,6,,,,,129,اصلی,,,
36391,حسابداری,دانشگاه ملی مهارت - آموزشکده دختران یاسوج,کهگیلویه و بویراحمد,با آزمون,روزانه,زن,3,,,,,,129,اصلی,,,
36392,حسابداری,دانشگاه ملی مهارت - آموزشکده دختران یاسوج,کهگیلویه و بویراحمد,با آزمون,روزانه,زن,,3,,,,,129,اصلی,,,
31033,علوم کامپیوتر,دانشگاه گلستان - گرگان,گلستان,با آزمون,روزانه,مرد و زن,35,,,,فاقد خوابگاه,,129,اصلی,,,
31034,مهندسی برق,دانشگاه گلستان - گرگان,گلستان,با آزمون,روزانه,مرد و زن,30,,,,فاقد خوابگاه,,129,اصلی,,,
31035,مهندسی پلیمر,دانشگاه گلستان - گرگان,گلستان,با آزمون,روزانه,مرد و زن,25,,,,فاقد خوابگاه,,129,اصلی,,,
31036,مهندسی صنایع و سیستم‌ها,دانشگاه گلستان - گرگان,گلستان,با آزمون,روزانه,مرد و زن,20,,,,فاقد خوابگاه,,129,اصلی,,,
31037,مهندسی عمران,دانشگاه گلستان - گرگان,گلستان,با آزمون,روزانه,مرد و زن,28,,,,فاقد خوابگاه,,129,اصلی,,,
31038,مهندسی کامپیوتر,دانشگاه گلستان - گرگان,گلستان,با آزمون,روزانه,مرد و زن,24,,,,فاقد خوابگاه,,129,اصلی,,,
31039,مهندسی معماری,دانشگاه گلستان - گرگان,گلستان,با آزمون,روزانه,مرد و زن,24,,,,فاقد خوابگاه,,129,اصلی,,,
31040,مهندسی مکانیک,دانشگاه گلستان - گرگان,گلستان,با آزمون,روزانه,مرد و زن,24,,,,فاقد خوابگاه,,129,اصلی,,,
36393,اقتصاد,دانشگاه گلستان - گرگان,گلستان,با آزمون,روزانه,مرد و زن,12,,,,فاقد خوابگاه,,129,اصلی,,,
36394,روانشناسی,دانشگاه گلستان - گرگان,گلستان,با آزمون,روزانه,مرد و زن,3,,,,فاقد خوابگاه,,129,اصلی,,,
36395,شیمی کاربردی,دانشگاه گلستان - گرگان,گلستان,با آزمون,روزانه,مرد و زن,5,,,,فاقد خوابگاه,,129,اصلی,,,
36396,مدیریت بازرگانی,دانشگاه گلستان - گرگان,گلستان,با آزمون,روزانه,مرد و زن,3,,,,فاقد خوابگاه,,129,اصلی,,,
31041,علوم کامپیوتر,دانشگاه گلستان - گرگان,گلستان,با آزمون,نوبت دوم,مرد و زن,10,,,,فاقد خوابگاه,,129,اصلی,,,
31042,مهندسی برق,دانشگاه گلستان - گرگان,گلستان,با آزمون,نوبت دوم,مرد و زن,5,,,,فاقد خوابگاه,,129,اصلی,,,
31043,مهندسی پلیمر,دانشگاه گلستان - گرگان,گلستان,با آزمون,نوبت دوم,مرد و زن,5,,,,فاقد خوابگاه,,129,اصلی,,,
31044,مهندسی صنایع و سیستم‌ها,دانشگاه گلستان - گرگان,گلستان,با آزمون,نوبت دوم,مرد و زن,5,,,,فاقد خوابگاه,,129,اصلی,,,
31045,مهندسی عمران,دانشگاه گلستان - گرگان,گلستان,با آزمون,نوبت دوم,مرد و زن,5,,,,فاقد خوابگاه,,129,اصلی,,,
31046,مهندسی کامپیوتر,دانشگاه گلستان - گرگان,گلستان,با آزمون,نوبت دوم,مرد و زن,6,,,,فاقد خوابگاه,,129,اصلی,,,
31047,مهندسی معماری,دانشگاه گلستان - گرگان,گلستان,با آزمون,نوبت دوم,مرد و زن,4,,,,فاقد خوابگاه,,129,اصلی,,,
31048,مهندسی مکانیک,دانشگاه گلستان - گرگان,گلستان,با آزمون,نوبت دوم,مرد و زن,6,,,,فاقد خوابگاه,,129,اصلی,,,
36397,اقتصاد,دانشگاه گلستان - گرگان,گلستان,با آزمون,نوبت دوم,مرد و زن,2,,,,فاقد خوابگاه,,129,اصلی,,,
36398,روانشناسی,دانشگاه گلستان - گرگان,گلستان,با آزمون,نوبت دوم,مرد و زن,1,,,,فاقد خوابگاه,,129,اصلی,,,
36399,شیمی کاربردی,دانشگاه گلستان - گرگان,گلستان,با آزمون,نوبت دوم,مرد و زن,2,,,,فاقد خوابگاه,,129,اصلی,,,
36400,مدیریت بازرگانی,دانشگاه گلستان - گرگان,گلستان,با آزمون,نوبت دوم,مرد و زن,1,,,,فاقد خوابگاه,,130,اصلی,,,
16907,آمار,دانشگاه گلستان - گرگان,گلستان,صرفا با سوابق تحصیلی,روزانه,مرد و زن,35,,,,فاقد خوابگاه,,130,اصلی,,,
16908,ریاضیات و کاربردها,دانشگاه گلستان - گرگان,گلستان,صرفا با سوابق تحصیلی,روزانه,مرد و زن,30,,,,فاقد خوابگاه,,130,اصلی,,,
16909,فیزیک,دانشگاه گلستان - گرگان,گلستان,صرفا با سوابق تحصیلی,روزانه,مرد و زن,35,,,,فاقد خوابگاه,,130,اصلی,,,
16912,زمین‌شناسی,دانشگاه گلستان - گرگان,گلستان,صرفا با سوابق تحصیلی,روزانه,مرد و زن,20,,,,فاقد خوابگاه,,130,اصلی,,,
16913,زیست‌شناسی جانوری,دانشگاه گلستان - گرگان,گلستان,صرفا با سوابق تحصیلی,روزانه,مرد و زن,25,,,,فاقد خوابگاه,,130,اصلی,,,
16914,زیست‌شناسی گیاهی,دانشگاه گلستان - گرگان,گلستان,صرفا با سوابق تحصیلی,روزانه,مرد و زن,25,,,,فاقد خوابگاه,,130,اصلی,,,
16918,علوم ورزشی,دانشگاه گلستان - گرگان,گلستان,صرفا با سوابق تحصیلی,روزانه,مرد و زن,30,,15,15,فاقد خوابگاه,,130,اصلی,,,
16910,آمار,دانشگاه گلستان - گرگان,گلستان,صرفا با سوابق تحصیلی,نوبت دوم,مرد و زن,5,,,,فاقد خوابگاه,,130,اصلی,,,
16911,فیزیک,دانشگاه گلستان - گرگان,گلستان,صرفا با سوابق تحصیلی,نوبت دوم,مرد و زن,4,,,,فاقد خوابگاه,,130,اصلی,,,
16915,زمین‌شناسی,دانشگاه گلستان - گرگان,گلستان,صرفا با سوابق تحصیلی,نوبت دوم,مرد و زن,4,,,,فاقد خوابگاه,,130,اصلی,,,
16916,زیست‌شناسی جانوری,دانشگاه گلستان - گرگان,گلستان,صرفا با سوابق تحصیلی,نوبت دوم,مرد و زن,10,,,,فاقد خوابگاه,,130,اصلی,,,
16917,زیست‌شناسی گیاهی,دانشگاه گلستان - گرگان,گلستان,صرفا با سوابق تحصیلی,نوبت دوم,مرد و زن,10,,,,فاقد خوابگاه,,130,اصلی,,,
16919,علوم ورزشی,دانشگاه گلستان - گرگان,گلستان,صرفا با سوابق تحصیلی,نوبت دوم,مرد و زن,10,,5,5,فاقد خوابگاه,,130,اصلی,,,
31049,مهندسی عمران,دانشگاه گلستان (محل تحصیل دانشکده فنی و مهندسی علی‌آباد کتول),گلستان,با آزمون,روزانه,مرد و زن,30,,,,فاقد خوابگاه,,130,اصلی,,,
31050,مهندسی عمران,دانشگاه گلستان (محل تحصیل دانشکده فنی و مهندسی علی‌آباد کتول),گلستان,با آزمون,نوبت دوم,مرد و زن,5,,,,فاقد خوابگاه,,130,اصلی,,,
16920,مهندسی شیمی,دانشگاه گلستان (محل تحصیل دانشکده فنی و مهندسی علی‌آباد کتول),گلستان,صرفا با سوابق تحصیلی,روزانه,مرد و زن,30,,,,فاقد خوابگاه,,130,اصلی,,,
16921,مهندسی نقشه‌برداری,دانشگاه گلستان (محل تحصیل دانشکده فنی و مهندسی علی‌آباد کتول),گلستان,صرفا با سوابق تحصیلی,روزانه,مرد و زن,30,,,,فاقد خوابگاه,,130,اصلی,,,
16922,مهندسی شیمی,دانشگاه گلستان (محل تحصیل دانشکده فنی و مهندسی علی‌آباد کتول),گلستان,صرفا با سوابق تحصیلی,نوبت دوم,مرد و زن,5,,,,فاقد خوابگاه,,130,اصلی,,,
16923,مهندسی نقشه‌برداری,دانشگاه گلستان (محل تحصیل دانشکده فنی و مهندسی علی‌آباد کتول),گلستان,صرفا با سوابق تحصیلی,نوبت دوم,مرد و زن,5,,,,فاقد خوابگاه,,130,اصلی,,,
31051,مهندسی برق,دانشگاه گنبد,گلستان,با آزمون,روزانه,مرد و زن,30,,,,دارای خوابگاه ملکی,,130,اصلی,,,
31052,مهندسی عمران,دانشگاه گنبد,گلستان,با آزمون,روزانه,مرد و زن,30,,,,دارای خوابگاه ملکی,,130,اصلی,,,
31053,مهندسی کامپیوتر,دانشگاه گنبد,گلستان,با آزمون,روزانه,مرد و زن,30,,,,دارای خوابگاه ملکی,,130,اصلی,,,
36401,اقتصاد,دانشگاه گنبد,گلستان,با آزمون,روزانه,مرد و زن,8,,,,دارای خوابگاه ملکی,,130,اصلی,,,
36402,حسابداری,دانشگاه گنبد,گلستان,با آزمون,روزانه,مرد و زن,3,,,,دارای خوابگاه ملکی,,130,اصلی,,,
36403,روانشناسی,دانشگاه گنبد,گلستان,با آزمون,روزانه,مرد و زن,3,,,,دارای خوابگاه ملکی,,130,اصلی,,,
36404,کاردانی حسابداری,دانشگاه گنبد,گلستان,با آزمون,روزانه,مرد و زن,3,,,,دارای خوابگاه ملکی,,130,اصلی,,,
36405,مدیریت مالی,دانشگاه گنبد,گلستان,با آزمون,نوبت دوم,مرد و زن,1,,,,دارای خوابگاه ملکی,,130,اصلی,,,
16924,آمار,دانشگاه گنبد,گلستان,صرفا با سوابق تحصیلی,روزانه,مرد و زن,20,,,,دارای خوابگاه ملکی,,130,اصلی,,,
16925,ریاضیات و کاربردها,دانشگاه گنبد,گلستان,صرفا با سوابق تحصیلی,روزانه,مرد و زن,20,,,,دارای خوابگاه ملکی,,130,اصلی,,,
16926,علوم و مهندسی آب,دانشگاه گنبد,گلستان,صرفا با سوابق تحصیلی,روزانه,مرد و زن,18,,,,دارای خوابگاه ملکی,,130,اصلی,,,
16927,فیزیک,دانشگاه گنبد,گلستان,صرفا با سوابق تحصیلی,روزانه,مرد و زن,20,,,,دارای خوابگاه ملکی,,130,اصلی,,,
16928,زیست‌شناسی جانوری,دانشگاه گنبد,گلستان,صرفا با سوابق تحصیلی,روزانه,مرد و زن,16,,,,دارای خوابگاه ملکی,,130,اصلی,,,
16929,زیست‌شناسی دریا,دانشگاه گنبد,گلستان,صرفا با سوابق تحصیلی,روزانه,مرد و زن,13,,,,دارای خوابگاه ملکی,,130,اصلی,,,
16930,زیست‌شناسی گیاهی,دانشگاه گنبد,گلستان,صرفا با سوابق تحصیلی,روزانه,مرد و زن,16,,,,دارای خوابگاه ملکی,,130,اصلی,,,
16931,شیمی محض,دانشگاه گنبد,گلستان,صرفا با سوابق تحصیلی,روزانه,مرد و زن,18,,,,دارای خوابگاه ملکی,,130,اصلی,,,
16932,علوم و مهندسی شیلات,دانشگاه گنبد,گلستان,صرفا با سوابق تحصیلی,روزانه,مرد و زن,10,,,,دارای خوابگاه ملکی,,130,اصلی,,,
16933,مهندسی صنایع چوب و فرآورده‌های سلولزی,دانشگاه گنبد,گلستان,صرفا با سوابق تحصیلی,روزانه,مرد و زن,10,,,,دارای خوابگاه ملکی,,130,اصلی,,,
16934,مهندسی علوم دامی,دانشگاه گنبد,گلستان,صرفا با سوابق تحصیلی,روزانه,مرد و زن,15,,,,دارای خوابگاه ملکی,,130,اصلی,,,
16935,علوم قرآن و حدیث,دانشگاه گنبد,گلستان,صرفا با سوابق تحصیلی,روزانه,مرد و زن,20,,,,دارای خوابگاه ملکی,,130,اصلی,,,
16936,علوم ورزشی,دانشگاه گنبد,گلستان,صرفا با سوابق تحصیلی,روزانه,مرد و زن,28,,14,14,دارای خوابگاه ملکی,,130,اصلی,,,
16937,فلسفه و کلام اسلامی,دانشگاه گنبد,گلستان,صرفا با سوابق تحصیلی,روزانه,مرد و زن,15,,,,دارای خوابگاه ملکی,,130,اصلی,,,
16938,زبان روسی,دانشگاه گنبد,گلستان,صرفا با سوابق تحصیلی,روزانه,مرد و زن,20,,,,دارای خوابگاه ملکی,,130,اصلی,,,
16939,زبان و ادبیات انگلیسی,دانشگاه گنبد,گلستان,صرفا با سوابق تحصیلی,روزانه,مرد و زن,22,,,,دارای خوابگاه ملکی,,130,اصلی,,,
31054,مهندسی کامپیوتر,دانشگاه گنبد (محل تحصیل دانشکده فنی و مهندسی مینودشت),گلستان,با آزمون,روزانه,مرد و زن,20,,,,محدودیت در ارائه خوابگاه,,131,اصلی,,,
16940,کاردانی نقشه‌برداری - ژئودزی,دانشگاه گنبد (محل تحصیل دانشکده فنی و مهندسی مینودشت),گلستان,صرفا با سوابق تحصیلی,روزانه,مرد و زن,30,,,,محدودیت در ارائه خوابگاه,,131,اصلی,,,
31055,مهندسی حرفه‌ای کامپیوتر,دانشگاه ملی مهارت - آموزشکده پسران گرگان,گلستان,با آزمون,روزانه,مرد,30,,,,,,131,اصلی,,,
36407,حسابداری,دانشگاه ملی مهارت - آموزشکده پسران گرگان,گلستان,با آزمون,روزانه,مرد,3,,,,,,131,اصلی,,,
36408,حسابداری,دانشگاه ملی مهارت - آموزشکده پسران گرگان,گلستان,با آزمون,روزانه,مرد,,3,,,,,131,اصلی,,,
17039,مهندسی حرفه‌ای کامپیوتر,دانشگاه ملی مهارت - آموزشکده پسران گرگان,گلستان,صرفا با سوابق تحصیلی,روزانه,مرد,,30,,,,,131,اصلی,,,
17040,مهندسی حرفه‌ای معماری,دانشگاه ملی مهارت - آموزشکده پسران گرگان,گلستان,صرفا با سوابق تحصیلی,روزانه,مرد,30,,,,,,131,اصلی,,,
17041,مهندسی حرفه‌ای معماری,دانشگاه ملی مهارت - آموزشکده پسران گرگان,گلستان,صرفا با سوابق تحصیلی,روزانه,مرد,,30,,,,,131,اصلی,,,
31056,مهندسی حرفه‌ای کامپیوتر,دانشگاه ملی مهارت - آموزشکده دختران گرگان,گلستان,با آزمون,روزانه,زن,25,,,,,,131,اصلی,,,
36409,حسابداری,دانشگاه ملی مهارت - آموزشکده دختران گرگان,گلستان,با آزمون,روزانه,زن,3,,,,,,131,اصلی,,,
36410,حسابداری,دانشگاه ملی مهارت - آموزشکده دختران گرگان,گلستان,با آزمون,روزانه,زن,,3,,,,,131,اصلی,,,
36411,حسابداری,دانشگاه ملی مهارت - آموزشکده دختران گرگان,گلستان,با آزمون,نوبت دوم,زن,1,,,,,,131,اصلی,,,
36412,حسابداری,دانشگاه ملی مهارت - آموزشکده دختران گرگان,گلستان,با آزمون,نوبت دوم,زن,,1,,,,,131,اصلی,,,
17042,مهندسی حرفه‌ای کامپیوتر,دانشگاه ملی مهارت - آموزشکده دختران گرگان,گلستان,صرفا با سوابق تحصیلی,روزانه,زن,,25,,,,,131,اصلی,,,
17043,مهندسی حرفه‌ای معماری,دانشگاه ملی مهارت - آموزشکده دختران گرگان,گلستان,صرفا با سوابق تحصیلی,روزانه,زن,25,,,,,,131,اصلی,,,
17044,مهندسی حرفه‌ای معماری,دانشگاه ملی مهارت - آموزشکده دختران گرگان,گلستان,صرفا با سوابق تحصیلی,روزانه,زن,,25,,,,,131,اصلی,,,
17045,مهندسی حرفه‌ای کامپیوتر,دانشگاه ملی مهارت - آموزشکده دختران گرگان,گلستان,صرفا با سوابق تحصیلی,نوبت دوم,زن,5,,,,,,131,اصلی,,,
17046,مهندسی حرفه‌ای کامپیوتر,دانشگاه ملی مهارت - آموزشکده دختران گرگان,گلستان,صرفا با سوابق تحصیلی,نوبت دوم,زن,,5,,,,,131,اصلی,,,
17047,مهندسی حرفه‌ای معماری,دانشگاه ملی مهارت - آموزشکده دختران گرگان,گلستان,صرفا با سوابق تحصیلی,نوبت دوم,زن,5,,,,,,131,اصلی,,,
17048,مهندسی حرفه‌ای معماری,دانشگاه ملی مهارت - آموزشکده دختران گرگان,گلستان,صرفا با سوابق تحصیلی,نوبت دوم,زن,,5,,,,,131,اصلی,,,
17049,طراحی لباس,دانشگاه ملی مهارت - آموزشکده دختران گرگان,گلستان,صرفا با سوابق تحصیلی,نوبت دوم,زن,,5,,,,,131,اصلی,,,
36406,مدیریت مالی,دانشگاه گنبد (محل تحصیل دانشکده علوم انسانی آزادشهر (ویژه دختران)),گلستان,با آزمون,روزانه,زن,2,,,,محدودیت در ارائه خوابگاه,,131,اصلی,,,
16941,مدیریت بازرگانی,دانشگاه گنبد (محل تحصیل دانشکده علوم انسانی آزادشهر (ویژه دختران)),گلستان,صرفا با سوابق تحصیلی,روزانه,زن,15,,,,محدودیت در ارائه خوابگاه,,131,اصلی,,,
16942,مدیریت صنعتی,دانشگاه گنبد (محل تحصیل دانشکده علوم انسانی آزادشهر (ویژه دختران)),گلستان,صرفا با سوابق تحصیلی,روزانه,زن,16,,,,محدودیت در ارائه خوابگاه,,131,اصلی,,,
36413,حسابداری,دانشگاه ملی مهارت - آموزشکده دختران گنبد,گلستان,با آزمون,روزانه,زن,3,,,,,,131,اصلی,,,
36414,حسابداری,دانشگاه ملی مهارت - آموزشکده دختران گنبد,گلستان,با آزمون,روزانه,زن,,2,,,,,131,اصلی,,,
36415,حسابداری,دانشگاه ملی مهارت - آموزشکده دختران گنبد,گلستان,با آزمون,نوبت دوم,زن,1,,,,,,131,اصلی,,,
36416,حسابداری,دانشگاه ملی مهارت - آموزشکده دختران گنبد,گلستان,با آزمون,نوبت دوم,زن,,1,,,,,131,اصلی,,,
17050,مهندسی حرفه‌ای کامپیوتر,دانشگاه ملی مهارت - آموزشکده دختران گنبد,گلستان,صرفا با سوابق تحصیلی,روزانه,زن,25,,,,,,131,اصلی,,,
17051,مهندسی حرفه‌ای کامپیوتر,دانشگاه ملی مهارت - آموزشکده دختران گنبد,گلستان,صرفا با سوابق تحصیلی,روزانه,زن,,20,,,,,131,اصلی,,,
17052,مهندسی حرفه‌ای کامپیوتر,دانشگاه ملی مهارت - آموزشکده دختران گنبد,گلستان,صرفا با سوابق تحصیلی,نوبت دوم,زن,5,,,,,,131,اصلی,,,
17053,مهندسی حرفه‌ای کامپیوتر,دانشگاه ملی مهارت - آموزشکده دختران گنبد,گلستان,صرفا با سوابق تحصیلی,نوبت دوم,زن,,5,,,,,131,اصلی,,,
36417,حسابداری,دانشگاه ملی مهارت - دانشکده پسران کردکوی (امام علی (ع)),گلستان,با آزمون,روزانه,مرد,3,,,,,,131,اصلی,,,
36418,حسابداری,دانشگاه ملی مهارت - دانشکده پسران کردکوی (امام علی (ع)),گلستان,با آزمون,روزانه,مرد,,3,,,,,131,اصلی,,,
16871,علوم و مهندسی آب,دانشگاه علوم کشاورزی و منابع طبیعی گرگان,گلستان,صرفا با سوابق تحصیلی,روزانه,مرد و زن,20,,,,,,131,اصلی,,,
16872,مهندسی ماشین‌های صنایع غذایی,دانشگاه علوم کشاورزی و منابع طبیعی گرگان,گلستان,صرفا با سوابق تحصیلی,روزانه,مرد و زن,20,,,,,,131,اصلی,,,
16873,مهندسی مکانیک بیوسیستم (این رشته متعلق به گروه کشاورزی است),دانشگاه علوم کشاورزی و منابع طبیعی گرگان,گلستان,صرفا با سوابق تحصیلی,روزانه,مرد و زن,20,,,,,,131,اصلی,,,
16877,علوم و مهندسی باغبانی,دانشگاه علوم کشاورزی و منابع طبیعی گرگان,گلستان,صرفا با سوابق تحصیلی,روزانه,مرد و زن,20,,,,,,131,اصلی,,,
16878,علوم و مهندسی جنگل,دانشگاه علوم کشاورزی و منابع طبیعی گرگان,گلستان,صرفا با سوابق تحصیلی,روزانه,مرد و زن,20,,,,,,132,اصلی,,,
16879,علوم و مهندسی خاک,دانشگاه علوم کشاورزی و منابع طبیعی گرگان,گلستان,صرفا با سوابق تحصیلی,روزانه,مرد و زن,20,,,,,,132,اصلی,,,
16880,علوم و مهندسی شیلات,دانشگاه علوم کشاورزی و منابع طبیعی گرگان,گلستان,صرفا با سوابق تحصیلی,روزانه,مرد و زن,20,,,,,,132,اصلی,,,
16881,علوم و مهندسی صنایع غذایی(این رشته متعلق به گروه کشاورزی است),دانشگاه علوم کشاورزی و منابع طبیعی گرگان,گلستان,صرفا با سوابق تحصیلی,روزانه,مرد و زن,20,,,,,,132,اصلی,,,
16882,علوم و مهندسی محیط‌زیست,دانشگاه علوم کشاورزی و منابع طبیعی گرگان,گلستان,صرفا با سوابق تحصیلی,روزانه,مرد و زن,20,,,,,,132,اصلی,,,
16883,مهندسی اقتصاد کشاورزی,دانشگاه علوم کشاورزی و منابع طبیعی گرگان,گلستان,صرفا با سوابق تحصیلی,روزانه,مرد و زن,20,,,,,,132,اصلی,,,
16884,مهندسی ترویج و آموزش کشاورزی پایدار,دانشگاه علوم کشاورزی و منابع طبیعی گرگان,گلستان,صرفا با سوابق تحصیلی,روزانه,مرد و زن,20,,,,,,132,اصلی,,,
16885,مهندسی تولید و ژنتیک گیاهی,دانشگاه علوم کشاورزی و منابع طبیعی گرگان,گلستان,صرفا با سوابق تحصیلی,روزانه,مرد و زن,20,,,,,,132,اصلی,,,
16886,مهندسی صنایع چوب و فرآورده‌های سلولزی,دانشگاه علوم کشاورزی و منابع طبیعی گرگان,گلستان,صرفا با سوابق تحصیلی,روزانه,مرد و زن,20,,,,,,132,اصلی,,,
16887,مهندسی صنایع مبلمان,دانشگاه علوم کشاورزی و منابع طبیعی گرگان,گلستان,صرفا با سوابق تحصیلی,روزانه,مرد و زن,20,,,,,,132,اصلی,,,
16888,مهندسی طبیعت,دانشگاه علوم کشاورزی و منابع طبیعی گرگان,گلستان,صرفا با سوابق تحصیلی,روزانه,مرد و زن,20,,,,,,132,اصلی,,,
16889,مهندسی علوم دامی,دانشگاه علوم کشاورزی و منابع طبیعی گرگان,گلستان,صرفا با سوابق تحصیلی,روزانه,مرد و زن,20,,,,,,132,اصلی,,,
16890,مهندسی فضای سبز,دانشگاه علوم کشاورزی و منابع طبیعی گرگان,گلستان,صرفا با سوابق تحصیلی,روزانه,مرد و زن,20,,,,,,132,اصلی,,,
16891,مهندسی گیاهپزشکی,دانشگاه علوم کشاورزی و منابع طبیعی گرگان,گلستان,صرفا با سوابق تحصیلی,روزانه,مرد و زن,20,,,,,,132,اصلی,,,
16874,علوم و مهندسی آب,دانشگاه علوم کشاورزی و منابع طبیعی گرگان,گلستان,صرفا با سوابق تحصیلی,نوبت دوم,مرد و زن,20,,,,,,132,اصلی,,,
16875,مهندسی ماشین‌های صنایع غذایی,دانشگاه علوم کشاورزی و منابع طبیعی گرگان,گلستان,صرفا با سوابق تحصیلی,نوبت دوم,مرد و زن,20,,,,,,132,اصلی,,,
16876,مهندسی مکانیک بیوسیستم (این رشته متعلق به گروه کشاورزی است),دانشگاه علوم کشاورزی و منابع طبیعی گرگان,گلستان,صرفا با سوابق تحصیلی,نوبت دوم,مرد و زن,20,,,,,,132,اصلی,,,
16892,علوم و مهندسی باغبانی,دانشگاه علوم کشاورزی و منابع طبیعی گرگان,گلستان,صرفا با سوابق تحصیلی,نوبت دوم,مرد و زن,20,,,,,,132,اصلی,,,
16893,علوم و مهندسی جنگل,دانشگاه علوم کشاورزی و منابع طبیعی گرگان,گلستان,صرفا با سوابق تحصیلی,نوبت دوم,مرد و زن,20,,,,,,132,اصلی,,,
16894,علوم و مهندسی خاک,دانشگاه علوم کشاورزی و منابع طبیعی گرگان,گلستان,صرفا با سوابق تحصیلی,نوبت دوم,مرد و زن,20,,,,,,132,اصلی,,,
16895,علوم و مهندسی شیلات,دانشگاه علوم کشاورزی و منابع طبیعی گرگان,گلستان,صرفا با سوابق تحصیلی,نوبت دوم,مرد و زن,20,,,,,,132,اصلی,,,
16896,علوم و مهندسی صنایع غذایی(این رشته متعلق به گروه کشاورزی است),دانشگاه علوم کشاورزی و منابع طبیعی گرگان,گلستان,صرفا با سوابق تحصیلی,نوبت دوم,مرد و زن,20,,,,,,132,اصلی,,,
16897,علوم و مهندسی محیط‌زیست,دانشگاه علوم کشاورزی و منابع طبیعی گرگان,گلستان,صرفا با سوابق تحصیلی,نوبت دوم,مرد و زن,20,,,,,,132,اصلی,,,
16898,مهندسی اقتصاد کشاورزی,دانشگاه علوم کشاورزی و منابع طبیعی گرگان,گلستان,صرفا با سوابق تحصیلی,نوبت دوم,مرد و زن,20,,,,,,132,اصلی,,,
16899,مهندسی ترویج و آموزش کشاورزی پایدار,دانشگاه علوم کشاورزی و منابع طبیعی گرگان,گلستان,صرفا با سوابق تحصیلی,نوبت دوم,مرد و زن,20,,,,,,132,اصلی,,,
16900,مهندسی تولید و ژنتیک گیاهی,دانشگاه علوم کشاورزی و منابع طبیعی گرگان,گلستان,صرفا با سوابق تحصیلی,نوبت دوم,مرد و زن,20,,,,,,132,اصلی,,,
16901,مهندسی صنایع چوب و فرآورده‌های سلولزی,دانشگاه علوم کشاورزی و منابع طبیعی گرگان,گلستان,صرفا با سوابق تحصیلی,نوبت دوم,مرد و زن,20,,,,,,132,اصلی,,,
16902,مهندسی صنایع مبلمان,دانشگاه علوم کشاورزی و منابع طبیعی گرگان,گلستان,صرفا با سوابق تحصیلی,نوبت دوم,مرد و زن,20,,,,,,132,اصلی,,,
16903,مهندسی طبیعت,دانشگاه علوم کشاورزی و منابع طبیعی گرگان,گلستان,صرفا با سوابق تحصیلی,نوبت دوم,مرد و زن,20,,,,,,132,اصلی,,,
16904,مهندسی علوم دامی,دانشگاه علوم کشاورزی و منابع طبیعی گرگان,گلستان,صرفا با سوابق تحصیلی,نوبت دوم,مرد و زن,20,,,,,,132,اصلی,,,
16905,مهندسی فضای سبز,دانشگاه علوم کشاورزی و منابع طبیعی گرگان,گلستان,صرفا با سوابق تحصیلی,نوبت دوم,مرد و زن,20,,,,,,132,اصلی,,,
16906,مهندسی گیاهپزشکی,دانشگاه علوم کشاورزی و منابع طبیعی گرگان,گلستان,صرفا با سوابق تحصیلی,نوبت دوم,مرد و زن,20,,,,,,132,اصلی,,,
17031,مهندسی حرفه‌ای کامپیوتر,دانشگاه ملی مهارت - آموزشکده پسران علی‌آباد کتول,گلستان,صرفا با سوابق تحصیلی,روزانه,مرد,25,,,,,,132,اصلی,,,
17032,مهندسی حرفه‌ای کامپیوتر,دانشگاه ملی مهارت - آموزشکده پسران علی‌آباد کتول,گلستان,صرفا با سوابق تحصیلی,روزانه,مرد,,25,,,,,132,اصلی,,,
17033,مهندسی حرفه‌ای معماری,دانشگاه ملی مهارت - آموزشکده پسران علی‌آباد کتول,گلستان,صرفا با سوابق تحصیلی,روزانه,مرد,25,,,,,,132,اصلی,,,
17034,مهندسی حرفه‌ای معماری,دانشگاه ملی مهارت - آموزشکده پسران علی‌آباد کتول,گلستان,صرفا با سوابق تحصیلی,روزانه,مرد,,25,,,,,132,اصلی,,,
17035,مهندسی حرفه‌ای کامپیوتر,دانشگاه ملی مهارت - آموزشکده پسران علی‌آباد کتول,گلستان,صرفا با سوابق تحصیلی,نوبت دوم,مرد,5,,,,,,132,اصلی,,,
17036,مهندسی حرفه‌ای کامپیوتر,دانشگاه ملی مهارت - آموزشکده پسران علی‌آباد کتول,گلستان,صرفا با سوابق تحصیلی,نوبت دوم,مرد,,5,,,,,132,اصلی,,,
17037,مهندسی حرفه‌ای معماری,دانشگاه ملی مهارت - آموزشکده پسران علی‌آباد کتول,گلستان,صرفا با سوابق تحصیلی,نوبت دوم,مرد,5,,,,,,132,اصلی,,,
17038,مهندسی حرفه‌ای معماری,دانشگاه ملی مهارت - آموزشکده پسران علی‌آباد کتول,گلستان,صرفا با سوابق تحصیلی,نوبت دوم,مرد,,5,,,,,132,اصلی,,,
17054,علوم قرآن و حدیث,دانشگاه غیردولتی بین‌المللی مذاهب اسلامی (محل تحصیل واحد گنبدکاووس),گلستان,صرفا با سوابق تحصیلی,روزانه - غیردولتی,مرد و زن,45,,,,شرایط در دفترچه «پیوست‌ها» - تحصیل رایگان - فاقد خوابگاه,,133,اصلی,,,
17055,فقه و حقوق امامی,دانشگاه غیردولتی بین‌المللی مذاهب اسلامی (محل تحصیل واحد گنبدکاووس),گلستان,صرفا با سوابق تحصیلی,روزانه - غیردولتی,مرد و زن,45,,,,شرایط در دفترچه «پیوست‌ها» - تحصیل رایگان- مختص خواهران و برادران مذهب امامی (شیعه) - فاقد خوابگاه,,133,اصلی,,,
17056,فقه و حقوق حنفی,دانشگاه غیردولتی بین‌المللی مذاهب اسلامی (محل تحصیل واحد گنبدکاووس),گلستان,صرفا با سوابق تحصیلی,روزانه - غیردولتی,مرد و زن,45,,,,شرایط در دفترچه «پیوست‌ها» - تحصیل رایگان -،مختص خواهران و برادران مذهب حنفی (اهل سنت) - فاقد خوابگاه,,133,اصلی,,,
31057,مهندسی پلیمر,دانشگاه تهران (محل تحصیل دانشکدگان فنی - دانشکده فنی کاسپین واقع در رضوانشهر گیلان),گیلان,با آزمون,روزانه,مرد و زن,30,,,,,,133,اصلی,,,
31058,مهندسی مکانیک,دانشگاه تهران (محل تحصیل دانشکدگان فنی - دانشکده فنی کاسپین واقع در رضوانشهر گیلان),گیلان,با آزمون,روزانه,مرد و زن,20,,,,,,133,اصلی,,,
31059,مهندسی شیمی,دانشگاه تهران (محل تحصیل دانشکدگان فنی - دانشکده فنی فومن),گیلان,با آزمون,روزانه,مرد و زن,40,,,,فاقد خوابگاه,,133,اصلی,,,
31060,مهندسی کامپیوتر,دانشگاه تهران (محل تحصیل دانشکدگان فنی - دانشکده فنی فومن),گیلان,با آزمون,روزانه,مرد و زن,20,,,,فاقد خوابگاه,,133,اصلی,,,
31061,آمار,دانشگاه گیلان - رشت,گیلان,با آزمون,روزانه,مرد و زن,40,,,,عدم تعهد در واگذاری خوابگاه,,133,اصلی,,,
31062,علوم کامپیوتر,دانشگاه گیلان - رشت,گیلان,با آزمون,روزانه,مرد و زن,45,,,,عدم تعهد در واگذاری خوابگاه,,133,اصلی,,,
31063,علوم و مهندسی آب,دانشگاه گیلان - رشت,گیلان,با آزمون,روزانه,مرد و زن,20,,,,عدم تعهد در واگذاری خوابگاه,,133,اصلی,,,
31064,فیزیک مهندسی,دانشگاه گیلان - رشت,گیلان,با آزمون,روزانه,مرد و زن,80,,,,عدم تعهد در واگذاری خوابگاه,,133,اصلی,,,
31065,مهندسی برق,دانشگاه گیلان - رشت,گیلان,با آزمون,روزانه,مرد و زن,80,,,,عدم تعهد در واگذاری خوابگاه,,133,اصلی,,,
31066,مهندسی برق,دانشگاه گیلان - رشت,گیلان,با آزمون,روزانه,مرد و زن,5,,,,دارای مصاحبه - بورس شرکت نوید مرغ گیلان - شرایط در دفترچه «پیوست‌ها» - عدم تعهد در واگذاری خوابگاه,,133,اصلی,,,
31067,مهندسی شهرسازی,دانشگاه گیلان - رشت,گیلان,با آزمون,روزانه,مرد و زن,30,,,,عدم تعهد در واگذاری خوابگاه,,133,اصلی,,,
31068,مهندسی شیمی,دانشگاه گیلان - رشت,گیلان,با آزمون,روزانه,مرد و زن,50,,,,عدم تعهد در واگذاری خوابگاه,,133,اصلی,,,
31069,مهندسی عمران,دانشگاه گیلان - رشت,گیلان,با آزمون,روزانه,مرد و زن,60,,,,عدم تعهد در واگذاری خوابگاه,,133,اصلی,,,
31070,مهندسی کامپیوتر,دانشگاه گیلان - رشت,گیلان,با آزمون,روزانه,مرد و زن,30,,,,عدم تعهد در واگذاری خوابگاه,,133,اصلی,,,
31071,مهندسی معماری,دانشگاه گیلان - رشت,گیلان,با آزمون,روزانه,مرد و زن,30,,,,عدم تعهد در واگذاری خوابگاه,,133,اصلی,,,
31072,مهندسی مکانیک,دانشگاه گیلان - رشت,گیلان,با آزمون,روزانه,مرد و زن,100,,,,عدم تعهد در واگذاری خوابگاه,,133,اصلی,,,
31073,مهندسی مکانیک,دانشگاه گیلان - رشت,گیلان,با آزمون,روزانه,مرد و زن,5,,,,دارای مصاحبه - بورس شرکت نوید مرغ گیلان - شرایط در دفترچه «پیوست‌ها» - عدم تعهد در واگذاری خوابگاه,,133,اصلی,,,
36419,اقتصاد,دانشگاه گیلان - رشت,گیلان,با آزمون,روزانه,مرد و زن,14,,,,عدم تعهد در واگذاری خوابگاه,,133,اصلی,,,
36420,حسابداری,دانشگاه گیلان - رشت,گیلان,با آزمون,روزانه,مرد و زن,4,,,,عدم تعهد در واگذاری خوابگاه,,133,اصلی,,,
36421,روانشناسی,دانشگاه گیلان - رشت,گیلان,با آزمون,روزانه,مرد و زن,3,,,,عدم تعهد در واگذاری خوابگاه,,133,اصلی,,,
36422,شیمی کاربردی,دانشگاه گیلان - رشت,گیلان,با آزمون,روزانه,مرد و زن,9,,,,عدم تعهد در واگذاری خوابگاه,,133,اصلی,,,
36423,شیمی محض,دانشگاه گیلان - رشت,گیلان,با آزمون,روزانه,مرد و زن,9,,,,عدم تعهد در واگذاری خوابگاه,,133,اصلی,,,
36424,علوم ورزشی,دانشگاه گیلان - رشت,گیلان,با آزمون,روزانه,زن,2,,,,عدم تعهد در واگذاری خوابگاه,,133,اصلی,,,
36425,علوم ورزشی,دانشگاه گیلان - رشت,گیلان,با آزمون,روزانه,مرد,2,,,,عدم تعهد در واگذاری خوابگاه,,133,اصلی,,,
36426,گردشگری,دانشگاه گیلان - رشت,گیلان,با آزمون,روزانه,مرد و زن,3,,,,عدم تعهد در واگذاری خوابگاه,,133,اصلی,,,
36427,مدیریت بازرگانی,دانشگاه گیلان - رشت,گیلان,با آزمون,روزانه,مرد و زن,4,,,,عدم تعهد در واگذاری خوابگاه,,134,اصلی,,,
36428,مدیریت صنعتی,دانشگاه گیلان - رشت,گیلان,با آزمون,روزانه,مرد و زن,4,,,,عدم تعهد در واگذاری خوابگاه,,134,اصلی,,,
31074,آمار,دانشگاه گیلان - رشت,گیلان,با آزمون,نوبت دوم,مرد و زن,10,,,,فاقد خوابگاه,,134,اصلی,,,
31075,علوم کامپیوتر,دانشگاه گیلان - رشت,گیلان,با آزمون,نوبت دوم,مرد و زن,15,,,,فاقد خوابگاه,,134,اصلی,,,
31076,فیزیک مهندسی,دانشگاه گیلان - رشت,گیلان,با آزمون,نوبت دوم,مرد و زن,20,,,,فاقد خوابگاه,,134,اصلی,,,
31077,مهندسی برق,دانشگاه گیلان - رشت,گیلان,با آزمون,نوبت دوم,مرد و زن,15,,,,فاقد خوابگاه,,134,اصلی,,,
31078,مهندسی شهرسازی,دانشگاه گیلان - رشت,گیلان,با آزمون,نوبت دوم,مرد و زن,10,,,,فاقد خوابگاه,,134,اصلی,,,
31079,مهندسی شیمی,دانشگاه گیلان - رشت,گیلان,با آزمون,نوبت دوم,مرد و زن,15,,,,فاقد خوابگاه,,134,اصلی,,,
31080,مهندسی عمران,دانشگاه گیلان - رشت,گیلان,با آزمون,نوبت دوم,مرد و زن,24,,,,فاقد خوابگاه,,134,اصلی,,,
31081,مهندسی کامپیوتر,دانشگاه گیلان - رشت,گیلان,با آزمون,نوبت دوم,مرد و زن,15,,,,فاقد خوابگاه,,134,اصلی,,,
31082,مهندسی معماری,دانشگاه گیلان - رشت,گیلان,با آزمون,نوبت دوم,مرد و زن,15,,,,فاقد خوابگاه,,134,اصلی,,,
31083,مهندسی مکانیک,دانشگاه گیلان - رشت,گیلان,با آزمون,نوبت دوم,مرد و زن,20,,,,فاقد خوابگاه,,134,اصلی,,,
36429,اقتصاد,دانشگاه گیلان - رشت,گیلان,با آزمون,نوبت دوم,مرد و زن,14,,,,فاقد خوابگاه,,134,اصلی,,,
36430,حسابداری,دانشگاه گیلان - رشت,گیلان,با آزمون,نوبت دوم,مرد و زن,4,,,,فاقد خوابگاه,,134,اصلی,,,
36431,روانشناسی,دانشگاه گیلان - رشت,گیلان,با آزمون,نوبت دوم,مرد و زن,1,,,,فاقد خوابگاه,,134,اصلی,,,
36432,شیمی کاربردی,دانشگاه گیلان - رشت,گیلان,با آزمون,نوبت دوم,مرد و زن,3,,,,فاقد خوابگاه,,134,اصلی,,,
36433,شیمی محض,دانشگاه گیلان - رشت,گیلان,با آزمون,نوبت دوم,مرد و زن,3,,,,فاقد خوابگاه,,134,اصلی,,,
36434,علوم ورزشی,دانشگاه گیلان - رشت,گیلان,با آزمون,نوبت دوم,مرد,1,,,,فاقد خوابگاه,,134,اصلی,,,
36435,علوم ورزشی,دانشگاه گیلان - رشت,گیلان,با آزمون,نوبت دوم,زن,1,,,,فاقد خوابگاه,,134,اصلی,,,
36436,گردشگری,دانشگاه گیلان - رشت,گیلان,با آزمون,نوبت دوم,مرد و زن,1,,,,فاقد خوابگاه,,134,اصلی,,,
36437,مدیریت بازرگانی,دانشگاه گیلان - رشت,گیلان,با آزمون,نوبت دوم,مرد و زن,4,,,,فاقد خوابگاه,,134,اصلی,,,
36438,مدیریت صنعتی,دانشگاه گیلان - رشت,گیلان,با آزمون,نوبت دوم,مرد و زن,4,,,,فاقد خوابگاه,,134,اصلی,,,
17147,ریاضیات و کاربردها,دانشگاه گیلان - رشت,گیلان,صرفا با سوابق تحصیلی,روزانه,مرد و زن,45,,,,عدم تعهد در واگذاری خوابگاه,,134,اصلی,,,
17148,فیزیک,دانشگاه گیلان - رشت,گیلان,صرفا با سوابق تحصیلی,روزانه,مرد و زن,80,,,,عدم تعهد در واگذاری خوابگاه,,134,اصلی,,,
17149,مهندسی مکانیزاسیون کشاورزی,دانشگاه گیلان - رشت,گیلان,صرفا با سوابق تحصیلی,روزانه,مرد و زن,20,,,,عدم تعهد در واگذاری خوابگاه,,134,اصلی,,,
17150,مهندسی نساجی,دانشگاه گیلان - رشت,گیلان,صرفا با سوابق تحصیلی,روزانه,مرد و زن,40,,,,عدم تعهد در واگذاری خوابگاه,,134,اصلی,,,
17156,زیست‌شناسی دریا,دانشگاه گیلان - رشت,گیلان,صرفا با سوابق تحصیلی,روزانه,مرد و زن,40,,,,عدم تعهد در واگذاری خوابگاه,,134,اصلی,,,
17157,زیست‌شناسی گیاهی,دانشگاه گیلان - رشت,گیلان,صرفا با سوابق تحصیلی,روزانه,مرد و زن,40,,,,عدم تعهد در واگذاری خوابگاه,,134,اصلی,,,
17158,علوم و مهندسی باغبانی,دانشگاه گیلان - رشت,گیلان,صرفا با سوابق تحصیلی,روزانه,مرد و زن,20,,,,عدم تعهد در واگذاری خوابگاه,,134,اصلی,,,
17159,علوم و مهندسی خاک,دانشگاه گیلان - رشت,گیلان,صرفا با سوابق تحصیلی,روزانه,مرد و زن,20,,,,عدم تعهد در واگذاری خوابگاه,,134,اصلی,,,
17160,علوم و مهندسی صنایع غذایی(این رشته متعلق به گروه کشاورزی است),دانشگاه گیلان - رشت,گیلان,صرفا با سوابق تحصیلی,روزانه,مرد و زن,20,,,,عدم تعهد در واگذاری خوابگاه,,134,اصلی,,,
17161,مهندسی اقتصاد کشاورزی,دانشگاه گیلان - رشت,گیلان,صرفا با سوابق تحصیلی,روزانه,مرد و زن,20,,,,عدم تعهد در واگذاری خوابگاه,,134,اصلی,,,
17162,مهندسی تولید و ژنتیک گیاهی,دانشگاه گیلان - رشت,گیلان,صرفا با سوابق تحصیلی,روزانه,مرد و زن,20,,,,عدم تعهد در واگذاری خوابگاه,,134,اصلی,,,
17163,مهندسی علوم دامی,دانشگاه گیلان - رشت,گیلان,صرفا با سوابق تحصیلی,روزانه,مرد و زن,20,,,,عدم تعهد در واگذاری خوابگاه,,134,اصلی,,,
17164,مهندسی علوم دامی,دانشگاه گیلان - رشت,گیلان,صرفا با سوابق تحصیلی,روزانه,مرد,9,,,,دارای مصاحبه - بورس شرکت نوید مرغ گیلان - شرایط در دفترچه «پیوست‌ها» - عدم تعهد در واگذاری خوابگاه,,134,اصلی,,,
17165,مهندسی علوم دامی,دانشگاه گیلان - رشت,گیلان,صرفا با سوابق تحصیلی,روزانه,زن,1,,,,دارای مصاحبه - بورس شرکت نوید مرغ گیلان - شرایط در دفترچه «پیوست‌ها» - عدم تعهد در واگذاری خوابگاه,,134,اصلی,,,
17166,مهندسی گیاهپزشکی,دانشگاه گیلان - رشت,گیلان,صرفا با سوابق تحصیلی,روزانه,مرد و زن,20,,,,عدم تعهد در واگذاری خوابگاه,,134,اصلی,,,
17176,علوم قرآن و حدیث,دانشگاه گیلان - رشت,گیلان,صرفا با سوابق تحصیلی,روزانه,مرد و زن,20,,,,عدم تعهد در واگذاری خوابگاه,,134,اصلی,,,
17178,زبان روسی,دانشگاه گیلان - رشت,گیلان,صرفا با سوابق تحصیلی,روزانه,مرد و زن,35,,,,عدم تعهد در واگذاری خوابگاه,,134,اصلی,,,
17151,ریاضیات و کاربردها,دانشگاه گیلان - رشت,گیلان,صرفا با سوابق تحصیلی,نوبت دوم,مرد و زن,15,,,,فاقد خوابگاه,,134,اصلی,,,
17152,علوم و مهندسی آب,دانشگاه گیلان - رشت,گیلان,صرفا با سوابق تحصیلی,نوبت دوم,مرد و زن,20,,,,فاقد خوابگاه,,134,اصلی,,,
17153,فیزیک,دانشگاه گیلان - رشت,گیلان,صرفا با سوابق تحصیلی,نوبت دوم,مرد و زن,20,,,,فاقد خوابگاه,,134,اصلی,,,
17154,مهندسی مکانیزاسیون کشاورزی,دانشگاه گیلان - رشت,گیلان,صرفا با سوابق تحصیلی,نوبت دوم,مرد و زن,20,,,,فاقد خوابگاه,,134,اصلی,,,
17155,مهندسی نساجی,دانشگاه گیلان - رشت,گیلان,صرفا با سوابق تحصیلی,نوبت دوم,مرد و زن,10,,,,فاقد خوابگاه,,135,اصلی,,,
17167,زیست‌شناسی دریا,دانشگاه گیلان - رشت,گیلان,صرفا با سوابق تحصیلی,نوبت دوم,مرد و زن,20,,,,فاقد خوابگاه,,135,اصلی,,,
17168,زیست‌شناسی گیاهی,دانشگاه گیلان - رشت,گیلان,صرفا با سوابق تحصیلی,نوبت دوم,مرد و زن,20,,,,فاقد خوابگاه,,135,اصلی,,,
17169,علوم و مهندسی باغبانی,دانشگاه گیلان - رشت,گیلان,صرفا با سوابق تحصیلی,نوبت دوم,مرد و زن,20,,,,فاقد خوابگاه,,135,اصلی,,,
17170,علوم و مهندسی خاک,دانشگاه گیلان - رشت,گیلان,صرفا با سوابق تحصیلی,نوبت دوم,مرد و زن,20,,,,فاقد خوابگاه,,135,اصلی,,,
17171,علوم و مهندسی صنایع غذایی(این رشته متعلق به گروه کشاورزی است),دانشگاه گیلان - رشت,گیلان,صرفا با سوابق تحصیلی,نوبت دوم,مرد و زن,20,,,,فاقد خوابگاه,,135,اصلی,,,
17172,مهندسی اقتصاد کشاورزی,دانشگاه گیلان - رشت,گیلان,صرفا با سوابق تحصیلی,نوبت دوم,مرد و زن,20,,,,فاقد خوابگاه,,135,اصلی,,,
17173,مهندسی تولید و ژنتیک گیاهی,دانشگاه گیلان - رشت,گیلان,صرفا با سوابق تحصیلی,نوبت دوم,مرد و زن,20,,,,فاقد خوابگاه,,135,اصلی,,,
17174,مهندسی علوم دامی,دانشگاه گیلان - رشت,گیلان,صرفا با سوابق تحصیلی,نوبت دوم,مرد و زن,20,,,,فاقد خوابگاه,,135,اصلی,,,
17175,مهندسی گیاهپزشکی,دانشگاه گیلان - رشت,گیلان,صرفا با سوابق تحصیلی,نوبت دوم,مرد و زن,20,,,,فاقد خوابگاه,,135,اصلی,,,
17177,علوم قرآن و حدیث,دانشگاه گیلان - رشت,گیلان,صرفا با سوابق تحصیلی,نوبت دوم,مرد و زن,20,,,,فاقد خوابگاه,,135,اصلی,,,
17179,زبان روسی,دانشگاه گیلان - رشت,گیلان,صرفا با سوابق تحصیلی,نوبت دوم,مرد و زن,10,,,,فاقد خوابگاه,,135,اصلی,,,
31084,مهندسی صنایع و سیستم‌ها,دانشگاه گیلان (محل تحصیل دانشکده فنی و مهندسی شرق گیلان (واجارگاه رودسر)),گیلان,با آزمون,روزانه,مرد و زن,30,,,,ممنوعیت مهمانی و انتقال به دانشکده فنی در رشت - عدم تعهد در واگذاری خوابگاه,,135,اصلی,,,
31085,مهندسی صنایع و سیستم‌ها,دانشگاه گیلان (محل تحصیل دانشکده فنی و مهندسی شرق گیلان (واجارگاه رودسر)),گیلان,با آزمون,روزانه,مرد و زن,5,,,,دارای مصاحبه - بورس شرکت نوید مرغ گیلان - شرایط در دفترچه «پیوست‌ها» - ممنوعیت مهمانی و انتقال به دانشکده فنی در رشت - عدم تعهد در واگذاری خوابگاه,,135,اصلی,,,
31086,مهندسی عمران,دانشگاه گیلان (محل تحصیل دانشکده فنی و مهندسی شرق گیلان (واجارگاه رودسر)),گیلان,با آزمون,روزانه,مرد و زن,30,,,,ممنوعیت مهمانی و انتقال به دانشکده فنی در رشت - عدم تعهد در واگذاری خوابگاه,,135,اصلی,,,
31087,مهندسی کامپیوتر,دانشگاه گیلان (محل تحصیل دانشکده فنی و مهندسی شرق گیلان (واجارگاه رودسر)),گیلان,با آزمون,روزانه,مرد و زن,30,,,,ممنوعیت مهمانی و انتقال به دانشکده فنی در رشت - عدم تعهد در واگذاری خوابگاه,,135,اصلی,,,
31088,مهندسی مکانیک,دانشگاه گیلان (محل تحصیل دانشکده فنی و مهندسی شرق گیلان (واجارگاه رودسر)),گیلان,با آزمون,روزانه,مرد و زن,30,,,,امکان ادامه تحصیل به صورت میهمان و انتقال در دانشکده فنی رشت وجود ندارد. - عدم تعهد در واگذاری خوابگاه,,135,اصلی,,,
31089,مهندسی صنایع و سیستم‌ها,دانشگاه گیلان (محل تحصیل دانشکده فنی و مهندسی شرق گیلان (واجارگاه رودسر)),گیلان,با آزمون,نوبت دوم,مرد و زن,25,,,,ممنوعیت مهمانی و انتقال به دانشکده فنی در رشت - فاقد خوابگاه,,135,اصلی,,,
31090,مهندسی عمران,دانشگاه گیلان (محل تحصیل دانشکده فنی و مهندسی شرق گیلان (واجارگاه رودسر)),گیلان,با آزمون,نوبت دوم,مرد و زن,25,,,,ممنوعیت مهمانی و انتقال به دانشکده فنی در رشت - فاقد خوابگاه,,135,اصلی,,,
31091,مهندسی کامپیوتر,دانشگاه گیلان (محل تحصیل دانشکده فنی و مهندسی شرق گیلان (واجارگاه رودسر)),گیلان,با آزمون,نوبت دوم,مرد و زن,25,,,,ممنوعیت مهمانی و انتقال به دانشکده فنی در رشت - فاقد خوابگاه,,135,اصلی,,,
31092,مهندسی مکانیک,دانشگاه گیلان (محل تحصیل دانشکده فنی و مهندسی شرق گیلان (واجارگاه رودسر)),گیلان,با آزمون,نوبت دوم,مرد و زن,15,,,,امکان ادامه تحصیل به صورت میهمان و انتقال در دانشکده فنی رشت وجود ندارد. - فاقد خوابگاه,,135,اصلی,,,
17180,علوم مهندسی,دانشگاه گیلان (محل تحصیل دانشکده فنی و مهندسی شرق گیلان (واجارگاه رودسر)),گیلان,صرفا با سوابق تحصیلی,روزانه,مرد و زن,30,,,,امکان ادامه تحصیل به صورت میهمان و انتقال در دانشکده فنی رشت وجود ندارد. - عدم تعهد در واگذاری خوابگاه,,135,اصلی,,,
17181,علوم مهندسی,دانشگاه گیلان (محل تحصیل دانشکده فنی و مهندسی شرق گیلان (واجارگاه رودسر)),گیلان,صرفا با سوابق تحصیلی,نوبت دوم,مرد و زن,20,,,,امکان ادامه تحصیل به صورت میهمان و انتقال در دانشکده فنی رشت وجود ندارد. - فاقد خوابگاه,,135,اصلی,,,
31093,مهندسی حرفه‌ای کامپیوتر,دانشگاه ملی مهارت - آموزشکده پسران رشت (شهید چمران),گیلان,با آزمون,روزانه,مرد,20,,,,,,136,اصلی,,,
31094,مهندسی حرفه‌ای کامپیوتر,دانشگاه ملی مهارت - آموزشکده پسران رشت (شهید چمران),گیلان,با آزمون,روزانه,مرد,,25,,,,,136,اصلی,,,
31095,مهندسی حرفه‌ای معماری,دانشگاه ملی مهارت - آموزشکده پسران رشت (شهید چمران),گیلان,با آزمون,روزانه,مرد,20,,,,,,136,اصلی,,,
36443,حسابداری,دانشگاه ملی مهارت - آموزشکده پسران رشت (شهید چمران),گیلان,با آزمون,روزانه,مرد,2,,,,,,136,اصلی,,,
36444,حسابداری,دانشگاه ملی مهارت - آموزشکده پسران رشت (شهید چمران),گیلان,با آزمون,روزانه,مرد,,3,,,,,136,اصلی,,,
31096,مهندسی حرفه‌ای کامپیوتر,دانشگاه ملی مهارت - آموزشکده پسران رشت (شهید چمران),گیلان,با آزمون,نوبت دوم,مرد,5,,,,,,136,اصلی,,,
31097,مهندسی حرفه‌ای کامپیوتر,دانشگاه ملی مهارت - آموزشکده پسران رشت (شهید چمران),گیلان,با آزمون,نوبت دوم,مرد,,5,,,,,136,اصلی,,,
36445,حسابداری,دانشگاه ملی مهارت - آموزشکده پسران رشت (شهید چمران),گیلان,با آزمون,نوبت دوم,مرد,1,,,,,,136,اصلی,,,
36446,حسابداری,دانشگاه ملی مهارت - آموزشکده پسران رشت (شهید چمران),گیلان,با آزمون,نوبت دوم,مرد,,1,,,,,136,اصلی,,,
17313,مهندسی حرفه‌ای معماری,دانشگاه ملی مهارت - آموزشکده پسران رشت (شهید چمران),گیلان,صرفا با سوابق تحصیلی,روزانه,مرد,,25,,,,,136,اصلی,,,
17314,مهندسی حرفه‌ای معماری,دانشگاه ملی مهارت - آموزشکده پسران رشت (شهید چمران),گیلان,صرفا با سوابق تحصیلی,نوبت دوم,مرد,5,,,,,,136,اصلی,,,
17315,مهندسی حرفه‌ای معماری,دانشگاه ملی مهارت - آموزشکده پسران رشت (شهید چمران),گیلان,صرفا با سوابق تحصیلی,نوبت دوم,مرد,,5,,,,,136,اصلی,,,
31098,مهندسی حرفه‌ای معماری,دانشگاه ملی مهارت - آموزشکده پسران لاهیجان,گیلان,با آزمون,روزانه,مرد,30,,,,,,136,اصلی,,,
17316,مهندسی حرفه‌ای معماری,دانشگاه ملی مهارت - آموزشکده پسران لاهیجان,گیلان,صرفا با سوابق تحصیلی,روزانه,مرد,,30,,,,,136,اصلی,,,
31099,مهندسی حرفه‌ای کامپیوتر,دانشگاه ملی مهارت - آموزشکده دختران رشت,گیلان,با آزمون,روزانه,زن,30,,,,,,136,اصلی,,,
31100,مهندسی حرفه‌ای کامپیوتر,دانشگاه ملی مهارت - آموزشکده دختران رشت,گیلان,با آزمون,روزانه,زن,,30,,,,,136,اصلی,,,
31101,مهندسی حرفه‌ای معماری,دانشگاه ملی مهارت - آموزشکده دختران رشت,گیلان,با آزمون,روزانه,زن,30,,,,,,136,اصلی,,,
31102,مهندسی حرفه‌ای معماری,دانشگاه ملی مهارت - آموزشکده دختران رشت,گیلان,با آزمون,روزانه,زن,,30,,,,,136,اصلی,,,
36439,حسابداری,دانشگاه ملی مهارت - آموزشکده پسران رستمآباد رودبار,گیلان,با آزمون,روزانه,مرد,3,,,,,,136,اصلی,,,
36440,حسابداری,دانشگاه ملی مهارت - آموزشکده پسران رستمآباد رودبار,گیلان,با آزمون,روزانه,مرد,,3,,,,,136,اصلی,,,
36441,حسابداری,دانشگاه ملی مهارت - آموزشکده پسران رستمآباد رودبار,گیلان,با آزمون,نوبت دوم,مرد,1,,,,,,136,اصلی,,,
36442,حسابداری,دانشگاه ملی مهارت - آموزشکده پسران رستمآباد رودبار,گیلان,با آزمون,نوبت دوم,مرد,,1,,,,,136,اصلی,,,
36447,حسابداری,دانشگاه ملی مهارت - دانشکده صومعهسرا,گیلان,با آزمون,روزانه,مرد,3,,,,,,136,اصلی,,,
36448,حسابداری,دانشگاه ملی مهارت - دانشکده صومعهسرا,گیلان,با آزمون,روزانه,مرد,,3,,,,,136,اصلی,,,
17182,علوم و مهندسی جنگل,دانشگاه گیلان (محل تحصیل دانشکده منابع طبیعی صومعهسرا),گیلان,صرفا با سوابق تحصیلی,روزانه,مرد و زن,20,,,,عدم تعهد در واگذاری خوابگاه,,136,اصلی,,,
17183,علوم و مهندسی شیلات,دانشگاه گیلان (محل تحصیل دانشکده منابع طبیعی صومعهسرا),گیلان,صرفا با سوابق تحصیلی,روزانه,مرد و زن,20,,,,عدم تعهد در واگذاری خوابگاه,,136,اصلی,,,
17184,علوم و مهندسی شیلات,دانشگاه گیلان (محل تحصیل دانشکده منابع طبیعی صومعهسرا),گیلان,صرفا با سوابق تحصیلی,روزانه,مرد,1,,,,دارای مصاحبه - بورس شرکت نوید مرغ گیلان - شرایط در دفترچه «پیوست‌ها» - عدم تعهد در واگذاری خوابگاه,,136,اصلی,,,
17185,علوم و مهندسی محیط‌زیست,دانشگاه گیلان (محل تحصیل دانشکده منابع طبیعی صومعهسرا),گیلان,صرفا با سوابق تحصیلی,روزانه,مرد و زن,20,,,,عدم تعهد در واگذاری خوابگاه,,136,اصلی,,,
17186,مهندسی طبیعت,دانشگاه گیلان (محل تحصیل دانشکده منابع طبیعی صومعهسرا),گیلان,صرفا با سوابق تحصیلی,روزانه,مرد و زن,20,,,,عدم تعهد در واگذاری خوابگاه,,136,اصلی,,,
17187,علوم و مهندسی جنگل,دانشگاه گیلان (محل تحصیل دانشکده منابع طبیعی صومعهسرا),گیلان,صرفا با سوابق تحصیلی,نوبت دوم,مرد و زن,20,,,,فاقد خوابگاه,,136,اصلی,,,
17188,علوم و مهندسی شیلات,دانشگاه گیلان (محل تحصیل دانشکده منابع طبیعی صومعهسرا),گیلان,صرفا با سوابق تحصیلی,نوبت دوم,مرد و زن,20,,,,فاقد خوابگاه,,136,اصلی,,,
17189,علوم و مهندسی محیط‌زیست,دانشگاه گیلان (محل تحصیل دانشکده منابع طبیعی صومعهسرا),گیلان,صرفا با سوابق تحصیلی,نوبت دوم,مرد و زن,20,,,,فاقد خوابگاه,,136,اصلی,,,
17190,مهندسی طبیعت,دانشگاه گیلان (محل تحصیل دانشکده منابع طبیعی صومعهسرا),گیلان,صرفا با سوابق تحصیلی,نوبت دوم,مرد و زن,20,,,,فاقد خوابگاه,,136,اصلی,,,
31103,مهندسی برق,دانشگاه آیت‌الله العظمی بروجردی - بروجرد,لرستان,با آزمون,روزانه,مرد و زن,32,,,,,,136,اصلی,,,
31104,مهندسی صنایع و سیستم‌ها,دانشگاه آیت‌الله العظمی بروجردی - بروجرد,لرستان,با آزمون,روزانه,مرد و زن,30,,,,,,136,اصلی,,,
31105,مهندسی عمران,دانشگاه آیت‌الله العظمی بروجردی - بروجرد,لرستان,با آزمون,روزانه,مرد و زن,33,,,,,,136,اصلی,,,
31106,مهندسی کامپیوتر,دانشگاه آیت‌الله العظمی بروجردی - بروجرد,لرستان,با آزمون,روزانه,مرد و زن,35,,,,,,137,اصلی,,,
31107,مهندسی معماری,دانشگاه آیت‌الله العظمی بروجردی - بروجرد,لرستان,با آزمون,روزانه,مرد و زن,33,,,,,,137,اصلی,,,
31108,مهندسی مکانیک,دانشگاه آیت‌الله العظمی بروجردی - بروجرد,لرستان,با آزمون,روزانه,مرد و زن,31,,,,,,137,اصلی,,,
36449,اقتصاد,دانشگاه آیت‌الله العظمی بروجردی - بروجرد,لرستان,با آزمون,روزانه,مرد و زن,13,,,,,,137,اصلی,,,
36450,حسابداری,دانشگاه آیت‌الله العظمی بروجردی - بروجرد,لرستان,با آزمون,روزانه,مرد و زن,3,,,,,,137,اصلی,,,
36451,روانشناسی,دانشگاه آیت‌الله العظمی بروجردی - بروجرد,لرستان,با آزمون,روزانه,مرد و زن,3,,,,,,137,اصلی,,,
36452,مددکاری اجتماعی,دانشگاه آیت‌الله العظمی بروجردی - بروجرد,لرستان,با آزمون,روزانه,مرد و زن,3,,,,,,137,اصلی,,,
36453,مدیریت مالی,دانشگاه آیت‌الله العظمی بروجردی - بروجرد,لرستان,با آزمون,روزانه,مرد و زن,3,,,,,,137,اصلی,,,
17422,ریاضیات و کاربردها,دانشگاه آیت‌الله العظمی بروجردی - بروجرد,لرستان,صرفا با سوابق تحصیلی,روزانه,مرد و زن,30,,,,,,137,اصلی,,,
17423,علوم کامپیوتر,دانشگاه آیت‌الله العظمی بروجردی - بروجرد,لرستان,صرفا با سوابق تحصیلی,روزانه,مرد و زن,30,,,,,,137,اصلی,,,
17424,فیزیک,دانشگاه آیت‌الله العظمی بروجردی - بروجرد,لرستان,صرفا با سوابق تحصیلی,روزانه,مرد و زن,30,,,,,,137,اصلی,,,
17425,مهندسی انرژی,دانشگاه آیت‌الله العظمی بروجردی - بروجرد,لرستان,صرفا با سوابق تحصیلی,روزانه,مرد و زن,29,,,,,,137,اصلی,,,
17426,شیمی محض,دانشگاه آیت‌الله العظمی بروجردی - بروجرد,لرستان,صرفا با سوابق تحصیلی,روزانه,مرد و زن,33,,,,,,137,اصلی,,,
17427,زبان و زبان‌شناسی,دانشگاه آیت‌الله العظمی بروجردی - بروجرد,لرستان,صرفا با سوابق تحصیلی,روزانه,مرد و زن,29,,,,,,137,اصلی,,,
17428,علوم قرآن و حدیث,دانشگاه آیت‌الله العظمی بروجردی - بروجرد,لرستان,صرفا با سوابق تحصیلی,روزانه,مرد و زن,30,,,,,,137,اصلی,,,
17429,آموزش زبان انگلیسی,دانشگاه آیت‌الله العظمی بروجردی - بروجرد,لرستان,صرفا با سوابق تحصیلی,روزانه,مرد و زن,32,,,,,,137,اصلی,,,
31109,علوم کامپیوتر,دانشگاه لرستان - خرم آباد,لرستان,با آزمون,روزانه,مرد و زن,25,,,,محدودیت در ارائه خوابگاه,,137,اصلی,,,
31110,مهندسی برق,دانشگاه لرستان - خرم آباد,لرستان,با آزمون,روزانه,مرد و زن,50,,,,محدودیت در ارائه خوابگاه,,137,اصلی,,,
31111,مهندسی پلیمر,دانشگاه لرستان - خرم آباد,لرستان,با آزمون,روزانه,مرد و زن,25,,,,محدودیت در ارائه خوابگاه,,137,اصلی,,,
31112,مهندسی شهرسازی,دانشگاه لرستان - خرم آباد,لرستان,با آزمون,روزانه,مرد و زن,25,,,,محدودیت در ارائه خوابگاه,,137,اصلی,,,
31113,مهندسی عمران,دانشگاه لرستان - خرم آباد,لرستان,با آزمون,روزانه,مرد و زن,25,,,,محدودیت در ارائه خوابگاه,,137,اصلی,,,
31114,مهندسی کامپیوتر,دانشگاه لرستان - خرم آباد,لرستان,با آزمون,روزانه,مرد و زن,25,,,,محدودیت در ارائه خوابگاه,,137,اصلی,,,
31115,مهندسی مکانیک,دانشگاه لرستان - خرم آباد,لرستان,با آزمون,روزانه,مرد و زن,25,,,,محدودیت در ارائه خوابگاه,,137,اصلی,,,
36454,اقتصاد,دانشگاه لرستان - خرم آباد,لرستان,با آزمون,روزانه,مرد و زن,10,,,,محدودیت در ارائه خوابگاه,,137,اصلی,,,
36455,حسابداری,دانشگاه لرستان - خرم آباد,لرستان,با آزمون,روزانه,مرد و زن,3,,,,محدودیت در ارائه خوابگاه,,137,اصلی,,,
36456,روانشناسی,دانشگاه لرستان - خرم آباد,لرستان,با آزمون,روزانه,مرد و زن,3,,,,محدودیت در ارائه خوابگاه,,137,اصلی,,,
36457,شیمی کاربردی,دانشگاه لرستان - خرم آباد,لرستان,با آزمون,روزانه,مرد و زن,6,,,,محدودیت در ارائه خوابگاه,,137,اصلی,,,
36458,علوم ورزشی,دانشگاه لرستان - خرم آباد,لرستان,با آزمون,روزانه,مرد و زن,3,,,,محدودیت در ارائه خوابگاه,,137,اصلی,,,
36459,مدیریت بازرگانی,دانشگاه لرستان - خرم آباد,لرستان,با آزمون,روزانه,مرد و زن,3,,,,محدودیت در ارائه خوابگاه,,137,اصلی,,,
31116,علوم کامپیوتر,دانشگاه لرستان - خرم آباد,لرستان,با آزمون,نوبت دوم,مرد و زن,5,,,,فاقد خوابگاه,,137,اصلی,,,
31117,مهندسی برق,دانشگاه لرستان - خرم آباد,لرستان,با آزمون,نوبت دوم,مرد و زن,10,,,,فاقد خوابگاه,,137,اصلی,,,
31118,مهندسی پلیمر,دانشگاه لرستان - خرم آباد,لرستان,با آزمون,نوبت دوم,مرد و زن,10,,,,فاقد خوابگاه,,137,اصلی,,,
31119,مهندسی شهرسازی,دانشگاه لرستان - خرم آباد,لرستان,با آزمون,نوبت دوم,مرد و زن,5,,,,فاقد خوابگاه,,137,اصلی,,,
31120,مهندسی عمران,دانشگاه لرستان - خرم آباد,لرستان,با آزمون,نوبت دوم,مرد و زن,10,,,,فاقد خوابگاه,,137,اصلی,,,
31121,مهندسی کامپیوتر,دانشگاه لرستان - خرم آباد,لرستان,با آزمون,نوبت دوم,مرد و زن,15,,,,فاقد خوابگاه,,137,اصلی,,,
31122,مهندسی مکانیک,دانشگاه لرستان - خرم آباد,لرستان,با آزمون,نوبت دوم,مرد و زن,5,,,,فاقد خوابگاه,,137,اصلی,,,
36460,اقتصاد,دانشگاه لرستان - خرم آباد,لرستان,با آزمون,نوبت دوم,مرد و زن,2,,,,فاقد خوابگاه,,137,اصلی,,,
36461,حسابداری,دانشگاه لرستان - خرم آباد,لرستان,با آزمون,نوبت دوم,مرد و زن,1,,,,فاقد خوابگاه,,137,اصلی,,,
36462,روانشناسی,دانشگاه لرستان - خرم آباد,لرستان,با آزمون,نوبت دوم,مرد و زن,1,,,,فاقد خوابگاه,,137,اصلی,,,
36463,شیمی کاربردی,دانشگاه لرستان - خرم آباد,لرستان,با آزمون,نوبت دوم,مرد و زن,1,,,,فاقد خوابگاه,,137,اصلی,,,
36464,مدیریت بازرگانی,دانشگاه لرستان - خرم آباد,لرستان,با آزمون,نوبت دوم,مرد و زن,1,,,,فاقد خوابگاه,,137,اصلی,,,
17430,آمار,دانشگاه لرستان - خرم آباد,لرستان,صرفا با سوابق تحصیلی,روزانه,مرد و زن,25,,,,محدودیت در ارائه خوابگاه,,137,اصلی,,,
17431,ریاضیات و کاربردها,دانشگاه لرستان - خرم آباد,لرستان,صرفا با سوابق تحصیلی,روزانه,مرد و زن,25,,,,محدودیت در ارائه خوابگاه,,137,اصلی,,,
17432,علوم و مهندسی آب,دانشگاه لرستان - خرم آباد,لرستان,صرفا با سوابق تحصیلی,روزانه,مرد و زن,25,,,,محدودیت در ارائه خوابگاه,,137,اصلی,,,
17433,فیزیک,دانشگاه لرستان - خرم آباد,لرستان,صرفا با سوابق تحصیلی,روزانه,مرد و زن,25,,,,محدودیت در ارائه خوابگاه,,137,اصلی,,,
17434,مهندسی معدن,دانشگاه لرستان - خرم آباد,لرستان,صرفا با سوابق تحصیلی,روزانه,مرد و زن,25,,,,محدودیت در ارائه خوابگاه,,137,اصلی,,,
17435,مهندسی مکانیک بیوسیستم (این رشته متعلق به گروه کشاورزی است),دانشگاه لرستان - خرم آباد,لرستان,صرفا با سوابق تحصیلی,روزانه,مرد و زن,25,,,,محدودیت در ارائه خوابگاه,,137,اصلی,,,
17442,زمین‌شناسی,دانشگاه لرستان - خرم آباد,لرستان,صرفا با سوابق تحصیلی,روزانه,مرد و زن,25,,,,محدودیت در ارائه خوابگاه,,138,اصلی,,,
17443,زیست‌شناسی جانوری,دانشگاه لرستان - خرم آباد,لرستان,صرفا با سوابق تحصیلی,روزانه,مرد و زن,20,,,,محدودیت در ارائه خوابگاه,,138,اصلی,,,
17444,زیست‌شناسی گیاهی,دانشگاه لرستان - خرم آباد,لرستان,صرفا با سوابق تحصیلی,روزانه,مرد و زن,25,,,,محدودیت در ارائه خوابگاه,,138,اصلی,,,
17445,شیمی محض,دانشگاه لرستان - خرم آباد,لرستان,صرفا با سوابق تحصیلی,روزانه,مرد و زن,30,,,,محدودیت در ارائه خوابگاه,,138,اصلی,,,
17446,علوم آزمایشگاهی دامپزشکی,دانشگاه لرستان - خرم آباد,لرستان,صرفا با سوابق تحصیلی,روزانه,مرد و زن,25,,,,محدودیت در ارائه خوابگاه,,138,اصلی,,,
17447,علوم و مهندسی باغبانی,دانشگاه لرستان - خرم آباد,لرستان,صرفا با سوابق تحصیلی,روزانه,مرد و زن,25,,,,محدودیت در ارائه خوابگاه,,138,اصلی,,,
17448,علوم و مهندسی جنگل,دانشگاه لرستان - خرم آباد,لرستان,صرفا با سوابق تحصیلی,روزانه,مرد و زن,25,,,,محدودیت در ارائه خوابگاه,,138,اصلی,,,
17449,علوم و مهندسی خاک,دانشگاه لرستان - خرم آباد,لرستان,صرفا با سوابق تحصیلی,روزانه,مرد و زن,25,,,,محدودیت در ارائه خوابگاه,,138,اصلی,,,
17450,علوم و مهندسی شیلات,دانشگاه لرستان - خرم آباد,لرستان,صرفا با سوابق تحصیلی,روزانه,مرد و زن,25,,,,محدودیت در ارائه خوابگاه,,138,اصلی,,,
17451,علوم و مهندسی محیط‌زیست,دانشگاه لرستان - خرم آباد,لرستان,صرفا با سوابق تحصیلی,روزانه,مرد و زن,25,,,,محدودیت در ارائه خوابگاه,,138,اصلی,,,
17452,مهندسی تولید و ژنتیک گیاهی,دانشگاه لرستان - خرم آباد,لرستان,صرفا با سوابق تحصیلی,روزانه,مرد و زن,25,,,,محدودیت در ارائه خوابگاه,,138,اصلی,,,
17453,مهندسی طبیعت,دانشگاه لرستان - خرم آباد,لرستان,صرفا با سوابق تحصیلی,روزانه,مرد و زن,25,,,,محدودیت در ارائه خوابگاه,,138,اصلی,,,
17454,مهندسی علوم دامی,دانشگاه لرستان - خرم آباد,لرستان,صرفا با سوابق تحصیلی,روزانه,مرد و زن,25,,,,محدودیت در ارائه خوابگاه,,138,اصلی,,,
17455,مهندسی گیاهپزشکی,دانشگاه لرستان - خرم آباد,لرستان,صرفا با سوابق تحصیلی,روزانه,مرد و زن,25,,,,محدودیت در ارائه خوابگاه,,138,اصلی,,,
17470,فلسفه و کلام اسلامی,دانشگاه لرستان - خرم آباد,لرستان,صرفا با سوابق تحصیلی,روزانه,مرد و زن,25,,,,محدودیت در ارائه خوابگاه,,138,اصلی,,,
17436,آمار,دانشگاه لرستان - خرم آباد,لرستان,صرفا با سوابق تحصیلی,نوبت دوم,مرد و زن,5,,,,فاقد خوابگاه,,138,اصلی,,,
17437,ریاضیات و کاربردها,دانشگاه لرستان - خرم آباد,لرستان,صرفا با سوابق تحصیلی,نوبت دوم,مرد و زن,5,,,,فاقد خوابگاه,,138,اصلی,,,
17438,علوم و مهندسی آب,دانشگاه لرستان - خرم آباد,لرستان,صرفا با سوابق تحصیلی,نوبت دوم,مرد و زن,5,,,,فاقد خوابگاه,,138,اصلی,,,
17439,فیزیک,دانشگاه لرستان - خرم آباد,لرستان,صرفا با سوابق تحصیلی,نوبت دوم,مرد و زن,5,,,,فاقد خوابگاه,,138,اصلی,,,
17440,مهندسی معدن,دانشگاه لرستان - خرم آباد,لرستان,صرفا با سوابق تحصیلی,نوبت دوم,مرد و زن,10,,,,فاقد خوابگاه,,138,اصلی,,,
17441,مهندسی مکانیک بیوسیستم (این رشته متعلق به گروه کشاورزی است),دانشگاه لرستان - خرم آباد,لرستان,صرفا با سوابق تحصیلی,نوبت دوم,مرد و زن,5,,,,فاقد خوابگاه,,138,اصلی,,,
17456,زمین‌شناسی,دانشگاه لرستان - خرم آباد,لرستان,صرفا با سوابق تحصیلی,نوبت دوم,مرد و زن,5,,,,فاقد خوابگاه,,138,اصلی,,,
17457,زیست‌شناسی جانوری,دانشگاه لرستان - خرم آباد,لرستان,صرفا با سوابق تحصیلی,نوبت دوم,مرد و زن,5,,,,فاقد خوابگاه,,138,اصلی,,,
17458,زیست‌شناسی گیاهی,دانشگاه لرستان - خرم آباد,لرستان,صرفا با سوابق تحصیلی,نوبت دوم,مرد و زن,5,,,,فاقد خوابگاه,,138,اصلی,,,
17459,شیمی محض,دانشگاه لرستان - خرم آباد,لرستان,صرفا با سوابق تحصیلی,نوبت دوم,مرد و زن,5,,,,فاقد خوابگاه,,138,اصلی,,,
17460,علوم آزمایشگاهی دامپزشکی,دانشگاه لرستان - خرم آباد,لرستان,صرفا با سوابق تحصیلی,نوبت دوم,مرد و زن,5,,,,فاقد خوابگاه,,138,اصلی,,,
17461,علوم و مهندسی باغبانی,دانشگاه لرستان - خرم آباد,لرستان,صرفا با سوابق تحصیلی,نوبت دوم,مرد و زن,5,,,,فاقد خوابگاه,,138,اصلی,,,
17462,علوم و مهندسی جنگل,دانشگاه لرستان - خرم آباد,لرستان,صرفا با سوابق تحصیلی,نوبت دوم,مرد و زن,5,,,,فاقد خوابگاه,,138,اصلی,,,
17463,علوم و مهندسی خاک,دانشگاه لرستان - خرم آباد,لرستان,صرفا با سوابق تحصیلی,نوبت دوم,مرد و زن,5,,,,فاقد خوابگاه,,138,اصلی,,,
17464,علوم و مهندسی شیلات,دانشگاه لرستان - خرم آباد,لرستان,صرفا با سوابق تحصیلی,نوبت دوم,مرد و زن,5,,,,فاقد خوابگاه,,138,اصلی,,,
17465,علوم و مهندسی محیط‌زیست,دانشگاه لرستان - خرم آباد,لرستان,صرفا با سوابق تحصیلی,نوبت دوم,مرد و زن,5,,,,فاقد خوابگاه,,138,اصلی,,,
17466,مهندسی تولید و ژنتیک گیاهی,دانشگاه لرستان - خرم آباد,لرستان,صرفا با سوابق تحصیلی,نوبت دوم,مرد و زن,5,,,,فاقد خوابگاه,,138,اصلی,,,
17467,مهندسی طبیعت,دانشگاه لرستان - خرم آباد,لرستان,صرفا با سوابق تحصیلی,نوبت دوم,مرد و زن,5,,,,فاقد خوابگاه,,138,اصلی,,,
17468,مهندسی علوم دامی,دانشگاه لرستان - خرم آباد,لرستان,صرفا با سوابق تحصیلی,نوبت دوم,مرد و زن,5,,,,فاقد خوابگاه,,138,اصلی,,,
17469,مهندسی گیاهپزشکی,دانشگاه لرستان - خرم آباد,لرستان,صرفا با سوابق تحصیلی,نوبت دوم,مرد و زن,5,,,,فاقد خوابگاه,,138,اصلی,,,
17471,علوم ورزشی,دانشگاه لرستان - خرم آباد,لرستان,صرفا با سوابق تحصیلی,نوبت دوم,مرد و زن,10,,,,فاقد خوابگاه,,138,اصلی,,,
17472,فلسفه و کلام اسلامی,دانشگاه لرستان - خرم آباد,لرستان,صرفا با سوابق تحصیلی,نوبت دوم,مرد و زن,5,,,,فاقد خوابگاه,,138,اصلی,,,
31123,مهندسی حرفه‌ای کامپیوتر,دانشگاه ملی مهارت - آموزشکده پسران خرم‌آباد,لرستان,با آزمون,روزانه,مرد,24,,,,,,138,اصلی,,,
17620,مهندسی حرفه‌ای کامپیوتر,دانشگاه ملی مهارت - آموزشکده پسران خرم‌آباد,لرستان,صرفا با سوابق تحصیلی,روزانه,مرد,,24,,,,,138,اصلی,,,
17621,مهندسی حرفه‌ای معماری,دانشگاه ملی مهارت - آموزشکده پسران خرم‌آباد,لرستان,صرفا با سوابق تحصیلی,روزانه,مرد,24,,,,,,138,اصلی,,,
17622,مهندسی حرفه‌ای معماری,دانشگاه ملی مهارت - آموزشکده پسران خرم‌آباد,لرستان,صرفا با سوابق تحصیلی,روزانه,مرد,,24,,,,,138,اصلی,,,
17623,مهندسی حرفه‌ای کامپیوتر,دانشگاه ملی مهارت - آموزشکده پسران خرم‌آباد,لرستان,صرفا با سوابق تحصیلی,نوبت دوم,مرد,5,,,,,,138,اصلی,,,
17624,مهندسی حرفه‌ای کامپیوتر,دانشگاه ملی مهارت - آموزشکده پسران خرم‌آباد,لرستان,صرفا با سوابق تحصیلی,نوبت دوم,مرد,,5,,,,,138,اصلی,,,
17625,مهندسی حرفه‌ای معماری,دانشگاه ملی مهارت - آموزشکده پسران خرم‌آباد,لرستان,صرفا با سوابق تحصیلی,نوبت دوم,مرد,5,,,,,,138,اصلی,,,
17626,مهندسی حرفه‌ای معماری,دانشگاه ملی مهارت - آموزشکده پسران خرم‌آباد,لرستان,صرفا با سوابق تحصیلی,نوبت دوم,مرد,,5,,,,,138,اصلی,,,
36465,حسابداری,دانشگاه ملی مهارت - آموزشکده پسران بروجرد,لرستان,با آزمون,روزانه,مرد,3,,,,,,139,اصلی,,,
36466,حسابداری,دانشگاه ملی مهارت - آموزشکده پسران بروجرد,لرستان,با آزمون,روزانه,مرد,,3,,,,,139,اصلی,,,
17627,طراحی لباس,دانشگاه ملی مهارت - آموزشکده دختران خرم‌آباد,لرستان,صرفا با سوابق تحصیلی,روزانه,زن,,25,,,,,139,اصلی,,,
17628,طراحی لباس,دانشگاه ملی مهارت - آموزشکده دختران خرم‌آباد,لرستان,صرفا با سوابق تحصیلی,نوبت دوم,زن,,5,,,,,139,اصلی,,,
17629,گرافیک,دانشگاه ملی مهارت - آموزشکده دختران خرم‌آباد,لرستان,صرفا با سوابق تحصیلی,نوبت دوم,زن,5,,,,,,139,اصلی,,,
31124,مهندسی برق,دانشگاه تخصصی فنّاوریهای نوین آمل,مازندران,با آزمون,روزانه,مرد و زن,25,,,,معرفی به خوابگاه‌های خودگردان,,139,اصلی,,,
31125,مهندسی پزشکی,دانشگاه تخصصی فنّاوریهای نوین آمل,مازندران,با آزمون,روزانه,مرد و زن,20,,,,معرفی به خوابگاه‌های خودگردان,,139,اصلی,,,
31126,مهندسی شیمی,دانشگاه تخصصی فنّاوریهای نوین آمل,مازندران,با آزمون,روزانه,مرد و زن,25,,,,معرفی به خوابگاه‌های خودگردان,,139,اصلی,,,
31127,مهندسی کامپیوتر,دانشگاه تخصصی فنّاوریهای نوین آمل,مازندران,با آزمون,روزانه,مرد و زن,27,,,,معرفی به خوابگاه‌های خودگردان,,139,اصلی,,,
31128,مهندسی مکانیک,دانشگاه تخصصی فنّاوریهای نوین آمل,مازندران,با آزمون,روزانه,مرد و زن,22,,,,معرفی به خوابگاه‌های خودگردان,,139,اصلی,,,
31129,مهندسی برق,دانشگاه تخصصی فنّاوریهای نوین آمل,مازندران,با آزمون,نوبت دوم,مرد و زن,6,,,,معرفی به خوابگاه‌های خودگردان,,139,اصلی,,,
31130,مهندسی پزشکی,دانشگاه تخصصی فنّاوریهای نوین آمل,مازندران,با آزمون,نوبت دوم,مرد و زن,5,,,,معرفی به خوابگاه‌های خودگردان,,139,اصلی,,,
31131,مهندسی شیمی,دانشگاه تخصصی فنّاوریهای نوین آمل,مازندران,با آزمون,نوبت دوم,مرد و زن,7,,,,معرفی به خوابگاه‌های خودگردان,,139,اصلی,,,
31132,مهندسی کامپیوتر,دانشگاه تخصصی فنّاوریهای نوین آمل,مازندران,با آزمون,نوبت دوم,مرد و زن,6,,,,معرفی به خوابگاه‌های خودگردان,,139,اصلی,,,
17642,بهداشت مواد غذایی,دانشگاه تخصصی فنّاوریهای نوین آمل,مازندران,صرفا با سوابق تحصیلی,روزانه,مرد و زن,21,,,,معرفی به خوابگاه‌های خودگردان,,139,اصلی,,,
17643,بهداشت و بازرسی گوشت,دانشگاه تخصصی فنّاوریهای نوین آمل,مازندران,صرفا با سوابق تحصیلی,روزانه,مرد و زن,20,,,,معرفی به خوابگاه‌های خودگردان,,139,اصلی,,,
17644,زیست‌شناسی جانوری,دانشگاه تخصصی فنّاوریهای نوین آمل,مازندران,صرفا با سوابق تحصیلی,روزانه,مرد و زن,20,,,,معرفی به خوابگاه‌های خودگردان,,139,اصلی,,,
17645,علوم و مهندسی باغبانی,دانشگاه تخصصی فنّاوریهای نوین آمل,مازندران,صرفا با سوابق تحصیلی,روزانه,مرد و زن,20,,,,معرفی به خوابگاه‌های خودگردان,,139,اصلی,,,
17646,کاردانی تولید و بهره‌برداری از گیاهان دارویی و معطر,دانشگاه تخصصی فنّاوریهای نوین آمل,مازندران,صرفا با سوابق تحصیلی,روزانه,مرد و زن,30,,,,معرفی به خوابگاه‌های خودگردان,,139,اصلی,,,
17647,بهداشت مواد غذایی,دانشگاه تخصصی فنّاوریهای نوین آمل,مازندران,صرفا با سوابق تحصیلی,نوبت دوم,مرد و زن,6,,,,معرفی به خوابگاه‌های خودگردان,,139,اصلی,,,
17648,بهداشت و بازرسی گوشت,دانشگاه تخصصی فنّاوریهای نوین آمل,مازندران,صرفا با سوابق تحصیلی,نوبت دوم,مرد و زن,6,,,,معرفی به خوابگاه‌های خودگردان,,139,اصلی,,,
17649,علوم و مهندسی باغبانی,دانشگاه تخصصی فنّاوریهای نوین آمل,مازندران,صرفا با سوابق تحصیلی,نوبت دوم,مرد و زن,4,,,,معرفی به خوابگاه‌های خودگردان,,139,اصلی,,,
17650,کاردانی تولید و بهره‌برداری از گیاهان دارویی و معطر,دانشگاه تخصصی فنّاوریهای نوین آمل,مازندران,صرفا با سوابق تحصیلی,نوبت دوم,مرد و زن,10,,,,معرفی به خوابگاه‌های خودگردان,,139,اصلی,,,
31133,مهندسی ماشین‌آلات دریایی,دانشگاه صنعت نفت (محل تحصیل واحد محمودآباد مازندران),مازندران,با آزمون,روزانه,مرد,25,,,,دارای خوابگاه ملکی,,139,اصلی,,,
31134,ریاضیات و کاربردها,دانشگاه صنعتی نوشیروانی بابل,مازندران,با آزمون,روزانه,مرد و زن,40,,,,محدودیت در ارائه خوابگاه,,139,اصلی,,,
31135,فیزیک مهندسی,دانشگاه صنعتی نوشیروانی بابل,مازندران,با آزمون,روزانه,مرد و زن,24,,,,محدودیت در ارائه خوابگاه,,139,اصلی,,,
31136,مهندسی برق,دانشگاه صنعتی نوشیروانی بابل,مازندران,با آزمون,روزانه,مرد و زن,93,,,,محدودیت در ارائه خوابگاه,,139,اصلی,,,
31137,مهندسی برق,دانشگاه صنعتی نوشیروانی بابل,مازندران,با آزمون,روزانه,مرد و زن,1,,,,دارای مصاحبه - بورس شرکت مجتمع فراصنعت طبرستان - شرایط در دفترچه «پیوست‌ها» - محدودیت در ارائه خوابگاه,,139,اصلی,,,
31138,مهندسی برق,دانشگاه صنعتی نوشیروانی بابل,مازندران,با آزمون,روزانه,مرد و زن,4,,,,دارای مصاحبه - بورس شرکت خزر ترانسفو - شرایط در دفترچه «پیوست‌ها» - محدودیت در ارائه خوابگاه,,139,اصلی,,,
31139,مهندسی برق,دانشگاه صنعتی نوشیروانی بابل,مازندران,با آزمون,روزانه,مرد,1,,,,دارای مصاحبه - بورس شرکت ریختهگری فولاد طبرستان - شرایط در دفترچه «پیوست‌ها» - محدودیت در ارائه خوابگاه,,139,اصلی,,,
31140,مهندسی برق,دانشگاه صنعتی نوشیروانی بابل,مازندران,با آزمون,روزانه,مرد,1,,,,دارای مصاحبه - بورس شرکت صنعت سبز طبرستان - شرایط در دفترچه «پیوست‌ها» - محدودیت در ارائه خوابگاه,,140,اصلی,,,
31141,مهندسی برق,دانشگاه صنعتی نوشیروانی بابل,مازندران,با آزمون,روزانه,مرد و زن,5,,,,دارای مصاحبه - بورس شرکت نگار خودروی شمال - شرایط در دفترچه «پیوست‌ها» - محدودیت در ارائه خوابگاه,,140,اصلی,,,
31142,مهندسی دریا,دانشگاه صنعتی نوشیروانی بابل,مازندران,با آزمون,روزانه,مرد و زن,21,,,,محدودیت در ارائه خوابگاه,,140,اصلی,,,
31143,مهندسی ساخت و تولید,دانشگاه صنعتی نوشیروانی بابل,مازندران,با آزمون,روزانه,مرد و زن,27,,,,محدودیت در ارائه خوابگاه,,140,اصلی,,,
31144,مهندسی ساخت و تولید,دانشگاه صنعتی نوشیروانی بابل,مازندران,با آزمون,روزانه,مرد و زن,1,,,,دارای مصاحبه - بورس شرکت مجتمع فراصنعت طبرستان - شرایط در دفترچه «پیوست‌ها» - محدودیت در ارائه خوابگاه,,140,اصلی,,,
31145,مهندسی ساخت و تولید,دانشگاه صنعتی نوشیروانی بابل,مازندران,با آزمون,روزانه,مرد,2,,,,دارای مصاحبه - بورس شرکت ریختهگری محمود چلنگری جویباری - شرایط در دفترچه «پیوست‌ها» - محدودیت در ارائه خوابگاه,,140,اصلی,,,
31146,مهندسی شیمی,دانشگاه صنعتی نوشیروانی بابل,مازندران,با آزمون,روزانه,مرد,2,,,,دارای مصاحبه - بورس شرکت ریختهگری محمود چلنگری جویباری - شرایط در دفترچه «پیوست‌ها» - محدودیت در ارائه خوابگاه,,140,اصلی,,,
31147,مهندسی شیمی,دانشگاه صنعتی نوشیروانی بابل,مازندران,با آزمون,روزانه,مرد و زن,1,,,,دارای مصاحبه - بورس شرکت خزر ترانسفو - شرایط در دفترچه «پیوست‌ها» - محدودیت در ارائه خوابگاه,,140,اصلی,,,
31148,مهندسی شیمی,دانشگاه صنعتی نوشیروانی بابل,مازندران,با آزمون,روزانه,مرد,3,,,,دارای مصاحبه - بورس شرکت صنعت سبز طبرستان - شرایط در دفترچه «پیوست‌ها» - محدودیت در ارائه خوابگاه,,140,اصلی,,,
31149,مهندسی شیمی,دانشگاه صنعتی نوشیروانی بابل,مازندران,با آزمون,روزانه,مرد و زن,60,,,,محدودیت در ارائه خوابگاه,,140,اصلی,,,
31150,مهندسی صنایع و سیستم‌ها,دانشگاه صنعتی نوشیروانی بابل,مازندران,با آزمون,روزانه,مرد و زن,30,,,,محدودیت در ارائه خوابگاه,,140,اصلی,,,
31151,مهندسی صنایع و سیستم‌ها,دانشگاه صنعتی نوشیروانی بابل,مازندران,با آزمون,روزانه,مرد و زن,2,,,,دارای مصاحبه - بورس شرکت صنعت سبز طبرستان - شرایط در دفترچه «پیوست‌ها» - محدودیت در ارائه خوابگاه,,140,اصلی,,,
31152,مهندسی صنایع و سیستم‌ها,دانشگاه صنعتی نوشیروانی بابل,مازندران,با آزمون,روزانه,مرد و زن,1,,,,دارای مصاحبه - بورس شرکت مجتمع فراصنعت طبرستان - شرایط در دفترچه «پیوست‌ها» - محدودیت در ارائه خوابگاه,,140,اصلی,,,
31153,مهندسی صنایع و سیستم‌ها,دانشگاه صنعتی نوشیروانی بابل,مازندران,با آزمون,روزانه,مرد و زن,1,,,,دارای مصاحبه - بورس شرکت خزر ترانسفو - شرایط در دفترچه «پیوست‌ها» - محدودیت در ارائه خوابگاه,,140,اصلی,,,
31154,مهندسی صنایع و سیستم‌ها,دانشگاه صنعتی نوشیروانی بابل,مازندران,با آزمون,روزانه,مرد,1,,,,دارای مصاحبه - بورس شرکت ریختهگری فولاد طبرستان - شرایط در دفترچه «پیوست‌ها» - محدودیت در ارائه خوابگاه,,140,اصلی,,,
31155,مهندسی صنایع و سیستم‌ها,دانشگاه صنعتی نوشیروانی بابل,مازندران,با آزمون,روزانه,مرد و زن,3,,,,دارای مصاحبه - بورس شرکت نگار خودروی شمال - شرایط در دفترچه «پیوست‌ها» - محدودیت در ارائه خوابگاه,,140,اصلی,,,
31156,مهندسی عمران,دانشگاه صنعتی نوشیروانی بابل,مازندران,با آزمون,روزانه,مرد و زن,59,,,,محدودیت در ارائه خوابگاه,,140,اصلی,,,
31157,مهندسی کامپیوتر,دانشگاه صنعتی نوشیروانی بابل,مازندران,با آزمون,روزانه,مرد و زن,42,,,,محدودیت در ارائه خوابگاه,,140,اصلی,,,
31158,مهندسی کامپیوتر,دانشگاه صنعتی نوشیروانی بابل,مازندران,با آزمون,روزانه,مرد و زن,3,,,,دارای مصاحبه - بورس شرکت نگار خودروی شمال - شرایط در دفترچه «پیوست‌ها» - محدودیت در ارائه خوابگاه,,140,اصلی,,,
31159,مهندسی معماری,دانشگاه صنعتی نوشیروانی بابل,مازندران,با آزمون,روزانه,مرد و زن,14,,,,محدودیت در ارائه خوابگاه,,140,اصلی,,,
31160,مهندسی مکانیک,دانشگاه صنعتی نوشیروانی بابل,مازندران,با آزمون,روزانه,مرد و زن,60,,,,محدودیت در ارائه خوابگاه,,141,اصلی,,,
31161,مهندسی مکانیک,دانشگاه صنعتی نوشیروانی بابل,مازندران,با آزمون,روزانه,مرد و زن,3,,,,دارای مصاحبه - بورس شرکت نگار خودروی شمال - شرایط در دفترچه «پیوست‌ها» - محدودیت در ارائه خوابگاه,,141,اصلی,,,
31162,مهندسی مکانیک,دانشگاه صنعتی نوشیروانی بابل,مازندران,با آزمون,روزانه,مرد,1,,,,دارای مصاحبه - بورس شرکت صنعت سبز طبرستان - شرایط در دفترچه «پیوست‌ها» - محدودیت در ارائه خوابگاه,,141,اصلی,,,
31163,مهندسی مکانیک,دانشگاه صنعتی نوشیروانی بابل,مازندران,با آزمون,روزانه,مرد و زن,2,,,,دارای مصاحبه - بورس شرکت خزر ترانسفو - شرایط در دفترچه «پیوست‌ها» - محدودیت در ارائه خوابگاه,,141,اصلی,,,
31164,مهندسی نقشه‌برداری,دانشگاه صنعتی نوشیروانی بابل,مازندران,با آزمون,روزانه,مرد و زن,32,,,,محدودیت در ارائه خوابگاه,,141,اصلی,,,
31165,مهندسی و علم مواد,دانشگاه صنعتی نوشیروانی بابل,مازندران,با آزمون,روزانه,مرد و زن,27,,,,محدودیت در ارائه خوابگاه,,141,اصلی,,,
31166,مهندسی و علم مواد,دانشگاه صنعتی نوشیروانی بابل,مازندران,با آزمون,روزانه,مرد و زن,2,,,,دارای مصاحبه - بورس شرکت خزر ترانسفو - شرایط در دفترچه «پیوست‌ها» - محدودیت در ارائه خوابگاه,,141,اصلی,,,
31167,مهندسی و علم مواد,دانشگاه صنعتی نوشیروانی بابل,مازندران,با آزمون,روزانه,مرد,2,,,,دارای مصاحبه - بورس شرکت ریختهگری محمود چلنگری جویباری - شرایط در دفترچه «پیوست‌ها» - محدودیت در ارائه خوابگاه,,141,اصلی,,,
31168,فیزیک مهندسی,دانشگاه صنعتی نوشیروانی بابل,مازندران,با آزمون,نوبت دوم,مرد و زن,16,,,,فاقد خوابگاه,,141,اصلی,,,
31169,مهندسی برق,دانشگاه صنعتی نوشیروانی بابل,مازندران,با آزمون,نوبت دوم,مرد و زن,61,,,,فاقد خوابگاه,,141,اصلی,,,
31170,مهندسی دریا,دانشگاه صنعتی نوشیروانی بابل,مازندران,با آزمون,نوبت دوم,مرد و زن,14,,,,فاقد خوابگاه,,141,اصلی,,,
31171,مهندسی ساخت و تولید,دانشگاه صنعتی نوشیروانی بابل,مازندران,با آزمون,نوبت دوم,مرد و زن,18,,,,فاقد خوابگاه,,141,اصلی,,,
31172,مهندسی شیمی,دانشگاه صنعتی نوشیروانی بابل,مازندران,با آزمون,نوبت دوم,مرد و زن,40,,,,فاقد خوابگاه,,141,اصلی,,,
31173,مهندسی صنایع و سیستم‌ها,دانشگاه صنعتی نوشیروانی بابل,مازندران,با آزمون,نوبت دوم,مرد و زن,20,,,,فاقد خوابگاه,,141,اصلی,,,
31174,مهندسی عمران,دانشگاه صنعتی نوشیروانی بابل,مازندران,با آزمون,نوبت دوم,مرد و زن,39,,,,فاقد خوابگاه,,141,اصلی,,,
31175,مهندسی کامپیوتر,دانشگاه صنعتی نوشیروانی بابل,مازندران,با آزمون,نوبت دوم,مرد و زن,28,,,,فاقد خوابگاه,,141,اصلی,,,
31176,مهندسی معماری,دانشگاه صنعتی نوشیروانی بابل,مازندران,با آزمون,نوبت دوم,مرد و زن,9,,,,فاقد خوابگاه,,141,اصلی,,,
31177,مهندسی مکانیک,دانشگاه صنعتی نوشیروانی بابل,مازندران,با آزمون,نوبت دوم,مرد و زن,40,,,,فاقد خوابگاه,,141,اصلی,,,
31178,مهندسی نقشه‌برداری,دانشگاه صنعتی نوشیروانی بابل,مازندران,با آزمون,نوبت دوم,مرد و زن,20,,,,فاقد خوابگاه,,141,اصلی,,,
31179,مهندسی و علم مواد,دانشگاه صنعتی نوشیروانی بابل,مازندران,با آزمون,نوبت دوم,مرد و زن,18,,,,فاقد خوابگاه,,141,اصلی,,,
31180,علوم کامپیوتر,دانشگاه علم و ف ّناوری مازندران - بهشهر,مازندران,با آزمون,روزانه,مرد و زن,45,,,,معرفی به خوابگاه‌های خودگردان,,141,اصلی,,,
31181,مهندسی برق,دانشگاه علم و ف ّناوری مازندران - بهشهر,مازندران,با آزمون,روزانه,مرد و زن,80,,,,معرفی به خوابگاه‌های خودگردان,,141,اصلی,,,
31182,مهندسی شیمی,دانشگاه علم و ف ّناوری مازندران - بهشهر,مازندران,با آزمون,روزانه,مرد و زن,45,,,,معرفی به خوابگاه‌های خودگردان,,141,اصلی,,,
31183,مهندسی صنایع و سیستم‌ها,دانشگاه علم و ف ّناوری مازندران - بهشهر,مازندران,با آزمون,روزانه,مرد و زن,45,,,,معرفی به خوابگاه‌های خودگردان,,141,اصلی,,,
31184,مهندسی عمران,دانشگاه علم و ف ّناوری مازندران - بهشهر,مازندران,با آزمون,روزانه,مرد و زن,49,,,,معرفی به خوابگاه‌های خودگردان,,141,اصلی,,,
31185,مهندسی کامپیوتر,دانشگاه علم و ف ّناوری مازندران - بهشهر,مازندران,با آزمون,روزانه,مرد و زن,50,,,,معرفی به خوابگاه‌های خودگردان,,141,اصلی,,,
31186,مهندسی مکانیک,دانشگاه علم و ف ّناوری مازندران - بهشهر,مازندران,با آزمون,روزانه,مرد و زن,30,,,,معرفی به خوابگاه‌های خودگردان,,141,اصلی,,,
31187,مهندسی نفت و زمین‌انرژی,دانشگاه علم و ف ّناوری مازندران - بهشهر,مازندران,با آزمون,روزانه,مرد و زن,30,,,,معرفی به خوابگاه‌های خودگردان,,141,اصلی,,,
31188,علوم کامپیوتر,دانشگاه علم و ف ّناوری مازندران - بهشهر,مازندران,با آزمون,نوبت دوم,مرد و زن,2,,,,معرفی به خوابگاه‌های خودگردان,,141,اصلی,,,
31189,مهندسی برق,دانشگاه علم و ف ّناوری مازندران - بهشهر,مازندران,با آزمون,نوبت دوم,مرد و زن,2,,,,معرفی به خوابگاه‌های خودگردان,,141,اصلی,,,
31190,مهندسی شیمی,دانشگاه علم و ف ّناوری مازندران - بهشهر,مازندران,با آزمون,نوبت دوم,مرد و زن,2,,,,معرفی به خوابگاه‌های خودگردان,,141,اصلی,,,
31191,مهندسی صنایع و سیستم‌ها,دانشگاه علم و ف ّناوری مازندران - بهشهر,مازندران,با آزمون,نوبت دوم,مرد و زن,2,,,,معرفی به خوابگاه‌های خودگردان,,141,اصلی,,,
31192,مهندسی عمران,دانشگاه علم و ف ّناوری مازندران - بهشهر,مازندران,با آزمون,نوبت دوم,مرد و زن,2,,,,معرفی به خوابگاه‌های خودگردان,,141,اصلی,,,
31193,مهندسی کامپیوتر,دانشگاه علم و ف ّناوری مازندران - بهشهر,مازندران,با آزمون,نوبت دوم,مرد و زن,2,,,,معرفی به خوابگاه‌های خودگردان,,141,اصلی,,,
17652,ریاضیات و کاربردها,دانشگاه علم و ف ّناوری مازندران - بهشهر,مازندران,صرفا با سوابق تحصیلی,روزانه,مرد و زن,40,,,,معرفی به خوابگاه‌های خودگردان,,141,اصلی,,,
17653,مهندسی انرژی,دانشگاه علم و ف ّناوری مازندران - بهشهر,مازندران,صرفا با سوابق تحصیلی,روزانه,مرد و زن,30,,,,معرفی به خوابگاه‌های خودگردان,,141,اصلی,,,
17654,ریاضیات و کاربردها,دانشگاه علم و ف ّناوری مازندران - بهشهر,مازندران,صرفا با سوابق تحصیلی,نوبت دوم,مرد و زن,2,,,,معرفی به خوابگاه‌های خودگردان,,141,اصلی,,,
31194,ریاضیات و کاربردها,دانشگاه مازندران - بابلسر,مازندران,با آزمون,روزانه,مرد و زن,40,,,,محدودیت در ارائه خوابگاه,,142,اصلی,,,
31195,علوم کامپیوتر,دانشگاه مازندران - بابلسر,مازندران,با آزمون,روزانه,مرد و زن,35,,,,محدودیت در ارائه خوابگاه,,142,اصلی,,,
31196,علوم کامپیوتر,دانشگاه مازندران - بابلسر,مازندران,با آزمون,روزانه,مرد,1,,,,دارای مصاحبه - بورس شرکت مواد نسوز مازند پارس - شرایط در دفترچه «پیوست‌ها» - محدودیت در ارائه خوابگاه,,142,اصلی,,,
31197,علوم کامپیوتر,دانشگاه مازندران - بابلسر,مازندران,با آزمون,روزانه,مرد و زن,3,,,,دارای مصاحبه - بورس شرکت نگار خودروی شمال - شرایط در دفترچه «پیوست‌ها» - محدودیت در ارائه خوابگاه,,142,اصلی,,,
31198,مهندسی برق,دانشگاه مازندران - بابلسر,مازندران,با آزمون,روزانه,مرد,3,,,,دارای مصاحبه - بورس شرکت مواد نسوز مازند پارس - شرایط در دفترچه «پیوست‌ها» - محدودیت در ارائه خوابگاه,,142,اصلی,,,
31199,مهندسی برق,دانشگاه مازندران - بابلسر,مازندران,با آزمون,روزانه,مرد و زن,2,,,,دارای مصاحبه - بورس شرکت خزر ترانسفو - شرایط در دفترچه «پیوست‌ها» - محدودیت در ارائه خوابگاه,,142,اصلی,,,
31200,مهندسی برق,دانشگاه مازندران - بابلسر,مازندران,با آزمون,روزانه,مرد,2,,,,دارای مصاحبه - بورس شرکت مازرون فوم قائم - شرایط در دفترچه «پیوست‌ها» - محدودیت در ارائه خوابگاه,,142,اصلی,,,
31201,مهندسی برق,دانشگاه مازندران - بابلسر,مازندران,با آزمون,روزانه,مرد,1,,,,دارای مصاحبه - بورس شرکت صنعتی خزر الکتریک - شرایط در دفترچه «پیوست‌ها» - محدودیت در ارائه خوابگاه,,142,اصلی,,,
31202,مهندسی برق,دانشگاه مازندران - بابلسر,مازندران,با آزمون,روزانه,مرد,2,,,,دارای مصاحبه - بورس شرکت رسا ارتباطات صفه - شرایط در دفترچه «پیوست‌ها» - محدودیت در ارائه خوابگاه,,142,اصلی,,,
31203,مهندسی برق,دانشگاه مازندران - بابلسر,مازندران,با آزمون,روزانه,مرد,1,,,,دارای مصاحبه - بورس شرکت خطیر ماشین - شرایط در دفترچه «پیوست‌ها» - محدودیت در ارائه خوابگاه,,142,اصلی,,,
31204,مهندسی برق,دانشگاه مازندران - بابلسر,مازندران,با آزمون,روزانه,زن,1,,,,دارای مصاحبه - بورس شرکت خطیر ماشین - شرایط در دفترچه «پیوست‌ها» - محدودیت در ارائه خوابگاه,,142,اصلی,,,
31205,مهندسی برق,دانشگاه مازندران - بابلسر,مازندران,با آزمون,روزانه,مرد,1,,,,دارای مصاحبه - بورس شرکت صنایع غذایی بابل آب - شرایط در دفترچه «پیوست‌ها» - محدودیت در ارائه خوابگاه,,142,اصلی,,,
31206,مهندسی برق,دانشگاه مازندران - بابلسر,مازندران,با آزمون,روزانه,مرد,1,,,,دارای مصاحبه - بورس شرکت پلاست نیک ساری - شرایط در دفترچه «پیوست‌ها» - محدودیت در ارائه خوابگاه,,142,اصلی,,,
31207,مهندسی برق,دانشگاه مازندران - بابلسر,مازندران,با آزمون,روزانه,مرد و زن,2,,,,دارای مصاحبه - بورس شرکت فنی و مهندسی تابش رعد مازند - شرایط در دفترچه «پیوست‌ها» - محدودیت در ارائه خوابگاه,,142,اصلی,,,
31208,مهندسی برق,دانشگاه مازندران - بابلسر,مازندران,با آزمون,روزانه,مرد و زن,5,,,,دارای مصاحبه - بورس شرکت نگار خودروی شمال - شرایط در دفترچه «پیوست‌ها» - محدودیت در ارائه خوابگاه,,142,اصلی,,,
31209,مهندسی برق,دانشگاه مازندران - بابلسر,مازندران,با آزمون,روزانه,مرد و زن,45,,,,محدودیت در ارائه خوابگاه,,142,اصلی,,,
31210,مهندسی پلیمر,دانشگاه مازندران - بابلسر,مازندران,با آزمون,روزانه,مرد و زن,25,,,,محدودیت در ارائه خوابگاه,,142,اصلی,,,
31211,مهندسی پلیمر,دانشگاه مازندران - بابلسر,مازندران,با آزمون,روزانه,مرد و زن,2,,,,دارای مصاحبه - بورس شرکت پلاست نیک ساری - شرایط در دفترچه «پیوست‌ها» - محدودیت در ارائه خوابگاه,,142,اصلی,,,
31212,مهندسی پلیمر,دانشگاه مازندران - بابلسر,مازندران,با آزمون,روزانه,مرد و زن,1,,,,دارای مصاحبه - بورس شرکت صنعت سبز طبرستان - شرایط در دفترچه «پیوست‌ها» - محدودیت در ارائه خوابگاه,,143,اصلی,,,
31213,مهندسی پلیمر,دانشگاه مازندران - بابلسر,مازندران,با آزمون,روزانه,مرد,3,,,,دارای مصاحبه - بورس شرکت مازرون فوم قائم - شرایط در دفترچه «پیوست‌ها» - محدودیت در ارائه خوابگاه,,143,اصلی,,,
31214,مهندسی پلیمر,دانشگاه مازندران - بابلسر,مازندران,با آزمون,روزانه,مرد و زن,2,,,,دارای مصاحبه - بورس شرکت نیکا اتصالات بسپار ایرانیان - شرایط در دفترچه «پیوست‌ها» - محدودیت در ارائه خوابگاه,,143,اصلی,,,
31215,مهندسی پلیمر,دانشگاه مازندران - بابلسر,مازندران,با آزمون,روزانه,مرد و زن,2,,,,دارای مصاحبه - بورس شرکت نیکا پلیمر ایرانیان - شرایط در دفترچه «پیوست‌ها» - محدودیت در ارائه خوابگاه,,143,اصلی,,,
31216,مهندسی شهرسازی,دانشگاه مازندران - بابلسر,مازندران,با آزمون,روزانه,مرد و زن,25,,,,محدودیت در ارائه خوابگاه,,143,اصلی,,,
31217,مهندسی شیمی,دانشگاه مازندران - بابلسر,مازندران,با آزمون,روزانه,مرد و زن,40,,,,محدودیت در ارائه خوابگاه,,143,اصلی,,,
31218,مهندسی شیمی,دانشگاه مازندران - بابلسر,مازندران,با آزمون,روزانه,مرد و زن,2,,,,دارای مصاحبه - بورس شرکت پلاست نیک ساری - شرایط در دفترچه «پیوست‌ها» - محدودیت در ارائه خوابگاه,,143,اصلی,,,
31219,مهندسی عمران,دانشگاه مازندران - بابلسر,مازندران,با آزمون,روزانه,مرد و زن,45,,,,محدودیت در ارائه خوابگاه,,143,اصلی,,,
31220,مهندسی کامپیوتر,دانشگاه مازندران - بابلسر,مازندران,با آزمون,روزانه,مرد و زن,36,,,,محدودیت در ارائه خوابگاه,,143,اصلی,,,
31221,مهندسی کامپیوتر,دانشگاه مازندران - بابلسر,مازندران,با آزمون,روزانه,مرد و زن,5,,,,دارای مصاحبه - بورس شرکت نگار خودروی شمال - شرایط در دفترچه «پیوست‌ها» - محدودیت در ارائه خوابگاه,,143,اصلی,,,
31222,مهندسی کامپیوتر,دانشگاه مازندران - بابلسر,مازندران,با آزمون,روزانه,زن,3,,,,دارای مصاحبه - بورس شرکت رسا ارتباطات صفه - شرایط در دفترچه «پیوست‌ها» - محدودیت در ارائه خوابگاه,,143,اصلی,,,
31223,مهندسی کامپیوتر,دانشگاه مازندران - بابلسر,مازندران,با آزمون,روزانه,مرد و زن,5,,,,دارای مصاحبه - بورس شرکت دایا تدبیر یسر - شرایط در دفترچه «پیوست‌ها» - محدودیت در ارائه خوابگاه,,143,اصلی,,,
31224,مهندسی معماری,دانشگاه مازندران - بابلسر,مازندران,با آزمون,روزانه,مرد و زن,25,,,,محدودیت در ارائه خوابگاه,,143,اصلی,,,
31225,مهندسی مکانیک,دانشگاه مازندران - بابلسر,مازندران,با آزمون,روزانه,مرد و زن,45,,,,محدودیت در ارائه خوابگاه,,143,اصلی,,,
31226,مهندسی مکانیک,دانشگاه مازندران - بابلسر,مازندران,با آزمون,روزانه,مرد,2,,,,دارای مصاحبه - بورس شرکت مازرون فوم قائم - شرایط در دفترچه «پیوست‌ها» - محدودیت در ارائه خوابگاه,,143,اصلی,,,
31227,مهندسی مکانیک,دانشگاه مازندران - بابلسر,مازندران,با آزمون,روزانه,مرد و زن,2,,,,دارای مصاحبه - بورس شرکت خزر ترانسفو - شرایط در دفترچه «پیوست‌ها» - محدودیت در ارائه خوابگاه,,143,اصلی,,,
31228,مهندسی مکانیک,دانشگاه مازندران - بابلسر,مازندران,با آزمون,روزانه,مرد,3,,,,دارای مصاحبه - بورس شرکت مواد نسوز مازند پارس - شرایط در دفترچه «پیوست‌ها» - محدودیت در ارائه خوابگاه,,143,اصلی,,,
31229,مهندسی مکانیک,دانشگاه مازندران - بابلسر,مازندران,با آزمون,روزانه,مرد,2,,,,دارای مصاحبه - بورس شرکت خطیر ماشین - شرایط در دفترچه «پیوست‌ها» - محدودیت در ارائه خوابگاه,,143,اصلی,,,
31230,مهندسی مکانیک,دانشگاه مازندران - بابلسر,مازندران,با آزمون,روزانه,مرد,1,,,,دارای مصاحبه - بورس شرکت صنعتی خزر الکتریک - شرایط در دفترچه «پیوست‌ها» - محدودیت در ارائه خوابگاه,,143,اصلی,,,
31231,مهندسی مکانیک,دانشگاه مازندران - بابلسر,مازندران,با آزمون,روزانه,مرد و زن,5,,,,دارای مصاحبه - بورس شرکت نگار خودروی شمال - شرایط در دفترچه «پیوست‌ها» - محدودیت در ارائه خوابگاه,,143,اصلی,,,
31232,مهندسی مکانیک,دانشگاه مازندران - بابلسر,مازندران,با آزمون,روزانه,مرد,1,,,,دارای مصاحبه - بورس شرکت پلاست نیک ساری - شرایط در دفترچه «پیوست‌ها» - محدودیت در ارائه خوابگاه,,144,اصلی,,,
31233,مهندسی مکانیک,دانشگاه مازندران - بابلسر,مازندران,با آزمون,روزانه,مرد,1,,,,دارای مصاحبه - بورس شرکت صنایع غذایی بابل آب - شرایط در دفترچه «پیوست‌ها» - محدودیت در ارائه خوابگاه,,144,اصلی,,,
36467,اقتصاد,دانشگاه مازندران - بابلسر,مازندران,با آزمون,روزانه,مرد و زن,30,,,,محدودیت در ارائه خوابگاه,,144,اصلی,,,
36468,حسابداری,دانشگاه مازندران - بابلسر,مازندران,با آزمون,روزانه,مرد و زن,4,,,,محدودیت در ارائه خوابگاه,,144,اصلی,,,
36474,روانشناسی,دانشگاه مازندران - بابلسر,مازندران,با آزمون,روزانه,مرد و زن,3,,,,محدودیت در ارائه خوابگاه,,144,اصلی,,,
36475,شیمی کاربردی,دانشگاه مازندران - بابلسر,مازندران,با آزمون,روزانه,مرد و زن,7,,,,محدودیت در ارائه خوابگاه,,144,اصلی,,,
36476,شیمی کاربردی,دانشگاه مازندران - بابلسر,مازندران,با آزمون,روزانه,مرد و زن,1,,,,دارای مصاحبه - بورس شرکت صنعت سبز طبرستان - شرایط در دفترچه «پیوست‌ها» - محدودیت در ارائه خوابگاه,,144,اصلی,,,
36479,شیمی محض,دانشگاه مازندران - بابلسر,مازندران,با آزمون,روزانه,مرد و زن,7,,,,محدودیت در ارائه خوابگاه,,144,اصلی,,,
36480,علوم ورزشی,دانشگاه مازندران - بابلسر,مازندران,با آزمون,روزانه,زن,3,,,,محدودیت در ارائه خوابگاه,,144,اصلی,,,
36481,علوم ورزشی,دانشگاه مازندران - بابلسر,مازندران,با آزمون,روزانه,مرد,3,,,,محدودیت در ارائه خوابگاه,,144,اصلی,,,
36482,گردشگری,دانشگاه مازندران - بابلسر,مازندران,با آزمون,روزانه,مرد و زن,2,,,,محدودیت در ارائه خوابگاه,,144,اصلی,,,
36483,مدیریت بازرگانی,دانشگاه مازندران - بابلسر,مازندران,با آزمون,روزانه,مرد و زن,5,,,,محدودیت در ارائه خوابگاه,,144,اصلی,,,
36490,مدیریت بازرگانی,دانشگاه مازندران - بابلسر,مازندران,با آزمون,روزانه,مرد و زن,1,,,,دارای مصاحبه - بورس شرکت نگار خودروی شمال - شرایط در دفترچه «پیوست‌ها» - محدودیت در ارائه خوابگاه,,144,اصلی,,,
36491,مدیریت صنعتی,دانشگاه مازندران - بابلسر,مازندران,با آزمون,روزانه,مرد و زن,1,,,,دارای مصاحبه - بورس شرکت نگار خودروی شمال - شرایط در دفترچه «پیوست‌ها» - محدودیت در ارائه خوابگاه,,144,اصلی,,,
36495,مدیریت صنعتی,دانشگاه مازندران - بابلسر,مازندران,با آزمون,روزانه,مرد و زن,1,,,,دارای مصاحبه - بورس شرکت صنعت سبز طبرستان - شرایط در دفترچه «پیوست‌ها» - محدودیت در ارائه خوابگاه,,144,اصلی,,,
36496,مدیریت صنعتی,دانشگاه مازندران - بابلسر,مازندران,با آزمون,روزانه,مرد و زن,6,,,,محدودیت در ارائه خوابگاه,,144,اصلی,,,
31234,علوم کامپیوتر,دانشگاه مازندران - بابلسر,مازندران,با آزمون,نوبت دوم,مرد و زن,15,,,,محدودیت در ارائه خوابگاه,,144,اصلی,,,
31235,مهندسی برق,دانشگاه مازندران - بابلسر,مازندران,با آزمون,نوبت دوم,مرد و زن,5,,,,محدودیت در ارائه خوابگاه,,144,اصلی,,,
31236,مهندسی شهرسازی,دانشگاه مازندران - بابلسر,مازندران,با آزمون,نوبت دوم,مرد و زن,5,,,,محدودیت در ارائه خوابگاه,,144,اصلی,,,
31237,مهندسی شیمی,دانشگاه مازندران - بابلسر,مازندران,با آزمون,نوبت دوم,مرد و زن,5,,,,محدودیت در ارائه خوابگاه,,144,اصلی,,,
31238,مهندسی عمران,دانشگاه مازندران - بابلسر,مازندران,با آزمون,نوبت دوم,مرد و زن,5,,,,محدودیت در ارائه خوابگاه,,144,اصلی,,,
31239,مهندسی کامپیوتر,دانشگاه مازندران - بابلسر,مازندران,با آزمون,نوبت دوم,مرد و زن,4,,,,محدودیت در ارائه خوابگاه,,144,اصلی,,,
31240,مهندسی معماری,دانشگاه مازندران - بابلسر,مازندران,با آزمون,نوبت دوم,مرد و زن,5,,,,محدودیت در ارائه خوابگاه,,144,اصلی,,,
31241,مهندسی مکانیک,دانشگاه مازندران - بابلسر,مازندران,با آزمون,نوبت دوم,مرد و زن,5,,,,محدودیت در ارائه خوابگاه,,144,اصلی,,,
36497,اقتصاد,دانشگاه مازندران - بابلسر,مازندران,با آزمون,نوبت دوم,مرد و زن,8,,,,محدودیت در ارائه خوابگاه,,144,اصلی,,,
36498,حسابداری,دانشگاه مازندران - بابلسر,مازندران,با آزمون,نوبت دوم,مرد و زن,2,,,,محدودیت در ارائه خوابگاه,,144,اصلی,,,
36499,روانشناسی,دانشگاه مازندران - بابلسر,مازندران,با آزمون,نوبت دوم,مرد و زن,1,,,,محدودیت در ارائه خوابگاه,,144,اصلی,,,
36500,شیمی کاربردی,دانشگاه مازندران - بابلسر,مازندران,با آزمون,نوبت دوم,مرد و زن,4,,,,محدودیت در ارائه خوابگاه,,144,اصلی,,,
36501,شیمی محض,دانشگاه مازندران - بابلسر,مازندران,با آزمون,نوبت دوم,مرد و زن,3,,,,محدودیت در ارائه خوابگاه,,144,اصلی,,,
36502,علوم ورزشی,دانشگاه مازندران - بابلسر,مازندران,با آزمون,نوبت دوم,زن,1,,,,محدودیت در ارائه خوابگاه,,144,اصلی,,,
36503,علوم ورزشی,دانشگاه مازندران - بابلسر,مازندران,با آزمون,نوبت دوم,مرد,1,,,,محدودیت در ارائه خوابگاه,,144,اصلی,,,
36504,گردشگری,دانشگاه مازندران - بابلسر,مازندران,با آزمون,نوبت دوم,مرد و زن,1,,,,محدودیت در ارائه خوابگاه,,144,اصلی,,,
36505,مدیریت بازرگانی,دانشگاه مازندران - بابلسر,مازندران,با آزمون,نوبت دوم,مرد و زن,2,,,,محدودیت در ارائه خوابگاه,,144,اصلی,,,
36506,مدیریت صنعتی,دانشگاه مازندران - بابلسر,مازندران,با آزمون,نوبت دوم,مرد و زن,2,,,,محدودیت در ارائه خوابگاه,,144,اصلی,,,
17689,آمار,دانشگاه مازندران - بابلسر,مازندران,صرفا با سوابق تحصیلی,روزانه,مرد و زن,35,,,,محدودیت در ارائه خوابگاه,,144,اصلی,,,
17690,فیزیک,دانشگاه مازندران - بابلسر,مازندران,صرفا با سوابق تحصیلی,روزانه,مرد و زن,45,,,,محدودیت در ارائه خوابگاه,,144,اصلی,,,
17691,فیزیک مهندسی,دانشگاه مازندران - بابلسر,مازندران,صرفا با سوابق تحصیلی,روزانه,مرد و زن,40,,,,محدودیت در ارائه خوابگاه,,144,اصلی,,,
17696,اقیانوس‌شناسی,دانشگاه مازندران - بابلسر,مازندران,صرفا با سوابق تحصیلی,روزانه,مرد و زن,25,,,,محدودیت در ارائه خوابگاه,,144,اصلی,,,
17697,زیست‌شناسی دریا,دانشگاه مازندران - بابلسر,مازندران,صرفا با سوابق تحصیلی,روزانه,مرد و زن,25,,,,محدودیت در ارائه خوابگاه,,145,اصلی,,,
17698,زیست‌شناسی گیاهی,دانشگاه مازندران - بابلسر,مازندران,صرفا با سوابق تحصیلی,روزانه,مرد و زن,30,,,,محدودیت در ارائه خوابگاه,,145,اصلی,,,
17699,علوم و مهندسی محیط‌زیست,دانشگاه مازندران - بابلسر,مازندران,صرفا با سوابق تحصیلی,روزانه,مرد و زن,20,,,,محدودیت در ارائه خوابگاه,,145,اصلی,,,
17704,علوم قرآن و حدیث,دانشگاه مازندران - بابلسر,مازندران,صرفا با سوابق تحصیلی,روزانه,مرد و زن,25,,,,محدودیت در ارائه خوابگاه,,145,اصلی,,,
17707,زبان روسی,دانشگاه مازندران - بابلسر,مازندران,صرفا با سوابق تحصیلی,روزانه,مرد و زن,20,,,,محدودیت در ارائه خوابگاه,,145,اصلی,,,
17708,زبان روسی,دانشگاه مازندران - بابلسر,مازندران,صرفا با سوابق تحصیلی,روزانه,مرد و زن,1,,,,دارای مصاحبه - بورس شرکت خزر ترانسفو - شرایط در دفترچه «پیوست‌ها» - محدودیت در ارائه خوابگاه,,145,اصلی,,,
17692,آمار,دانشگاه مازندران - بابلسر,مازندران,صرفا با سوابق تحصیلی,نوبت دوم,مرد و زن,15,,,,محدودیت در ارائه خوابگاه,,145,اصلی,,,
17693,ریاضیات و کاربردها,دانشگاه مازندران - بابلسر,مازندران,صرفا با سوابق تحصیلی,نوبت دوم,مرد و زن,10,,,,محدودیت در ارائه خوابگاه,,145,اصلی,,,
17694,فیزیک,دانشگاه مازندران - بابلسر,مازندران,صرفا با سوابق تحصیلی,نوبت دوم,مرد و زن,15,,,,محدودیت در ارائه خوابگاه,,145,اصلی,,,
17695,فیزیک مهندسی,دانشگاه مازندران - بابلسر,مازندران,صرفا با سوابق تحصیلی,نوبت دوم,مرد و زن,15,,,,محدودیت در ارائه خوابگاه,,145,اصلی,,,
17700,اقیانوس‌شناسی,دانشگاه مازندران - بابلسر,مازندران,صرفا با سوابق تحصیلی,نوبت دوم,مرد و زن,5,,,,محدودیت در ارائه خوابگاه,,145,اصلی,,,
17701,زیست‌شناسی دریا,دانشگاه مازندران - بابلسر,مازندران,صرفا با سوابق تحصیلی,نوبت دوم,مرد و زن,5,,,,محدودیت در ارائه خوابگاه,,145,اصلی,,,
17702,زیست‌شناسی گیاهی,دانشگاه مازندران - بابلسر,مازندران,صرفا با سوابق تحصیلی,نوبت دوم,مرد و زن,10,,,,محدودیت در ارائه خوابگاه,,145,اصلی,,,
17703,علوم و مهندسی محیط‌زیست,دانشگاه مازندران - بابلسر,مازندران,صرفا با سوابق تحصیلی,نوبت دوم,مرد و زن,5,,,,محدودیت در ارائه خوابگاه,,145,اصلی,,,
17705,علوم قرآن و حدیث,دانشگاه مازندران - بابلسر,مازندران,صرفا با سوابق تحصیلی,نوبت دوم,مرد و زن,8,,,,محدودیت در ارائه خوابگاه,,145,اصلی,,,
17706,مردم‌شناسی,دانشگاه مازندران - بابلسر,مازندران,صرفا با سوابق تحصیلی,نوبت دوم,مرد و زن,10,,,,محدودیت در ارائه خوابگاه,,145,اصلی,,,
17709,زبان روسی,دانشگاه مازندران - بابلسر,مازندران,صرفا با سوابق تحصیلی,نوبت دوم,مرد و زن,20,,,,محدودیت در ارائه خوابگاه,,145,اصلی,,,
31242,مهندسی حرفه‌ای کامپیوتر,دانشگاه ملی مهارت - آموزشکده پسران رامسر (ملاصدرا),مازندران,با آزمون,روزانه,مرد,30,,,,,,145,اصلی,,,
31243,مهندسی حرفه‌ای کامپیوتر,دانشگاه ملی مهارت - آموزشکده پسران رامسر (ملاصدرا),مازندران,با آزمون,روزانه,مرد,,30,,,,,145,اصلی,,,
31244,مهندسی حرفه‌ای معماری,دانشگاه ملی مهارت - آموزشکده دختران آمل (توحید),مازندران,با آزمون,روزانه,زن,30,,,,,,145,اصلی,,,
31245,مهندسی حرفه‌ای معماری,دانشگاه ملی مهارت - آموزشکده دختران آمل (توحید),مازندران,با آزمون,روزانه,زن,,30,,,,,145,اصلی,,,
31246,مهندسی حرفه‌ای معماری,دانشگاه ملی مهارت - آموزشکده دختران ساری,مازندران,با آزمون,روزانه,زن,30,,,,,,145,اصلی,,,
31247,مهندسی حرفه‌ای معماری,دانشگاه ملی مهارت - آموزشکده دختران ساری,مازندران,با آزمون,روزانه,زن,,30,,,,,145,اصلی,,,
36511,حسابداری,دانشگاه ملی مهارت - آموزشکده دختران ساری,مازندران,با آزمون,روزانه,زن,3,,,,,,145,اصلی,,,
36512,حسابداری,دانشگاه ملی مهارت - آموزشکده دختران ساری,مازندران,با آزمون,روزانه,زن,,3,,,,,145,اصلی,,,
31248,مهندسی حرفه‌ای کامپیوتر,دانشگاه ملی مهارت - دانشکده پسران ساری (امام محمد باقر (ع)),مازندران,با آزمون,روزانه,مرد,24,,,,,,145,اصلی,,,
31249,مهندسی حرفه‌ای کامپیوتر,دانشگاه ملی مهارت - دانشکده پسران ساری (امام محمد باقر (ع)),مازندران,با آزمون,روزانه,مرد,,24,,,,,145,اصلی,,,
36513,حسابداری,دانشگاه ملی مهارت - دانشکده پسران ساری (امام محمد باقر (ع)),مازندران,با آزمون,روزانه,مرد,2,,,,,,145,اصلی,,,
36514,حسابداری,دانشگاه ملی مهارت - دانشکده پسران ساری (امام محمد باقر (ع)),مازندران,با آزمون,روزانه,مرد,,2,,,,,145,اصلی,,,
31250,مهندسی حرفه‌ای کامپیوتر,دانشگاه ملی مهارت - دانشکده پسران ساری (امام محمد باقر (ع)),مازندران,با آزمون,نوبت دوم,مرد,6,,,,,,145,اصلی,,,
31251,مهندسی حرفه‌ای کامپیوتر,دانشگاه ملی مهارت - دانشکده پسران ساری (امام محمد باقر (ع)),مازندران,با آزمون,نوبت دوم,مرد,,6,,,,,145,اصلی,,,
36515,حسابداری,دانشگاه ملی مهارت - دانشکده پسران ساری (امام محمد باقر (ع)),مازندران,با آزمون,نوبت دوم,مرد,1,,,,,,145,اصلی,,,
36516,حسابداری,دانشگاه ملی مهارت - دانشکده پسران ساری (امام محمد باقر (ع)),مازندران,با آزمون,نوبت دوم,مرد,,1,,,,,145,اصلی,,,
17909,مهندسی حرفه‌ای معماری,دانشگاه ملی مهارت - دانشکده پسران ساری (امام محمد باقر (ع)),مازندران,صرفا با سوابق تحصیلی,روزانه,مرد,24,,,,,,145,اصلی,,,
17910,مهندسی حرفه‌ای معماری,دانشگاه ملی مهارت - دانشکده پسران ساری (امام محمد باقر (ع)),مازندران,صرفا با سوابق تحصیلی,روزانه,مرد,,24,,,,,145,اصلی,,,
17913,گرافیک,دانشگاه ملی مهارت - دانشکده پسران ساری (امام محمد باقر (ع)),مازندران,صرفا با سوابق تحصیلی,روزانه,مرد,24,,,,,,145,اصلی,,,
17914,گرافیک,دانشگاه ملی مهارت - دانشکده پسران ساری (امام محمد باقر (ع)),مازندران,صرفا با سوابق تحصیلی,روزانه,مرد,,24,,,,,145,اصلی,,,
17911,مهندسی حرفه‌ای معماری,دانشگاه ملی مهارت - دانشکده پسران ساری (امام محمد باقر (ع)),مازندران,صرفا با سوابق تحصیلی,نوبت دوم,مرد,6,,,,,,145,اصلی,,,
17912,مهندسی حرفه‌ای معماری,دانشگاه ملی مهارت - دانشکده پسران ساری (امام محمد باقر (ع)),مازندران,صرفا با سوابق تحصیلی,نوبت دوم,مرد,,6,,,,,145,اصلی,,,
17915,گرافیک,دانشگاه ملی مهارت - دانشکده پسران ساری (امام محمد باقر (ع)),مازندران,صرفا با سوابق تحصیلی,نوبت دوم,مرد,6,,,,,,145,اصلی,,,
17916,گرافیک,دانشگاه ملی مهارت - دانشکده پسران ساری (امام محمد باقر (ع)),مازندران,صرفا با سوابق تحصیلی,نوبت دوم,مرد,,6,,,,,145,اصلی,,,
31252,مهندسی حرفه‌ای کامپیوتر,دانشگاه ملی مهارت - دانشکده پسران محمودآباد,مازندران,با آزمون,روزانه,مرد,30,,,,,,146,اصلی,,,
31253,مهندسی حرفه‌ای کامپیوتر,دانشگاه ملی مهارت - دانشکده پسران محمودآباد,مازندران,با آزمون,روزانه,مرد,,30,,,,,146,اصلی,,,
17917,مهندسی حرفه‌ای معماری,دانشگاه ملی مهارت - دانشکده پسران محمودآباد,مازندران,صرفا با سوابق تحصیلی,روزانه,مرد,30,,,,,,146,اصلی,,,
17918,مهندسی حرفه‌ای معماری,دانشگاه ملی مهارت - دانشکده پسران محمودآباد,مازندران,صرفا با سوابق تحصیلی,روزانه,مرد,,30,,,,,146,اصلی,,,
36507,گردشگری,دانشگاه مازندران (محل تحصیل دانشکده میراث فرهنگی و صنایع دستی و گردشگری(نوشهر)),مازندران,با آزمون,روزانه,مرد و زن,3,,,,ممنوعیت میهمانی و انتقال به پردیس اصلی دانشگاه در بابلسر - محدودیت در ارائه خوابگاه,,146,اصلی,,,
36508,گردشگری,دانشگاه مازندران (محل تحصیل دانشکده میراث فرهنگی و صنایع دستی و گردشگری(نوشهر)),مازندران,با آزمون,نوبت دوم,مرد و زن,1,,,,ممنوعیت میهمانی و انتقال به پردیس اصلی دانشگاه در بابلسر - محدودیت در ارائه خوابگاه,,146,اصلی,,,
17711,هنرهای صناعی,دانشگاه مازندران (محل تحصیل دانشکده میراث فرهنگی و صنایع دستی و گردشگری(نوشهر)),مازندران,صرفا با سوابق تحصیلی,روزانه,مرد و زن,30,,,,ممنوعیت میهمانی و انتقال به پردیس اصلی دانشگاه در بابلسر - محدودیت در ارائه خوابگاه,,146,اصلی,,,
17710,باستان‌شناسی,دانشگاه مازندران (محل تحصیل دانشکده میراث فرهنگی و صنایع دستی و گردشگری(نوشهر)),مازندران,صرفا با سوابق تحصیلی,نوبت دوم,مرد و زن,10,,,,ممنوعیت میهمانی و انتقال به پردیس اصلی دانشگاه در بابلسر - محدودیت در ارائه خوابگاه,,146,اصلی,,,
17712,هنرهای صناعی,دانشگاه مازندران (محل تحصیل دانشکده میراث فرهنگی و صنایع دستی و گردشگری(نوشهر)),مازندران,صرفا با سوابق تحصیلی,نوبت دوم,مرد و زن,10,,,,ممنوعیت میهمانی و انتقال به پردیس اصلی دانشگاه در بابلسر - محدودیت در ارائه خوابگاه,,146,اصلی,,,
36509,حسابداری,دانشگاه ملی مهارت - آموزشکده پسران بابل,مازندران,با آزمون,روزانه,مرد,3,,,,,,146,اصلی,,,
36510,حسابداری,دانشگاه ملی مهارت - آموزشکده پسران بابل,مازندران,با آزمون,روزانه,مرد,,3,,,,,146,اصلی,,,
17651,مهندسی صنایع مبلمان,دانشگاه شهید بهشتی (محل تحصیل پردیس زیراب واقع در سوادکوه مازندران),مازندران,صرفا با سوابق تحصیلی,روزانه,مرد و زن,20,,,,محدودیت در ارائه خوابگاه,,146,اصلی,,,
17655,علوم و مهندسی آب,دانشگاه علوم کشاورزی و منابع طبیعی ساری,مازندران,صرفا با سوابق تحصیلی,روزانه,مرد و زن,20,,,,,,146,اصلی,,,
17656,مهندسی ماشین‌های صنایع غذایی,دانشگاه علوم کشاورزی و منابع طبیعی ساری,مازندران,صرفا با سوابق تحصیلی,روزانه,مرد و زن,20,,,,,,146,اصلی,,,
17657,مهندسی مکانیک بیوسیستم (این رشته متعلق به گروه کشاورزی است),دانشگاه علوم کشاورزی و منابع طبیعی ساری,مازندران,صرفا با سوابق تحصیلی,روزانه,مرد و زن,20,,,,,,146,اصلی,,,
17661,علوم و مهندسی باغبانی,دانشگاه علوم کشاورزی و منابع طبیعی ساری,مازندران,صرفا با سوابق تحصیلی,روزانه,مرد و زن,20,,,,,,146,اصلی,,,
17662,علوم و مهندسی جنگل,دانشگاه علوم کشاورزی و منابع طبیعی ساری,مازندران,صرفا با سوابق تحصیلی,روزانه,مرد و زن,20,,,,,,146,اصلی,,,
17663,علوم و مهندسی خاک,دانشگاه علوم کشاورزی و منابع طبیعی ساری,مازندران,صرفا با سوابق تحصیلی,روزانه,مرد و زن,20,,,,,,146,اصلی,,,
17664,علوم و مهندسی شیلات,دانشگاه علوم کشاورزی و منابع طبیعی ساری,مازندران,صرفا با سوابق تحصیلی,روزانه,مرد و زن,20,,,,,,146,اصلی,,,
17665,علوم و مهندسی صنایع غذایی(این رشته متعلق به گروه کشاورزی است),دانشگاه علوم کشاورزی و منابع طبیعی ساری,مازندران,صرفا با سوابق تحصیلی,روزانه,مرد و زن,20,,,,,,146,اصلی,,,
17666,مهندسی اقتصاد کشاورزی,دانشگاه علوم کشاورزی و منابع طبیعی ساری,مازندران,صرفا با سوابق تحصیلی,روزانه,مرد و زن,20,,,,,,146,اصلی,,,
17667,مهندسی ترویج و آموزش کشاورزی پایدار,دانشگاه علوم کشاورزی و منابع طبیعی ساری,مازندران,صرفا با سوابق تحصیلی,روزانه,مرد و زن,20,,,,,,146,اصلی,,,
17668,مهندسی تولید و ژنتیک گیاهی,دانشگاه علوم کشاورزی و منابع طبیعی ساری,مازندران,صرفا با سوابق تحصیلی,روزانه,مرد و زن,20,,,,,,146,اصلی,,,
17669,مهندسی صنایع چوب و فرآورده‌های سلولزی,دانشگاه علوم کشاورزی و منابع طبیعی ساری,مازندران,صرفا با سوابق تحصیلی,روزانه,مرد و زن,20,,,,,,146,اصلی,,,
17670,مهندسی صنایع مبلمان,دانشگاه علوم کشاورزی و منابع طبیعی ساری,مازندران,صرفا با سوابق تحصیلی,روزانه,مرد و زن,20,,,,,,146,اصلی,,,
17671,مهندسی طبیعت,دانشگاه علوم کشاورزی و منابع طبیعی ساری,مازندران,صرفا با سوابق تحصیلی,روزانه,مرد و زن,20,,,,,,146,اصلی,,,
17672,مهندسی علوم دامی,دانشگاه علوم کشاورزی و منابع طبیعی ساری,مازندران,صرفا با سوابق تحصیلی,روزانه,مرد و زن,20,,,,,,146,اصلی,,,
17673,مهندسی گیاهپزشکی,دانشگاه علوم کشاورزی و منابع طبیعی ساری,مازندران,صرفا با سوابق تحصیلی,روزانه,مرد و زن,20,,,,,,147,اصلی,,,
17674,کاردانی گلخانه,دانشگاه علوم کشاورزی و منابع طبیعی ساری,مازندران,صرفا با سوابق تحصیلی,روزانه,مرد و زن,100,,,,,,147,اصلی,,,
17658,علوم و مهندسی آب,دانشگاه علوم کشاورزی و منابع طبیعی ساری,مازندران,صرفا با سوابق تحصیلی,نوبت دوم,مرد و زن,20,,,,,,147,اصلی,,,
17659,مهندسی ماشین‌های صنایع غذایی,دانشگاه علوم کشاورزی و منابع طبیعی ساری,مازندران,صرفا با سوابق تحصیلی,نوبت دوم,مرد و زن,20,,,,,,147,اصلی,,,
17660,مهندسی مکانیک بیوسیستم (این رشته متعلق به گروه کشاورزی است),دانشگاه علوم کشاورزی و منابع طبیعی ساری,مازندران,صرفا با سوابق تحصیلی,نوبت دوم,مرد و زن,20,,,,,,147,اصلی,,,
17675,علوم و مهندسی باغبانی,دانشگاه علوم کشاورزی و منابع طبیعی ساری,مازندران,صرفا با سوابق تحصیلی,نوبت دوم,مرد و زن,20,,,,,,147,اصلی,,,
17676,علوم و مهندسی جنگل,دانشگاه علوم کشاورزی و منابع طبیعی ساری,مازندران,صرفا با سوابق تحصیلی,نوبت دوم,مرد و زن,20,,,,,,147,اصلی,,,
17677,علوم و مهندسی خاک,دانشگاه علوم کشاورزی و منابع طبیعی ساری,مازندران,صرفا با سوابق تحصیلی,نوبت دوم,مرد و زن,20,,,,,,147,اصلی,,,
17678,علوم و مهندسی شیلات,دانشگاه علوم کشاورزی و منابع طبیعی ساری,مازندران,صرفا با سوابق تحصیلی,نوبت دوم,مرد و زن,20,,,,,,147,اصلی,,,
17679,علوم و مهندسی صنایع غذایی(این رشته متعلق به گروه کشاورزی است),دانشگاه علوم کشاورزی و منابع طبیعی ساری,مازندران,صرفا با سوابق تحصیلی,نوبت دوم,مرد و زن,20,,,,,,147,اصلی,,,
17680,مهندسی اقتصاد کشاورزی,دانشگاه علوم کشاورزی و منابع طبیعی ساری,مازندران,صرفا با سوابق تحصیلی,نوبت دوم,مرد و زن,20,,,,,,147,اصلی,,,
17681,مهندسی ترویج و آموزش کشاورزی پایدار,دانشگاه علوم کشاورزی و منابع طبیعی ساری,مازندران,صرفا با سوابق تحصیلی,نوبت دوم,مرد و زن,20,,,,,,147,اصلی,,,
17682,مهندسی تولید و ژنتیک گیاهی,دانشگاه علوم کشاورزی و منابع طبیعی ساری,مازندران,صرفا با سوابق تحصیلی,نوبت دوم,مرد و زن,20,,,,,,147,اصلی,,,
17683,مهندسی صنایع چوب و فرآورده‌های سلولزی,دانشگاه علوم کشاورزی و منابع طبیعی ساری,مازندران,صرفا با سوابق تحصیلی,نوبت دوم,مرد و زن,20,,,,,,147,اصلی,,,
17684,مهندسی صنایع مبلمان,دانشگاه علوم کشاورزی و منابع طبیعی ساری,مازندران,صرفا با سوابق تحصیلی,نوبت دوم,مرد و زن,20,,,,,,147,اصلی,,,
17685,مهندسی طبیعت,دانشگاه علوم کشاورزی و منابع طبیعی ساری,مازندران,صرفا با سوابق تحصیلی,نوبت دوم,مرد و زن,20,,,,,,147,اصلی,,,
17686,مهندسی علوم دامی,دانشگاه علوم کشاورزی و منابع طبیعی ساری,مازندران,صرفا با سوابق تحصیلی,نوبت دوم,مرد و زن,20,,,,,,147,اصلی,,,
17687,مهندسی گیاهپزشکی,دانشگاه علوم کشاورزی و منابع طبیعی ساری,مازندران,صرفا با سوابق تحصیلی,نوبت دوم,مرد و زن,20,,,,,,147,اصلی,,,
17688,علوم قرآن و حدیث,دانشگاه علوم و معارف قرآن کریم - وابسته به سازمان اوقاف و امور خیریه (محل تحصیل دانشکده علوم قرآنی آمل),مازندران,صرفا با سوابق تحصیلی,روزانه,مرد و زن,40,,30,10,دارای خوابگاه ملکی,,147,اصلی,,,
17907,مهندسی حرفه‌ای معماری,دانشگاه ملی مهارت - آموزشکده پسران آمل (علامه حسنزاده آملی),مازندران,صرفا با سوابق تحصیلی,روزانه,مرد,30,,,,,,147,اصلی,,,
17908,مهندسی حرفه‌ای معماری,دانشگاه ملی مهارت - آموزشکده پسران آمل (علامه حسنزاده آملی),مازندران,صرفا با سوابق تحصیلی,روزانه,مرد,,30,,,,,147,اصلی,,,
31254,مهندسی برق,دانشگاه اراک,مرکزی,با آزمون,روزانه,مرد و زن,72,,,,,,147,اصلی,,,
31255,مهندسی برق,دانشگاه اراک,مرکزی,با آزمون,روزانه,مرد و زن,20,,,,دارای مصاحبه - بورس بنگاه اقتصادی طرح فرآ (فردای روشن آموزش) با گروه توسعه و نوآوری گداختار - شرایط در دفترچه «پیوست‌ها»,,147,اصلی,,,
31256,مهندسی ساخت و تولید,دانشگاه اراک,مرکزی,با آزمون,روزانه,مرد و زن,45,,,,,,147,اصلی,,,
31257,مهندسی شیمی,دانشگاه اراک,مرکزی,با آزمون,روزانه,مرد و زن,45,,,,,,147,اصلی,,,
31258,مهندسی صنایع و سیستم‌ها,دانشگاه اراک,مرکزی,با آزمون,روزانه,مرد و زن,52,,,,,,147,اصلی,,,
31259,مهندسی عمران,دانشگاه اراک,مرکزی,با آزمون,روزانه,مرد و زن,40,,,,,,147,اصلی,,,
31260,مهندسی کامپیوتر,دانشگاه اراک,مرکزی,با آزمون,روزانه,مرد و زن,60,,,,,,147,اصلی,,,
31261,مهندسی مکانیک,دانشگاه اراک,مرکزی,با آزمون,روزانه,مرد و زن,55,,,,,,147,اصلی,,,
31262,مهندسی و علم مواد,دانشگاه اراک,مرکزی,با آزمون,روزانه,مرد و زن,55,,,,,,147,اصلی,,,
36517,اقتصاد,دانشگاه اراک,مرکزی,با آزمون,روزانه,مرد و زن,16,,,,,,147,اصلی,,,
36518,حسابداری,دانشگاه اراک,مرکزی,با آزمون,روزانه,مرد و زن,5,,,,,,147,اصلی,,,
36519,روانشناسی,دانشگاه اراک,مرکزی,با آزمون,روزانه,مرد و زن,4,,,,,,147,اصلی,,,
36520,شیمی کاربردی,دانشگاه اراک,مرکزی,با آزمون,روزانه,مرد و زن,7,,,,,,148,اصلی,,,
36521,شیمی محض,دانشگاه اراک,مرکزی,با آزمون,روزانه,مرد و زن,,8,,,,,148,اصلی,,,
36522,علوم ورزشی,دانشگاه اراک,مرکزی,با آزمون,روزانه,زن,3,,,,,,148,اصلی,,,
36523,علوم ورزشی,دانشگاه اراک,مرکزی,با آزمون,روزانه,مرد,3,,,,,,148,اصلی,,,
36524,مدیریت صنعتی,دانشگاه اراک,مرکزی,با آزمون,روزانه,مرد و زن,4,,,,,,148,اصلی,,,
18358,آمار,دانشگاه اراک,مرکزی,صرفا با سوابق تحصیلی,روزانه,مرد و زن,,35,,,,,148,اصلی,,,
18359,ریاضیات و کاربردها,دانشگاه اراک,مرکزی,صرفا با سوابق تحصیلی,روزانه,مرد و زن,40,,,,,,148,اصلی,,,
18360,علوم و مهندسی آب,دانشگاه اراک,مرکزی,صرفا با سوابق تحصیلی,روزانه,مرد و زن,20,,,,,,148,اصلی,,,
18361,فیزیک,دانشگاه اراک,مرکزی,صرفا با سوابق تحصیلی,روزانه,مرد و زن,40,,,,,,148,اصلی,,,
18362,فیزیک مهندسی,دانشگاه اراک,مرکزی,صرفا با سوابق تحصیلی,روزانه,مرد و زن,,40,,,,,148,اصلی,,,
18363,مهندسی مکانیک بیوسیستم (این رشته متعلق به گروه کشاورزی است),دانشگاه اراک,مرکزی,صرفا با سوابق تحصیلی,روزانه,مرد و زن,20,,,,,,148,اصلی,,,
18364,زیست‌شناسی جانوری,دانشگاه اراک,مرکزی,صرفا با سوابق تحصیلی,روزانه,مرد و زن,35,,,,,,148,اصلی,,,
18365,زیست‌شناسی گیاهی,دانشگاه اراک,مرکزی,صرفا با سوابق تحصیلی,روزانه,مرد و زن,,30,,,,,148,اصلی,,,
18366,علوم و مهندسی باغبانی,دانشگاه اراک,مرکزی,صرفا با سوابق تحصیلی,روزانه,مرد و زن,20,,,,,,148,اصلی,,,
18367,علوم و مهندسی محیط‌زیست,دانشگاه اراک,مرکزی,صرفا با سوابق تحصیلی,روزانه,مرد و زن,20,,,,,,148,اصلی,,,
18368,مهندسی علوم دامی,دانشگاه اراک,مرکزی,صرفا با سوابق تحصیلی,روزانه,مرد و زن,20,,,,,,148,اصلی,,,
18369,کاردانی تولید و بهره‌برداری از گیاهان دارویی و معطر,دانشگاه اراک,مرکزی,صرفا با سوابق تحصیلی,روزانه,مرد و زن,20,,,,,,148,اصلی,,,
18370,علوم قرآن و حدیث,دانشگاه اراک,مرکزی,صرفا با سوابق تحصیلی,روزانه,مرد و زن,35,,,,,,148,اصلی,,,
18371,صنایع دستی,دانشگاه اراک,مرکزی,صرفا با سوابق تحصیلی,روزانه,مرد و زن,35,,,,,,148,اصلی,,,
18372,فرش,دانشگاه اراک,مرکزی,صرفا با سوابق تحصیلی,روزانه,مرد و زن,30,,,,,,148,اصلی,,,
31263,مهندسی برق,دانشگاه تفرش,مرکزی,با آزمون,روزانه,مرد و زن,55,,,,,,148,اصلی,,,
31264,مهندسی پلیمر,دانشگاه تفرش,مرکزی,با آزمون,روزانه,مرد و زن,45,,,,,,148,اصلی,,,
31265,مهندسی شیمی,دانشگاه تفرش,مرکزی,با آزمون,روزانه,مرد و زن,59,,,,,,148,اصلی,,,
31266,مهندسی صنایع و سیستم‌ها,دانشگاه تفرش,مرکزی,با آزمون,روزانه,مرد و زن,59,,,,,,148,اصلی,,,
31267,مهندسی عمران,دانشگاه تفرش,مرکزی,با آزمون,روزانه,مرد و زن,55,,,,,,148,اصلی,,,
31268,مهندسی مکانیک,دانشگاه تفرش,مرکزی,با آزمون,روزانه,مرد و زن,59,,,,,,148,اصلی,,,
18373,ریاضیات و کاربردها,دانشگاه تفرش,مرکزی,صرفا با سوابق تحصیلی,روزانه,مرد و زن,25,,,,,,148,اصلی,,,
18374,فیزیک,دانشگاه تفرش,مرکزی,صرفا با سوابق تحصیلی,روزانه,مرد و زن,20,,,,,,148,اصلی,,,
18375,مهندسی نقشه‌برداری,دانشگاه تفرش,مرکزی,صرفا با سوابق تحصیلی,روزانه,مرد و زن,50,,,,,,148,اصلی,,,
31269,مهندسی انرژی,دانشگاه صنعتی اراک,مرکزی,با آزمون,روزانه,مرد و زن,33,,,,دارای خوابگاه ملکی,,148,اصلی,,,
31270,مهندسی برق,دانشگاه صنعتی اراک,مرکزی,با آزمون,روزانه,مرد و زن,63,,,,دارای خوابگاه ملکی,,148,اصلی,,,
31271,مهندسی ساخت و تولید,دانشگاه صنعتی اراک,مرکزی,با آزمون,روزانه,مرد و زن,40,,,,دارای خوابگاه ملکی,,148,اصلی,,,
31272,مهندسی عمران,دانشگاه صنعتی اراک,مرکزی,با آزمون,روزانه,مرد و زن,40,,,,دارای خوابگاه ملکی,,148,اصلی,,,
31273,مهندسی مکانیک,دانشگاه صنعتی اراک,مرکزی,با آزمون,روزانه,مرد و زن,62,,,,دارای خوابگاه ملکی,,148,اصلی,,,
31274,مهندسی نقشه‌برداری,دانشگاه صنعتی اراک,مرکزی,با آزمون,روزانه,مرد و زن,40,,,,دارای خوابگاه ملکی,,148,اصلی,,,
18376,مهندسی معدن,دانشگاه صنعتی اراک,مرکزی,صرفا با سوابق تحصیلی,روزانه,مرد و زن,40,,,,دارای خوابگاه ملکی,,148,اصلی,,,
31275,مهندسی صنایع و سیستم‌ها,مرکز آموزش عالی محلات,مرکزی,با آزمون,روزانه,مرد و زن,32,,,,,,148,اصلی,,,
31276,مهندسی عمران,مرکز آموزش عالی محلات,مرکزی,با آزمون,روزانه,مرد و زن,30,,,,,,148,اصلی,,,
31277,مهندسی کامپیوتر,مرکز آموزش عالی محلات,مرکزی,با آزمون,روزانه,مرد و زن,32,,,,,,148,اصلی,,,
31278,مهندسی مکانیک,مرکز آموزش عالی محلات,مرکزی,با آزمون,روزانه,مرد و زن,32,,,,,,148,اصلی,,,
18378,علوم کامپیوتر,مرکز آموزش عالی محلات,مرکزی,صرفا با سوابق تحصیلی,روزانه,مرد و زن,32,,,,,,148,اصلی,,,
18379,مهندسی انرژی,مرکز آموزش عالی محلات,مرکزی,صرفا با سوابق تحصیلی,روزانه,مرد و زن,32,,,,,,148,اصلی,,,
18380,مهندسی پلیمر,مرکز آموزش عالی محلات,مرکزی,صرفا با سوابق تحصیلی,روزانه,مرد و زن,30,,,,,,148,اصلی,,,
31279,مهندسی حرفه‌ای کامپیوتر,دانشگاه ملی مهارت - آموزشکده پسران اراک (امیر کبیر),مرکزی,با آزمون,روزانه,مرد,25,,,,,,149,اصلی,,,
31280,مهندسی حرفه‌ای کامپیوتر,دانشگاه ملی مهارت - آموزشکده پسران اراک (امیر کبیر),مرکزی,با آزمون,روزانه,مرد,,25,,,,,149,اصلی,,,
31281,مهندسی حرفه‌ای کامپیوتر,دانشگاه ملی مهارت - آموزشکده پسران اراک (امیر کبیر),مرکزی,با آزمون,نوبت دوم,مرد,5,,,,,,149,اصلی,,,
31282,مهندسی حرفه‌ای کامپیوتر,دانشگاه ملی مهارت - آموزشکده پسران اراک (امیر کبیر),مرکزی,با آزمون,نوبت دوم,مرد,,5,,,,,149,اصلی,,,
18377,علوم قرآن و حدیث,دانشگاه علوم و معارف قرآن کریم - وابسته به سازمان اوقاف و امور خیریه (محل تحصیل دانشکده علوم قرآنی خمین),مرکزی,صرفا با سوابق تحصیلی,روزانه,زن,40,,,,دارای خوابگاه ملکی,,149,اصلی,,,
31283,مهندسی دریا,دانشگاه صنعتی امیرکبیر (محل تحصیل پردیس بندرعباس),هرمزگان,با آزمون,روزانه,مرد و زن,30,,,,,,149,اصلی,,,
31284,مهندسی انرژی,دانشگاه هرمزگان - بندرعباس,هرمزگان,با آزمون,روزانه,مرد و زن,28,,,,,,149,اصلی,,,
31285,مهندسی ایمنی و بازرسی فنی در صنایع نفت و گاز,دانشگاه هرمزگان - بندرعباس,هرمزگان,با آزمون,روزانه,مرد و زن,27,,,,,,149,اصلی,,,
31286,مهندسی برق,دانشگاه هرمزگان - بندرعباس,هرمزگان,با آزمون,روزانه,مرد و زن,74,,,,,,149,اصلی,,,
31287,مهندسی دریا,دانشگاه هرمزگان - بندرعباس,هرمزگان,با آزمون,روزانه,مرد و زن,28,,,,,,149,اصلی,,,
31288,مهندسی شیمی,دانشگاه هرمزگان - بندرعباس,هرمزگان,با آزمون,روزانه,مرد و زن,28,,,,,,149,اصلی,,,
31289,مهندسی صنایع و سیستم‌ها,دانشگاه هرمزگان - بندرعباس,هرمزگان,با آزمون,روزانه,مرد و زن,35,,,,,,149,اصلی,,,
31290,مهندسی عمران,دانشگاه هرمزگان - بندرعباس,هرمزگان,با آزمون,روزانه,مرد و زن,35,,,,,,149,اصلی,,,
31291,مهندسی کامپیوتر,دانشگاه هرمزگان - بندرعباس,هرمزگان,با آزمون,روزانه,مرد و زن,35,,,,,,149,اصلی,,,
31292,مهندسی مکانیک,دانشگاه هرمزگان - بندرعباس,هرمزگان,با آزمون,روزانه,مرد و زن,35,,,,,,149,اصلی,,,
31293,مهندسی مکانیک,دانشگاه هرمزگان - بندرعباس,هرمزگان,با آزمون,روزانه,مرد و زن,15,,,,دارای مصاحبه - بورس بنگاه اقتصادی طرح فرآ (فردای روشن آموزش) با شرکت فولاد هرمزگان - شرایط در دفترچه «پیوست‌ها»,,149,اصلی,,,
31294,مهندسی و علم مواد,دانشگاه هرمزگان - بندرعباس,هرمزگان,با آزمون,روزانه,مرد و زن,15,,,,دارای مصاحبه - بورس بنگاه اقتصادی طرح فرآ (فردای روشن آموزش) با شرکت فولاد هرمزگان - شرایط در دفترچه «پیوست‌ها»,,149,اصلی,,,
31295,مهندسی و علم مواد,دانشگاه هرمزگان - بندرعباس,هرمزگان,با آزمون,روزانه,مرد و زن,28,,,,,,149,اصلی,,,
36525,اقتصاد,دانشگاه هرمزگان - بندرعباس,هرمزگان,با آزمون,روزانه,مرد و زن,10,,,,,,149,اصلی,,,
36526,حسابداری,دانشگاه هرمزگان - بندرعباس,هرمزگان,با آزمون,روزانه,مرد و زن,3,,,,,,149,اصلی,,,
36527,روانشناسی,دانشگاه هرمزگان - بندرعباس,هرمزگان,با آزمون,روزانه,مرد و زن,3,,,,,,149,اصلی,,,
36528,شیمی محض,دانشگاه هرمزگان - بندرعباس,هرمزگان,با آزمون,روزانه,مرد و زن,5,,,,,,149,اصلی,,,
36529,علوم ورزشی,دانشگاه هرمزگان - بندرعباس,هرمزگان,با آزمون,روزانه,زن,1,,,,,,149,اصلی,,,
36530,علوم ورزشی,دانشگاه هرمزگان - بندرعباس,هرمزگان,با آزمون,روزانه,مرد,1,,,,,,149,اصلی,,,
36531,مدیریت بازرگانی,دانشگاه هرمزگان - بندرعباس,هرمزگان,با آزمون,روزانه,مرد و زن,3,,,,,,149,اصلی,,,
36532,مدیریت دولتی,دانشگاه هرمزگان - بندرعباس,هرمزگان,با آزمون,روزانه,مرد و زن,3,,,,,,149,اصلی,,,
36533,مدیریت صنعتی,دانشگاه هرمزگان - بندرعباس,هرمزگان,با آزمون,روزانه,مرد و زن,3,,,,,,149,اصلی,,,
31296,مهندسی ایمنی و بازرسی فنی در صنایع نفت و گاز,دانشگاه هرمزگان - بندرعباس,هرمزگان,با آزمون,نوبت دوم,مرد و زن,3,,,,,,149,اصلی,,,
31297,مهندسی برق,دانشگاه هرمزگان - بندرعباس,هرمزگان,با آزمون,نوبت دوم,مرد و زن,3,,,,,,149,اصلی,,,
31298,مهندسی دریا,دانشگاه هرمزگان - بندرعباس,هرمزگان,با آزمون,نوبت دوم,مرد و زن,2,,,,,,149,اصلی,,,
31299,مهندسی شیمی,دانشگاه هرمزگان - بندرعباس,هرمزگان,با آزمون,نوبت دوم,مرد و زن,3,,,,,,150,اصلی,,,
31300,مهندسی صنایع و سیستم‌ها,دانشگاه هرمزگان - بندرعباس,هرمزگان,با آزمون,نوبت دوم,مرد و زن,4,,,,,,150,اصلی,,,
31301,مهندسی عمران,دانشگاه هرمزگان - بندرعباس,هرمزگان,با آزمون,نوبت دوم,مرد و زن,4,,,,,,150,اصلی,,,
31302,مهندسی کامپیوتر,دانشگاه هرمزگان - بندرعباس,هرمزگان,با آزمون,نوبت دوم,مرد و زن,4,,,,,,150,اصلی,,,
31303,مهندسی مکانیک,دانشگاه هرمزگان - بندرعباس,هرمزگان,با آزمون,نوبت دوم,مرد و زن,4,,,,,,150,اصلی,,,
31304,مهندسی و علم مواد,دانشگاه هرمزگان - بندرعباس,هرمزگان,با آزمون,نوبت دوم,مرد و زن,4,,,,,,150,اصلی,,,
36534,اقتصاد,دانشگاه هرمزگان - بندرعباس,هرمزگان,با آزمون,نوبت دوم,مرد و زن,1,,,,,,150,اصلی,,,
36535,حسابداری,دانشگاه هرمزگان - بندرعباس,هرمزگان,با آزمون,نوبت دوم,مرد و زن,1,,,,,,150,اصلی,,,
36536,روانشناسی,دانشگاه هرمزگان - بندرعباس,هرمزگان,با آزمون,نوبت دوم,مرد و زن,1,,,,,,150,اصلی,,,
36537,مدیریت بازرگانی,دانشگاه هرمزگان - بندرعباس,هرمزگان,با آزمون,نوبت دوم,مرد و زن,1,,,,,,150,اصلی,,,
36538,مدیریت دولتی,دانشگاه هرمزگان - بندرعباس,هرمزگان,با آزمون,نوبت دوم,مرد و زن,1,,,,,,150,اصلی,,,
36539,مدیریت صنعتی,دانشگاه هرمزگان - بندرعباس,هرمزگان,با آزمون,نوبت دوم,مرد و زن,1,,,,,,150,اصلی,,,
18540,آمار,دانشگاه هرمزگان - بندرعباس,هرمزگان,صرفا با سوابق تحصیلی,روزانه,مرد و زن,24,,,,,,150,اصلی,,,
18541,ریاضیات و کاربردها,دانشگاه هرمزگان - بندرعباس,هرمزگان,صرفا با سوابق تحصیلی,روزانه,مرد و زن,28,,,,,,150,اصلی,,,
18542,فیزیک,دانشگاه هرمزگان - بندرعباس,هرمزگان,صرفا با سوابق تحصیلی,روزانه,مرد و زن,28,,,,,,150,اصلی,,,
18547,اقیانوس‌شناسی,دانشگاه هرمزگان - بندرعباس,هرمزگان,صرفا با سوابق تحصیلی,روزانه,مرد و زن,20,,,,,,150,اصلی,,,
18548,زمین‌شناسی,دانشگاه هرمزگان - بندرعباس,هرمزگان,صرفا با سوابق تحصیلی,روزانه,مرد و زن,24,,,,,,150,اصلی,,,
18549,زیست‌شناسی دریا,دانشگاه هرمزگان - بندرعباس,هرمزگان,صرفا با سوابق تحصیلی,روزانه,مرد و زن,20,,,,,,150,اصلی,,,
18550,علوم و مهندسی شیلات,دانشگاه هرمزگان - بندرعباس,هرمزگان,صرفا با سوابق تحصیلی,روزانه,مرد و زن,20,,,,,,150,اصلی,,,
18551,مهندسی طبیعت,دانشگاه هرمزگان - بندرعباس,هرمزگان,صرفا با سوابق تحصیلی,روزانه,مرد و زن,20,,,,,,150,اصلی,,,
18543,آمار,دانشگاه هرمزگان - بندرعباس,هرمزگان,صرفا با سوابق تحصیلی,نوبت دوم,مرد و زن,3,,,,,,150,اصلی,,,
18544,ریاضیات و کاربردها,دانشگاه هرمزگان - بندرعباس,هرمزگان,صرفا با سوابق تحصیلی,نوبت دوم,مرد و زن,3,,,,,,150,اصلی,,,
18545,فیزیک,دانشگاه هرمزگان - بندرعباس,هرمزگان,صرفا با سوابق تحصیلی,نوبت دوم,مرد و زن,3,,,,,,150,اصلی,,,
18546,مهندسی انرژی,دانشگاه هرمزگان - بندرعباس,هرمزگان,صرفا با سوابق تحصیلی,نوبت دوم,مرد و زن,2,,,,,,150,اصلی,,,
18552,اقیانوس‌شناسی,دانشگاه هرمزگان - بندرعباس,هرمزگان,صرفا با سوابق تحصیلی,نوبت دوم,مرد و زن,3,,,,,,150,اصلی,,,
18553,زمین‌شناسی,دانشگاه هرمزگان - بندرعباس,هرمزگان,صرفا با سوابق تحصیلی,نوبت دوم,مرد و زن,3,,,,,,150,اصلی,,,
18554,زیست‌شناسی دریا,دانشگاه هرمزگان - بندرعباس,هرمزگان,صرفا با سوابق تحصیلی,نوبت دوم,مرد و زن,3,,,,,,150,اصلی,,,
18555,شیمی محض,دانشگاه هرمزگان - بندرعباس,هرمزگان,صرفا با سوابق تحصیلی,نوبت دوم,مرد و زن,3,,,,,,150,اصلی,,,
18556,علوم و مهندسی شیلات,دانشگاه هرمزگان - بندرعباس,هرمزگان,صرفا با سوابق تحصیلی,نوبت دوم,مرد و زن,3,,,,,,150,اصلی,,,
18557,مهندسی طبیعت,دانشگاه هرمزگان - بندرعباس,هرمزگان,صرفا با سوابق تحصیلی,نوبت دوم,مرد و زن,3,,,,,,150,اصلی,,,
18558,علوم ورزشی,دانشگاه هرمزگان - بندرعباس,هرمزگان,صرفا با سوابق تحصیلی,نوبت دوم,مرد و زن,3,,2,1,,,150,اصلی,,,
18539,علوم قرآن و حدیث,دانشگاه علوم و معارف قرآن کریم - وابسته به سازمان اوقاف و امور خیریه (محل تحصیل دانشکده علوم قرآنی بندر عباس),هرمزگان,صرفا با سوابق تحصیلی,روزانه,مرد و زن,40,,25,15,دارای خوابگاه ملکی,,150,اصلی,,,
18559,علوم و مهندسی آب,دانشگاه هرمزگان (محل تحصیل مجتمع آموزش عالی میناب),هرمزگان,صرفا با سوابق تحصیلی,روزانه,مرد و زن,20,,,,ممنوعیت مهمانی و انتقال به پردیس اصلی دانشگاه در بندرعباس,,150,اصلی,,,
18560,مهندسی صنایع و سیستم‌ها,دانشگاه هرمزگان (محل تحصیل مجتمع آموزش عالی میناب),هرمزگان,صرفا با سوابق تحصیلی,روزانه,مرد و زن,27,,,,ممنوعیت مهمانی و انتقال به پردیس اصلی دانشگاه در بندرعباس,,150,اصلی,,,
18561,کاردانی تکنولوژی آبیاری,دانشگاه هرمزگان (محل تحصیل مجتمع آموزش عالی میناب),هرمزگان,صرفا با سوابق تحصیلی,روزانه,مرد و زن,30,,,,ممنوعیت مهمانی و انتقال به پردیس اصلی دانشگاه در بندرعباس,,150,اصلی,,,
18565,علوم و مهندسی باغبانی,دانشگاه هرمزگان (محل تحصیل مجتمع آموزش عالی میناب),هرمزگان,صرفا با سوابق تحصیلی,روزانه,مرد و زن,20,,,,ممنوعیت مهمانی و انتقال به پردیس اصلی دانشگاه در بندرعباس,,150,اصلی,,,
18566,علوم و مهندسی صنایع غذایی(این رشته متعلق به گروه کشاورزی است),دانشگاه هرمزگان (محل تحصیل مجتمع آموزش عالی میناب),هرمزگان,صرفا با سوابق تحصیلی,روزانه,مرد و زن,20,,,,ممنوعیت مهمانی و انتقال به پردیس اصلی دانشگاه در بندرعباس,,150,اصلی,,,
18567,مهندسی تولید و ژنتیک گیاهی,دانشگاه هرمزگان (محل تحصیل مجتمع آموزش عالی میناب),هرمزگان,صرفا با سوابق تحصیلی,روزانه,مرد و زن,20,,,,ممنوعیت مهمانی و انتقال به پردیس اصلی دانشگاه در بندرعباس,,151,اصلی,,,
18568,مهندسی فضای سبز,دانشگاه هرمزگان (محل تحصیل مجتمع آموزش عالی میناب),هرمزگان,صرفا با سوابق تحصیلی,روزانه,مرد و زن,20,,,,ممنوعیت مهمانی و انتقال به پردیس اصلی دانشگاه در بندرعباس,,151,اصلی,,,
18569,مهندسی گیاهپزشکی,دانشگاه هرمزگان (محل تحصیل مجتمع آموزش عالی میناب),هرمزگان,صرفا با سوابق تحصیلی,روزانه,مرد و زن,20,,,,ممنوعیت مهمانی و انتقال به پردیس اصلی دانشگاه در بندرعباس,,151,اصلی,,,
18562,علوم و مهندسی آب,دانشگاه هرمزگان (محل تحصیل مجتمع آموزش عالی میناب),هرمزگان,صرفا با سوابق تحصیلی,نوبت دوم,مرد و زن,3,,,,ممنوعیت مهمانی و انتقال به پردیس اصلی دانشگاه در بندرعباس,,151,اصلی,,,
18563,مهندسی صنایع و سیستم‌ها,دانشگاه هرمزگان (محل تحصیل مجتمع آموزش عالی میناب),هرمزگان,صرفا با سوابق تحصیلی,نوبت دوم,مرد و زن,2,,,,ممنوعیت مهمانی و انتقال به پردیس اصلی دانشگاه در بندرعباس,,151,اصلی,,,
18564,کاردانی تکنولوژی آبیاری,دانشگاه هرمزگان (محل تحصیل مجتمع آموزش عالی میناب),هرمزگان,صرفا با سوابق تحصیلی,نوبت دوم,مرد و زن,10,,,,ممنوعیت مهمانی و انتقال به پردیس اصلی دانشگاه در بندرعباس,,151,اصلی,,,
18570,علوم و مهندسی باغبانی,دانشگاه هرمزگان (محل تحصیل مجتمع آموزش عالی میناب),هرمزگان,صرفا با سوابق تحصیلی,نوبت دوم,مرد و زن,3,,,,ممنوعیت مهمانی و انتقال به پردیس اصلی دانشگاه در بندرعباس,,151,اصلی,,,
18571,مهندسی تولید و ژنتیک گیاهی,دانشگاه هرمزگان (محل تحصیل مجتمع آموزش عالی میناب),هرمزگان,صرفا با سوابق تحصیلی,نوبت دوم,مرد و زن,3,,,,ممنوعیت مهمانی و انتقال به پردیس اصلی دانشگاه در بندرعباس,,151,اصلی,,,
18572,مهندسی فضای سبز,دانشگاه هرمزگان (محل تحصیل مجتمع آموزش عالی میناب),هرمزگان,صرفا با سوابق تحصیلی,نوبت دوم,مرد و زن,3,,,,ممنوعیت مهمانی و انتقال به پردیس اصلی دانشگاه در بندرعباس,,151,اصلی,,,
18573,مهندسی گیاهپزشکی,دانشگاه هرمزگان (محل تحصیل مجتمع آموزش عالی میناب),هرمزگان,صرفا با سوابق تحصیلی,نوبت دوم,مرد و زن,3,,,,ممنوعیت مهمانی و انتقال به پردیس اصلی دانشگاه در بندرعباس,,151,اصلی,,,
18701,مهندسی حرفه‌ای معماری,دانشگاه ملی مهارت - آموزشکده پسران بندرعباس (شهید کرانی),هرمزگان,صرفا با سوابق تحصیلی,روزانه,مرد,25,,,,,,151,اصلی,,,
18702,مهندسی حرفه‌ای معماری,دانشگاه ملی مهارت - آموزشکده پسران بندرعباس (شهید کرانی),هرمزگان,صرفا با سوابق تحصیلی,روزانه,مرد,,25,,,,,151,اصلی,,,
18703,مهندسی حرفه‌ای معماری,دانشگاه ملی مهارت - آموزشکده پسران بندرعباس (شهید کرانی),هرمزگان,صرفا با سوابق تحصیلی,نوبت دوم,مرد,5,,,,,,151,اصلی,,,
18704,مهندسی حرفه‌ای معماری,دانشگاه ملی مهارت - آموزشکده پسران بندرعباس (شهید کرانی),هرمزگان,صرفا با سوابق تحصیلی,نوبت دوم,مرد,,5,,,,,151,اصلی,,,
18705,طراحی و چاپ پارچه,دانشگاه ملی مهارت - آموزشکده دختران بندرعباس,هرمزگان,صرفا با سوابق تحصیلی,روزانه,زن,,45,,,,,151,اصلی,,,
18706,طراحی و چاپ پارچه,دانشگاه ملی مهارت - آموزشکده دختران بندرعباس,هرمزگان,صرفا با سوابق تحصیلی,نوبت دوم,زن,,5,,,,,151,اصلی,,,
18707,مهندسی حرفه‌ای کامپیوتر,دانشگاه ملی مهارت - آموزشکده میناب,هرمزگان,صرفا با سوابق تحصیلی,روزانه,مرد,30,,,,,,151,اصلی,,,
18708,مهندسی حرفه‌ای کامپیوتر,دانشگاه ملی مهارت - آموزشکده میناب,هرمزگان,صرفا با سوابق تحصیلی,روزانه,مرد,,30,,,,,151,اصلی,,,
18526,مهندسی صنایع و سیستم‌ها,دانشگاه تهران (محل تحصیل پردیس خودگردان کیش),هرمزگان,صرفا با سوابق تحصیلی,پردیس خودگردان,مرد و زن,60,,,,فاقد خوابگاه,,151,اصلی,,,
18527,مهندسی کامپیوتر,دانشگاه تهران (محل تحصیل پردیس خودگردان کیش),هرمزگان,صرفا با سوابق تحصیلی,پردیس خودگردان,مرد و زن,60,,,,فاقد خوابگاه,,151,اصلی,,,
18528,مهندسی معماری,دانشگاه تهران (محل تحصیل پردیس خودگردان کیش),هرمزگان,صرفا با سوابق تحصیلی,پردیس خودگردان,مرد و زن,50,,,,فاقد خوابگاه,,151,اصلی,,,
18529,روانشناسی,دانشگاه تهران (محل تحصیل پردیس خودگردان کیش),هرمزگان,صرفا با سوابق تحصیلی,پردیس خودگردان,مرد و زن,20,,,,فاقد خوابگاه,,151,اصلی,,,
18530,علوم ورزشی,دانشگاه تهران (محل تحصیل پردیس خودگردان کیش),هرمزگان,صرفا با سوابق تحصیلی,پردیس خودگردان,مرد و زن,40,,,,فاقد خوابگاه,,151,اصلی,,,
18531,مدیریت بازرگانی,دانشگاه تهران (محل تحصیل پردیس خودگردان کیش),هرمزگان,صرفا با سوابق تحصیلی,پردیس خودگردان,مرد و زن,60,,,,فاقد خوابگاه,,151,اصلی,,,
18532,مدیریت مالی,دانشگاه تهران (محل تحصیل پردیس خودگردان کیش),هرمزگان,صرفا با سوابق تحصیلی,پردیس خودگردان,مرد و زن,45,,,,فاقد خوابگاه,,151,اصلی,,,
18533,طراحی صنعتی,دانشگاه تهران (محل تحصیل پردیس خودگردان کیش),هرمزگان,صرفا با سوابق تحصیلی,پردیس خودگردان,مرد و زن,20,,,,فاقد خوابگاه,,151,اصلی,,,
18534,مهندسی صنایع و سیستم‌ها,دانشگاه صنعتی شریف (محل تحصیل پردیس خودگردان مهندسی و علوم در جزیره کیش),هرمزگان,صرفا با سوابق تحصیلی,پردیس خودگردان,مرد و زن,33,,,,,,151,اصلی,,,
18535,مهندسی عمران,دانشگاه صنعتی شریف (محل تحصیل پردیس خودگردان مهندسی و علوم در جزیره کیش),هرمزگان,صرفا با سوابق تحصیلی,پردیس خودگردان,مرد و زن,33,,,,,,151,اصلی,,,
18536,مهندسی کامپیوتر,دانشگاه صنعتی شریف (محل تحصیل پردیس خودگردان مهندسی و علوم در جزیره کیش),هرمزگان,صرفا با سوابق تحصیلی,پردیس خودگردان,مرد و زن,36,,,,,,151,اصلی,,,
18537,مهندسی مکانیک,دانشگاه صنعتی شریف (محل تحصیل پردیس خودگردان مهندسی و علوم در جزیره کیش),هرمزگان,صرفا با سوابق تحصیلی,پردیس خودگردان,مرد و زن,30,,,,,,151,اصلی,,,
18538,مهندسی هوافضا,دانشگاه صنعتی شریف (محل تحصیل پردیس خودگردان مهندسی و علوم در جزیره کیش),هرمزگان,صرفا با سوابق تحصیلی,پردیس خودگردان,مرد و زن,27,,,,,,151,اصلی,,,
18709,فقه و حقوق امامی,دانشگاه غیردولتی بین‌المللی مذاهب اسلامی (محل تحصیل واحد بندرعباس),هرمزگان,صرفا با سوابق تحصیلی,روزانه - غیردولتی,مرد و زن,48,,,,شرایط در دفترچه «پیوست‌ها» - تحصیل رایگان- مختص خواهران و برادران مذهب امامی (شیعه) - فاقد خوابگاه,,152,اصلی,,,
18710,فقه و حقوق شافعی,دانشگاه غیردولتی بین‌المللی مذاهب اسلامی (محل تحصیل واحد بندرعباس),هرمزگان,صرفا با سوابق تحصیلی,روزانه - غیردولتی,مرد و زن,45,,,,شرایط در دفترچه «پیوست‌ها» - تحصیل رایگان- مختص خواهران و برادران مذهب شافعی (اهل سنت) - فاقد خوابگاه,,152,اصلی,,,
31305,مهندسی برق,دانشگاه بوعلی سینا - همدان,همدان,با آزمون,روزانه,مرد و زن,70,,,,ارائه خوابگاه با محدودیت حداقل 100 کیلومتر فاصله - فاقد خوابگاه متأهلی,,152,اصلی,,,
31306,مهندسی شهرسازی,دانشگاه بوعلی سینا - همدان,همدان,با آزمون,روزانه,مرد و زن,30,,,,ارائه خوابگاه با محدودیت حداقل 100 کیلومتر فاصله - فاقد خوابگاه متأهلی,,152,اصلی,,,
31307,مهندسی صنایع و سیستم‌ها,دانشگاه بوعلی سینا - همدان,همدان,با آزمون,روزانه,مرد و زن,50,,,,ارائه خوابگاه با محدودیت حداقل 100 کیلومتر فاصله - فاقد خوابگاه متأهلی,,152,اصلی,,,
31308,مهندسی عمران,دانشگاه بوعلی سینا - همدان,همدان,با آزمون,روزانه,مرد و زن,75,,,,ارائه خوابگاه با محدودیت حداقل 100 کیلومتر فاصله - فاقد خوابگاه متأهلی,,152,اصلی,,,
31309,مهندسی کامپیوتر,دانشگاه بوعلی سینا - همدان,همدان,با آزمون,روزانه,مرد و زن,55,,,,ارائه خوابگاه با محدودیت حداقل 100 کیلومتر فاصله - فاقد خوابگاه متأهلی,,152,اصلی,,,
31310,مهندسی ماشین‌های صنایع غذایی,دانشگاه بوعلی سینا - همدان,همدان,با آزمون,روزانه,مرد و زن,20,,,,ارائه خوابگاه با محدودیت حداقل 100 کیلومتر فاصله - فاقد خوابگاه متأهلی,,152,اصلی,,,
31311,مهندسی معماری,دانشگاه بوعلی سینا - همدان,همدان,با آزمون,روزانه,مرد و زن,45,,,,ارائه خوابگاه با محدودیت حداقل 100 کیلومتر فاصله - فاقد خوابگاه متأهلی,,152,اصلی,,,
31312,مهندسی مکانیک,دانشگاه بوعلی سینا - همدان,همدان,با آزمون,روزانه,مرد و زن,75,,,,ارائه خوابگاه با محدودیت حداقل 100 کیلومتر فاصله - فاقد خوابگاه متأهلی,,152,اصلی,,,
31313,مهندسی نقشه‌برداری,دانشگاه بوعلی سینا - همدان,همدان,با آزمون,روزانه,مرد و زن,30,,,,ارائه خوابگاه با محدودیت حداقل 100 کیلومتر فاصله - فاقد خوابگاه متأهلی,,152,اصلی,,,
31314,مهندسی و علم مواد,دانشگاه بوعلی سینا - همدان,همدان,با آزمون,روزانه,مرد و زن,50,,,,ارائه خوابگاه با محدودیت حداقل 100 کیلومتر فاصله - فاقد خوابگاه متأهلی,,152,اصلی,,,
36540,اقتصاد,دانشگاه بوعلی سینا - همدان,همدان,با آزمون,روزانه,مرد و زن,16,,,,ارائه خوابگاه با محدودیت حداقل 100 کیلومتر فاصله - فاقد خوابگاه متأهلی,,152,اصلی,,,
36541,حسابداری,دانشگاه بوعلی سینا - همدان,همدان,با آزمون,روزانه,مرد و زن,5,,,,ارائه خوابگاه با محدودیت حداقل 100 کیلومتر فاصله - فاقد خوابگاه متأهلی,,152,اصلی,,,
36542,روانشناسی,دانشگاه بوعلی سینا - همدان,همدان,با آزمون,روزانه,مرد و زن,4,,,,ارائه خوابگاه با محدودیت حداقل 100 کیلومتر فاصله - فاقد خوابگاه متأهلی,,152,اصلی,,,
36543,شیمی کاربردی,دانشگاه بوعلی سینا - همدان,همدان,با آزمون,روزانه,مرد و زن,9,,,,ارائه خوابگاه با محدودیت حداقل 100 کیلومتر فاصله - فاقد خوابگاه متأهلی,,152,اصلی,,,
36544,شیمی محض,دانشگاه بوعلی سینا - همدان,همدان,با آزمون,روزانه,مرد و زن,8,,,,ارائه خوابگاه با محدودیت حداقل 100 کیلومتر فاصله - فاقد خوابگاه متأهلی,,152,اصلی,,,
36545,علوم ورزشی,دانشگاه بوعلی سینا - همدان,همدان,با آزمون,روزانه,زن,3,,,,ارائه خوابگاه با محدودیت حداقل 100 کیلومتر فاصله - فاقد خوابگاه متأهلی,,152,اصلی,,,
36546,علوم ورزشی,دانشگاه بوعلی سینا - همدان,همدان,با آزمون,روزانه,مرد,3,,,,ارائه خوابگاه با محدودیت حداقل 100 کیلومتر فاصله - فاقد خوابگاه متأهلی,,152,اصلی,,,
36547,مدیریت بازرگانی,دانشگاه بوعلی سینا - همدان,همدان,با آزمون,روزانه,مرد و زن,4,,,,ارائه خوابگاه با محدودیت حداقل 100 کیلومتر فاصله - فاقد خوابگاه متأهلی,,152,اصلی,,,
31315,مهندسی ماشین‌های صنایع غذایی,دانشگاه بوعلی سینا - همدان,همدان,با آزمون,نوبت دوم,مرد و زن,5,,,,عدم تعهد در واگذاری خوابگاه,,152,اصلی,,,
18721,آمار,دانشگاه بوعلی سینا - همدان,همدان,صرفا با سوابق تحصیلی,روزانه,مرد و زن,35,,,,ارائه خوابگاه با محدودیت حداقل 100 کیلومتر فاصله - فاقد خوابگاه متأهلی,,152,اصلی,,,
18722,بیم‌سنجی,دانشگاه بوعلی سینا - همدان,همدان,صرفا با سوابق تحصیلی,روزانه,مرد و زن,30,,,,ارائه خوابگاه با محدودیت حداقل 100 کیلومتر فاصله - فاقد خوابگاه متأهلی,,153,اصلی,,,
18723,ریاضیات و کاربردها,دانشگاه بوعلی سینا - همدان,همدان,صرفا با سوابق تحصیلی,روزانه,مرد و زن,40,,,,ارائه خوابگاه با محدودیت حداقل 100 کیلومتر فاصله - فاقد خوابگاه متأهلی,,153,اصلی,,,
18724,علوم و مهندسی آب,دانشگاه بوعلی سینا - همدان,همدان,صرفا با سوابق تحصیلی,روزانه,مرد و زن,15,,,,ارائه خوابگاه با محدودیت حداقل 100 کیلومتر فاصله - فاقد خوابگاه متأهلی,,153,اصلی,,,
18725,فیزیک,دانشگاه بوعلی سینا - همدان,همدان,صرفا با سوابق تحصیلی,روزانه,مرد و زن,35,,,,ارائه خوابگاه با محدودیت حداقل 100 کیلومتر فاصله - فاقد خوابگاه متأهلی,,153,اصلی,,,
18726,فیزیک مهندسی,دانشگاه بوعلی سینا - همدان,همدان,صرفا با سوابق تحصیلی,روزانه,مرد و زن,40,,,,ارائه خوابگاه با محدودیت حداقل 100کیلومترفاصله - فاقد خوابگاه متأهلی,,153,اصلی,,,
18727,مهندسی مکانیک بیوسیستم (این رشته متعلق به گروه کشاورزی است),دانشگاه بوعلی سینا - همدان,همدان,صرفا با سوابق تحصیلی,روزانه,مرد و زن,15,,,,ارائه خوابگاه با محدودیت حداقل 100 کیلومتر فاصله - فاقد خوابگاه متأهلی,,153,اصلی,,,
18730,زمین‌شناسی,دانشگاه بوعلی سینا - همدان,همدان,صرفا با سوابق تحصیلی,روزانه,مرد و زن,25,,,,ارائه خوابگاه با محدودیت حداقل 100 کیلومتر فاصله - فاقد خوابگاه متأهلی,,153,اصلی,,,
18731,زیست‌شناسی گیاهی,دانشگاه بوعلی سینا - همدان,همدان,صرفا با سوابق تحصیلی,روزانه,مرد و زن,35,,,,ارائه خوابگاه با محدودیت حداقل 100 کیلومتر فاصله - فاقد خوابگاه متأهلی,,153,اصلی,,,
18732,علوم و مهندسی باغبانی,دانشگاه بوعلی سینا - همدان,همدان,صرفا با سوابق تحصیلی,روزانه,مرد و زن,20,,,,ارائه خوابگاه با محدودیت حداقل 100 کیلومتر فاصله - فاقد خوابگاه متأهلی,,153,اصلی,,,
18733,علوم و مهندسی خاک,دانشگاه بوعلی سینا - همدان,همدان,صرفا با سوابق تحصیلی,روزانه,مرد و زن,15,,,,ارائه خوابگاه با محدودیت حداقل 100 کیلومتر فاصله - فاقد خوابگاه متأهلی,,153,اصلی,,,
18734,علوم و مهندسی صنایع غذایی(این رشته متعلق به گروه کشاورزی است),دانشگاه بوعلی سینا - همدان,همدان,صرفا با سوابق تحصیلی,روزانه,مرد و زن,20,,,,ارائه خوابگاه با محدودیت حداقل 100 کیلومتر فاصله - فاقد خوابگاه متأهلی,,153,اصلی,,,
18735,مهندسی ترویج و آموزش کشاورزی پایدار,دانشگاه بوعلی سینا - همدان,همدان,صرفا با سوابق تحصیلی,روزانه,مرد و زن,20,,,,ارائه خوابگاه با محدودیت حداقل 100 کیلومتر فاصله - فاقد خوابگاه متأهلی,,153,اصلی,,,
18736,مهندسی تولید و ژنتیک گیاهی,دانشگاه بوعلی سینا - همدان,همدان,صرفا با سوابق تحصیلی,روزانه,مرد و زن,20,,,,ارائه خوابگاه با محدودیت حداقل 100 کیلومتر فاصله - فاقد خوابگاه متأهلی,,153,اصلی,,,
18737,مهندسی علوم دامی,دانشگاه بوعلی سینا - همدان,همدان,صرفا با سوابق تحصیلی,روزانه,مرد و زن,15,,,,ارائه خوابگاه با محدودیت حداقل 100 کیلومتر فاصله - فاقد خوابگاه متأهلی,,153,اصلی,,,
18738,مهندسی گیاهپزشکی,دانشگاه بوعلی سینا - همدان,همدان,صرفا با سوابق تحصیلی,روزانه,مرد و زن,15,,,,ارائه خوابگاه با محدودیت حداقل 100 کیلومتر فاصله - فاقد خوابگاه متأهلی,,153,اصلی,,,
18746,علوم قرآن و حدیث,دانشگاه بوعلی سینا - همدان,همدان,صرفا با سوابق تحصیلی,روزانه,مرد و زن,30,,,,ارائه خوابگاه با محدودیت حداقل 100 کیلومتر فاصله - فاقد خوابگاه متأهلی,,153,اصلی,,,
18747,فلسفه و کلام اسلامی,دانشگاه بوعلی سینا - همدان,همدان,صرفا با سوابق تحصیلی,روزانه,مرد و زن,25,,,,ارائه خوابگاه با محدودیت حداقل 100 کیلومتر فاصله - فاقد خوابگاه متأهلی,,153,اصلی,,,
18728,علوم و مهندسی آب,دانشگاه بوعلی سینا - همدان,همدان,صرفا با سوابق تحصیلی,نوبت دوم,مرد و زن,15,,,,عدم تعهد در واگذاری خوابگاه,,153,اصلی,,,
18729,مهندسی مکانیک بیوسیستم (این رشته متعلق به گروه کشاورزی است),دانشگاه بوعلی سینا - همدان,همدان,صرفا با سوابق تحصیلی,نوبت دوم,مرد و زن,4,,,,عدم تعهد در واگذاری خوابگاه,,153,اصلی,,,
18739,علوم و مهندسی باغبانی,دانشگاه بوعلی سینا - همدان,همدان,صرفا با سوابق تحصیلی,نوبت دوم,مرد و زن,10,,,,عدم تعهد در واگذاری خوابگاه,,153,اصلی,,,
18740,علوم و مهندسی خاک,دانشگاه بوعلی سینا - همدان,همدان,صرفا با سوابق تحصیلی,نوبت دوم,مرد و زن,7,,,,عدم تعهد در واگذاری خوابگاه,,153,اصلی,,,
18741,علوم و مهندسی صنایع غذایی(این رشته متعلق به گروه کشاورزی است),دانشگاه بوعلی سینا - همدان,همدان,صرفا با سوابق تحصیلی,نوبت دوم,مرد و زن,5,,,,عدم تعهد در واگذاری خوابگاه,,153,اصلی,,,
18742,مهندسی ترویج و آموزش کشاورزی پایدار,دانشگاه بوعلی سینا - همدان,همدان,صرفا با سوابق تحصیلی,نوبت دوم,مرد و زن,5,,,,عدم تعهد در واگذاری خوابگاه,,153,اصلی,,,
18743,مهندسی تولید و ژنتیک گیاهی,دانشگاه بوعلی سینا - همدان,همدان,صرفا با سوابق تحصیلی,نوبت دوم,مرد و زن,10,,,,عدم تعهد در واگذاری خوابگاه,,153,اصلی,,,
18744,مهندسی علوم دامی,دانشگاه بوعلی سینا - همدان,همدان,صرفا با سوابق تحصیلی,نوبت دوم,مرد و زن,10,,,,عدم تعهد در واگذاری خوابگاه,,153,اصلی,,,
18745,مهندسی گیاهپزشکی,دانشگاه بوعلی سینا - همدان,همدان,صرفا با سوابق تحصیلی,نوبت دوم,مرد و زن,10,,,,عدم تعهد در واگذاری خوابگاه,,153,اصلی,,,
31316,مهندسی صنایع و سیستم‌ها,دانشگاه بوعلی سینا (محل تحصیل دانشکده فنی و مهندسی تویسرکان),همدان,با آزمون,روزانه,مرد و زن,12,,,,امکان مهمانی و انتقال به پردیس اصلی در شهر همدان وجود ندارد. در مدرک فارغ‌التحصیلی نام دانشکده فنی و مهندسی تویسرکان قید میگردد. - دارای خوابگاه استیجاری,,153,اصلی,,,
31317,مهندسی کامپیوتر,دانشگاه بوعلی سینا (محل تحصیل دانشکده فنی و مهندسی تویسرکان),همدان,با آزمون,روزانه,مرد و زن,15,,,,امکان مهمانی و انتقال به پردیس اصلی در شهر همدان وجود ندارد. در مدرک فارغ‌التحصیلی نام دانشکده فنی و مهندسی تویسرکان قید میگردد. - دارای خوابگاه استیجاری,,153,اصلی,,,
31318,مهندسی عمران,دانشگاه بوعلی سینا (محل تحصیل آموزشکده فنی کبودرآهنگ),همدان,با آزمون,روزانه,مرد,17,,,,امکان مهمان و انتقال به پردیس اصلی (دانشگاه بوعلی سینا) به هیچ عنوان وجود ندارد در مدرک فارغ‌التحصیلی آموزشکده فنی کبودرآهنگ قید می‌شود. - دارای خوابگاه استیجاری,,154,اصلی,,,
31319,مهندسی کامپیوتر,دانشگاه سیدجمال‌الدین اسدآبادی - اسدآباد همدان,همدان,با آزمون,روزانه,مرد و زن,16,,,,دارای خوابگاه استیجاری,,154,اصلی,,,
31320,مهندسی نقشه‌برداری,دانشگاه سیدجمال‌الدین اسدآبادی - اسدآباد همدان,همدان,با آزمون,روزانه,مرد و زن,17,,,,دارای خوابگاه استیجاری,,154,اصلی,,,
36553,شیمی کاربردی,دانشگاه سیدجمال‌الدین اسدآبادی - اسدآباد همدان,همدان,با آزمون,روزانه,مرد و زن,3,,,,دارای خوابگاه استیجاری,,154,اصلی,,,
18758,علوم و مهندسی باغبانی,دانشگاه سیدجمال‌الدین اسدآبادی - اسدآباد همدان,همدان,صرفا با سوابق تحصیلی,روزانه,مرد و زن,12,,,,دارای خوابگاه استیجاری,,154,اصلی,,,
18759,مهندسی اقتصاد کشاورزی,دانشگاه سیدجمال‌الدین اسدآبادی - اسدآباد همدان,همدان,صرفا با سوابق تحصیلی,روزانه,مرد و زن,11,,,,دارای خوابگاه استیجاری,,154,اصلی,,,
18760,مهندسی فضای سبز,دانشگاه سیدجمال‌الدین اسدآبادی - اسدآباد همدان,همدان,صرفا با سوابق تحصیلی,روزانه,مرد و زن,11,,,,دارای خوابگاه استیجاری,,154,اصلی,,,
18761,تاریخ و تمدن ملل اسلامی,دانشگاه سیدجمال‌الدین اسدآبادی - اسدآباد همدان,همدان,صرفا با سوابق تحصیلی,روزانه,مرد و زن,25,,,,دارای خوابگاه استیجاری,,154,اصلی,,,
31321,مهندسی برق,دانشگاه صنعتی همدان,همدان,با آزمون,روزانه,مرد و زن,70,,,,دارای خوابگاه استیجاری,,154,اصلی,,,
31322,مهندسی پزشکی,دانشگاه صنعتی همدان,همدان,با آزمون,روزانه,مرد و زن,50,,,,دارای خوابگاه استیجاری,,154,اصلی,,,
31323,مهندسی شیمی,دانشگاه صنعتی همدان,همدان,با آزمون,روزانه,مرد و زن,42,,,,دارای خوابگاه استیجاری,,154,اصلی,,,
31324,مهندسی کامپیوتر,دانشگاه صنعتی همدان,همدان,با آزمون,روزانه,مرد و زن,55,,,,دارای خوابگاه استیجاری,,154,اصلی,,,
31325,مهندسی مکانیک,دانشگاه صنعتی همدان,همدان,با آزمون,روزانه,مرد و زن,48,,,,دارای خوابگاه استیجاری,,154,اصلی,,,
31326,مهندسی و علم مواد,دانشگاه صنعتی همدان,همدان,با آزمون,روزانه,مرد و زن,45,,,,دارای خوابگاه استیجاری,,154,اصلی,,,
31327,مهندسی برق,دانشگاه صنعتی همدان,همدان,با آزمون,نوبت دوم,مرد و زن,15,,,,دارای خوابگاه استیجاری,,154,اصلی,,,
31328,مهندسی پزشکی,دانشگاه صنعتی همدان,همدان,با آزمون,نوبت دوم,مرد و زن,12,,,,دارای خوابگاه استیجاری,,154,اصلی,,,
31329,مهندسی شیمی,دانشگاه صنعتی همدان,همدان,با آزمون,نوبت دوم,مرد و زن,10,,,,دارای خوابگاه استیجاری,,154,اصلی,,,
31330,مهندسی کامپیوتر,دانشگاه صنعتی همدان,همدان,با آزمون,نوبت دوم,مرد و زن,14,,,,دارای خوابگاه استیجاری,,154,اصلی,,,
31331,مهندسی مکانیک,دانشگاه صنعتی همدان,همدان,با آزمون,نوبت دوم,مرد و زن,11,,,,دارای خوابگاه استیجاری,,154,اصلی,,,
31332,مهندسی و علم مواد,دانشگاه صنعتی همدان,همدان,با آزمون,نوبت دوم,مرد و زن,7,,,,دارای خوابگاه استیجاری,,154,اصلی,,,
18762,مهندسی پلیمر,دانشگاه صنعتی همدان,همدان,صرفا با سوابق تحصیلی,روزانه,مرد و زن,25,,,,دارای خوابگاه استیجاری,,154,اصلی,,,
18763,مهندسی معدن,دانشگاه صنعتی همدان,همدان,صرفا با سوابق تحصیلی,روزانه,مرد و زن,35,,,,دارای خوابگاه استیجاری,,154,اصلی,,,
18764,مهندسی پلیمر,دانشگاه صنعتی همدان,همدان,صرفا با سوابق تحصیلی,نوبت دوم,مرد و زن,5,,,,دارای خوابگاه استیجاری,,154,اصلی,,,
18765,مهندسی معدن,دانشگاه صنعتی همدان,همدان,صرفا با سوابق تحصیلی,نوبت دوم,مرد و زن,6,,,,دارای خوابگاه استیجاری,,154,اصلی,,,
31333,مهندسی برق,دانشگاه ملایر,همدان,با آزمون,روزانه,مرد و زن,30,,,,,,154,اصلی,,,
31334,مهندسی عمران,دانشگاه ملایر,همدان,با آزمون,روزانه,مرد و زن,45,,,,,,154,اصلی,,,
31335,مهندسی کامپیوتر,دانشگاه ملایر,همدان,با آزمون,روزانه,مرد و زن,50,,,,,,154,اصلی,,,
31336,مهندسی معماری,دانشگاه ملایر,همدان,با آزمون,روزانه,مرد و زن,50,,,,,,154,اصلی,,,
31337,مهندسی مکانیک,دانشگاه ملایر,همدان,با آزمون,روزانه,مرد و زن,40,,,,,,154,اصلی,,,
36554,روانشناسی,دانشگاه ملایر,همدان,با آزمون,روزانه,مرد و زن,4,,,,,,154,اصلی,,,
36555,شیمی کاربردی,دانشگاه ملایر,همدان,با آزمون,روزانه,مرد و زن,8,,,,,,154,اصلی,,,
36556,علوم ورزشی,دانشگاه ملایر,همدان,با آزمون,روزانه,زن,3,,,,,,154,اصلی,,,
36557,علوم ورزشی,دانشگاه ملایر,همدان,با آزمون,روزانه,مرد,3,,,,,,154,اصلی,,,
36558,مدیریت بازرگانی,دانشگاه ملایر,همدان,با آزمون,روزانه,مرد و زن,6,,,,,,154,اصلی,,,
31338,مهندسی عمران,دانشگاه ملایر,همدان,با آزمون,نوبت دوم,مرد و زن,,35,,,,,154,اصلی,,,
36559,مدیریت بازرگانی,دانشگاه ملایر,همدان,با آزمون,نوبت دوم,مرد و زن,2,,,,,,154,اصلی,,,
18767,آمار,دانشگاه ملایر,همدان,صرفا با سوابق تحصیلی,روزانه,مرد و زن,25,,,,,,154,اصلی,,,
18768,ریاضیات و کاربردها,دانشگاه ملایر,همدان,صرفا با سوابق تحصیلی,روزانه,مرد و زن,20,,,,,,154,اصلی,,,
18769,علوم کامپیوتر,دانشگاه ملایر,همدان,صرفا با سوابق تحصیلی,روزانه,مرد و زن,30,,,,,,154,اصلی,,,
18770,فیزیک,دانشگاه ملایر,همدان,صرفا با سوابق تحصیلی,روزانه,مرد و زن,30,,,,,,154,اصلی,,,
18771,مهندسی اپتیک و لیزر,دانشگاه ملایر,همدان,صرفا با سوابق تحصیلی,روزانه,مرد و زن,35,,,,,,154,اصلی,,,
18772,مهندسی معدن,دانشگاه ملایر,همدان,صرفا با سوابق تحصیلی,روزانه,مرد و زن,30,,,,,,155,اصلی,,,
18773,مهندسی و علم مواد,دانشگاه ملایر,همدان,صرفا با سوابق تحصیلی,روزانه,مرد و زن,40,,,,,,155,اصلی,,,
18774,زیست‌شناسی گیاهی,دانشگاه ملایر,همدان,صرفا با سوابق تحصیلی,روزانه,مرد و زن,30,,,,,,155,اصلی,,,
18775,علوم و مهندسی باغبانی,دانشگاه ملایر,همدان,صرفا با سوابق تحصیلی,روزانه,مرد و زن,15,,,,,,155,اصلی,,,
18776,علوم و مهندسی خاک,دانشگاه ملایر,همدان,صرفا با سوابق تحصیلی,روزانه,مرد و زن,15,,,,,,155,اصلی,,,
18777,علوم و مهندسی شیلات,دانشگاه ملایر,همدان,صرفا با سوابق تحصیلی,روزانه,مرد و زن,15,,,,,,155,اصلی,,,
18778,علوم و مهندسی محیط‌زیست,دانشگاه ملایر,همدان,صرفا با سوابق تحصیلی,روزانه,مرد و زن,15,,,,,,155,اصلی,,,
18779,مهندسی تولید و ژنتیک گیاهی,دانشگاه ملایر,همدان,صرفا با سوابق تحصیلی,روزانه,مرد و زن,15,,,,,,155,اصلی,,,
18780,مهندسی صنایع مبلمان,دانشگاه ملایر,همدان,صرفا با سوابق تحصیلی,روزانه,مرد و زن,20,,,,,,155,اصلی,,,
18781,مهندسی طبیعت,دانشگاه ملایر,همدان,صرفا با سوابق تحصیلی,روزانه,مرد و زن,15,,,,,,155,اصلی,,,
18782,مهندسی علوم دامی,دانشگاه ملایر,همدان,صرفا با سوابق تحصیلی,روزانه,مرد و زن,20,,,,,,155,اصلی,,,
18783,مهندسی فضای سبز,دانشگاه ملایر,همدان,صرفا با سوابق تحصیلی,روزانه,مرد و زن,20,,,,,,155,اصلی,,,
18794,فلسفه و کلام اسلامی,دانشگاه ملایر,همدان,صرفا با سوابق تحصیلی,روزانه,مرد و زن,45,,,,,,155,اصلی,,,
18784,شیمی کاربردی,دانشگاه ملایر,همدان,صرفا با سوابق تحصیلی,نوبت دوم,مرد و زن,,17,,,,,155,اصلی,,,
18785,علوم و مهندسی باغبانی,دانشگاه ملایر,همدان,صرفا با سوابق تحصیلی,نوبت دوم,مرد و زن,5,,,,,,155,اصلی,,,
18786,علوم و مهندسی خاک,دانشگاه ملایر,همدان,صرفا با سوابق تحصیلی,نوبت دوم,مرد و زن,5,,,,,,155,اصلی,,,
18787,علوم و مهندسی شیلات,دانشگاه ملایر,همدان,صرفا با سوابق تحصیلی,نوبت دوم,مرد و زن,5,,,,,,155,اصلی,,,
18788,علوم و مهندسی محیط‌زیست,دانشگاه ملایر,همدان,صرفا با سوابق تحصیلی,نوبت دوم,مرد و زن,5,,,,,,155,اصلی,,,
18789,مهندسی تولید و ژنتیک گیاهی,دانشگاه ملایر,همدان,صرفا با سوابق تحصیلی,نوبت دوم,مرد و زن,5,,,,,,155,اصلی,,,
18790,مهندسی صنایع مبلمان,دانشگاه ملایر,همدان,صرفا با سوابق تحصیلی,نوبت دوم,مرد و زن,8,,,,,,155,اصلی,,,
18791,مهندسی طبیعت,دانشگاه ملایر,همدان,صرفا با سوابق تحصیلی,نوبت دوم,مرد و زن,5,,,,,,155,اصلی,,,
18792,مهندسی علوم دامی,دانشگاه ملایر,همدان,صرفا با سوابق تحصیلی,نوبت دوم,مرد و زن,5,,,,,,155,اصلی,,,
18793,مهندسی فضای سبز,دانشگاه ملایر,همدان,صرفا با سوابق تحصیلی,نوبت دوم,مرد و زن,5,,,,,,155,اصلی,,,
18795,علوم ورزشی,دانشگاه ملایر,همدان,صرفا با سوابق تحصیلی,نوبت دوم,مرد و زن,40,,20,20,,,155,اصلی,,,
31339,مهندسی حرفه‌ای کامپیوتر,دانشگاه ملی مهارت - آموزشکده پسران همدان (شهید مفتح),همدان,با آزمون,روزانه,مرد,30,,,,,,155,اصلی,,,
31340,مهندسی حرفه‌ای کامپیوتر,دانشگاه ملی مهارت - آموزشکده پسران همدان (شهید مفتح),همدان,با آزمون,روزانه,مرد,,30,,,,,155,اصلی,,,
36560,حسابداری,دانشگاه ملی مهارت - آموزشکده پسران همدان (شهید مفتح),همدان,با آزمون,روزانه,مرد,3,,,,,,155,اصلی,,,
36561,حسابداری,دانشگاه ملی مهارت - آموزشکده پسران همدان (شهید مفتح),همدان,با آزمون,روزانه,مرد,,3,,,,,155,اصلی,,,
18927,مهندسی حرفه‌ای معماری,دانشگاه ملی مهارت - آموزشکده پسران همدان (شهید مفتح),همدان,صرفا با سوابق تحصیلی,روزانه,مرد,30,,,,,,155,اصلی,,,
18928,مهندسی حرفه‌ای معماری,دانشگاه ملی مهارت - آموزشکده پسران همدان (شهید مفتح),همدان,صرفا با سوابق تحصیلی,روزانه,مرد,,30,,,,,155,اصلی,,,
18929,گرافیک,دانشگاه ملی مهارت - آموزشکده پسران همدان (شهید مفتح),همدان,صرفا با سوابق تحصیلی,روزانه,مرد,30,,,,,,155,اصلی,,,
18930,گرافیک,دانشگاه ملی مهارت - آموزشکده پسران همدان (شهید مفتح),همدان,صرفا با سوابق تحصیلی,روزانه,مرد,,30,,,,,155,اصلی,,,
36548,مدیریت بازرگانی,دانشگاه بوعلی سینا (محل تحصیل دانشکده مدیریت و حسابداری رزن),همدان,با آزمون,روزانه,مرد,1,,,,امکان مهمانی و انتقال به پردیس اصلی در شهر همدان وجود ندارد. در مدرک فارغ‌التحصیلی نام دانشکده مدیریت و حسابداری رزن قید می‌شود. - دارای خوابگاه استیجاری,,155,اصلی,,,
36549,مدیریت دولتی,دانشگاه بوعلی سینا (محل تحصیل دانشکده مدیریت و حسابداری رزن),همدان,با آزمون,روزانه,مرد,1,,,,امکان مهمانی و انتقال به پردیس اصلی در شهر همدان وجود ندارد. در مدرک فارغ‌التحصیلی نام دانشکده مدیریت و حسابداری رزن قید می‌شود. - دارای خوابگاه استیجاری,,155,اصلی,,,
36550,مدیریت صنعتی,دانشگاه بوعلی سینا (محل تحصیل دانشکده مدیریت و حسابداری رزن),همدان,با آزمون,روزانه,مرد,1,,,,امکان مهمانی و انتقال به پردیس اصلی در شهر همدان وجود ندارد. در مدرک فارغ‌التحصیلی نام دانشکده مدیریت و حسابداری رزن قید می‌شود. - دارای خوابگاه استیجاری,,155,اصلی,,,
36551,مدیریت دولتی,دانشگاه بوعلی سینا (محل تحصیل دانشکده مدیریت و حسابداری رزن),همدان,با آزمون,نوبت دوم,مرد,1,,,,امکان مهمانی و انتقال به پردیس اصلی در شهر همدان وجود ندارد. در مدرک فارغ‌التحصیلی نام دانشکده مدیریت و حسابداری رزن قید می‌شود. - فاقد خوابگاه,,156,اصلی,,,
36552,مدیریت صنعتی,دانشگاه بوعلی سینا (محل تحصیل دانشکده مدیریت و حسابداری رزن),همدان,با آزمون,نوبت دوم,مرد,1,,,,امکان مهمانی و انتقال به پردیس اصلی در شهر همدان وجود ندارد. در مدرک فارغ‌التحصیلی نام دانشکده مدیریت و حسابداری رزن قید می‌شود. - فاقد خوابگاه,,156,اصلی,,,
36562,حسابداری,دانشگاه ملی مهارت - آموزشکده دختران همدان (زینب کبری (س)),همدان,با آزمون,روزانه,زن,3,,,,,,156,اصلی,,,
36563,حسابداری,دانشگاه ملی مهارت - آموزشکده دختران همدان (زینب کبری (س)),همدان,با آزمون,روزانه,زن,,3,,,,,156,اصلی,,,
36564,حسابداری,دانشگاه ملی مهارت - آموزشکده دختران همدان (زینب کبری (س)),همدان,با آزمون,نوبت دوم,زن,1,,,,,,156,اصلی,,,
36565,حسابداری,دانشگاه ملی مهارت - آموزشکده دختران همدان (زینب کبری (س)),همدان,با آزمون,نوبت دوم,زن,,1,,,,,156,اصلی,,,
18931,مهندسی حرفه‌ای معماری,دانشگاه ملی مهارت - آموزشکده دختران همدان (زینب کبری (س)),همدان,صرفا با سوابق تحصیلی,روزانه,زن,25,,,,,,156,اصلی,,,
18932,مهندسی حرفه‌ای معماری,دانشگاه ملی مهارت - آموزشکده دختران همدان (زینب کبری (س)),همدان,صرفا با سوابق تحصیلی,روزانه,زن,,25,,,,,156,اصلی,,,
18933,مهندسی حرفه‌ای معماری,دانشگاه ملی مهارت - آموزشکده دختران همدان (زینب کبری (س)),همدان,صرفا با سوابق تحصیلی,نوبت دوم,زن,5,,,,,,156,اصلی,,,
18934,مهندسی حرفه‌ای معماری,دانشگاه ملی مهارت - آموزشکده دختران همدان (زینب کبری (س)),همدان,صرفا با سوابق تحصیلی,نوبت دوم,زن,,5,,,,,156,اصلی,,,
18748,علوم و مهندسی صنایع غذایی(این رشته متعلق به گروه کشاورزی است),دانشگاه بوعلی سینا (محل تحصیل دانشکده کشاورزی و منابع طبیعی تویسرکان),همدان,صرفا با سوابق تحصیلی,روزانه,مرد و زن,8,,,,امکان مهمان و انتقال به پردیس اصلی (دانشگاه بوعلی سینا شهر همدان) به هیچ عنوان وجود ندارد. در مدرک فارغ التحصیلی دانشکده کشاورزی و منابع طبیعی تویسرکان قید می‌شود. - دارای خوابگاه استیجاری,,156,اصلی,,,
18749,علوم و مهندسی صنایع غذایی(این رشته متعلق به گروه کشاورزی است),دانشگاه بوعلی سینا (محل تحصیل دانشکده صنایع غذایی بهار (ویژه خواهران)),همدان,صرفا با سوابق تحصیلی,روزانه,زن,20,,,,امکان مهمانی و انتقال به پردیس اصلی در شهر همدان وجود ندارد. در مدرک فارغ‌التحصیلی نام دانشکده صنایع غذایی بهار قید میگردد. ارائه خوابگاه به دانشجویان غیربومی - فاقد خوابگاه متأهلی,,156,اصلی,,,
18750,علوم و مهندسی صنایع غذایی(این رشته متعلق به گروه کشاورزی است),دانشگاه بوعلی سینا (محل تحصیل دانشکده صنایع غذایی بهار (ویژه خواهران)),همدان,صرفا با سوابق تحصیلی,نوبت دوم,زن,8,,,,امکان مهمانی و انتقال به پردیس اصلی در شهر همدان وجود ندارد. در مدرک فارغ‌التحصیلی نام دانشکده صنایع غذایی بهار قید میگردد. - فاقد خوابگاه,,156,اصلی,,,
18751,شیمی کاربردی,دانشگاه بوعلی سینا (محل تحصیل مجتمع آموزش عالی فاطمیه نهاوند (ویژه خواهران)),همدان,صرفا با سوابق تحصیلی,روزانه,زن,15,,,,امکان مهمانی و انتقال به پردیس اصلی در شهر همدان به هیچ عنوان وجود ندارد. در مدرک فارغ‌التحصیلی نام مجتمع آموزش عالی فاطمیه نهاوند قید می‌شود. - دارای خوابگاه ملکی,,156,اصلی,,,
18752,علوم و مهندسی باغبانی,دانشگاه بوعلی سینا (محل تحصیل مجتمع آموزش عالی فاطمیه نهاوند (ویژه خواهران)),همدان,صرفا با سوابق تحصیلی,روزانه,زن,15,,,,امکان مهمانی و انتقال به پردیس اصلی در شهر همدان به هیچ عنوان وجود ندارد. در مدرک فارغ‌التحصیلی نام مجتمع آموزش عالی فاطمیه نهاوند قید می‌شود. - دارای خوابگاه ملکی,,156,اصلی,,,
18754,علوم ورزشی,دانشگاه بوعلی سینا (محل تحصیل مجتمع آموزش عالی فاطمیه نهاوند (ویژه خواهران)),همدان,صرفا با سوابق تحصیلی,روزانه,زن,10,,,,امکان مهمانی و انتقال به پردیس اصلی در شهر همدان به هیچ عنوان وجود ندارد. در مدرک فارغ‌التحصیلی نام مجتمع آموزش عالی فاطمیه نهاوند قید می‌شود. - دارای خوابگاه ملکی,,157,اصلی,,,
18756,آموزش زبان انگلیسی,دانشگاه بوعلی سینا (محل تحصیل مجتمع آموزش عالی فاطمیه نهاوند (ویژه خواهران)),همدان,صرفا با سوابق تحصیلی,روزانه,زن,15,,,,امکان مهمانی و انتقال به پردیس اصلی در شهر همدان به هیچ عنوان وجود ندارد. در مدرک فارغ‌التحصیلی نام مجتمع آموزش عالی فاطمیه نهاوند قید می‌شود. - دارای خوابگاه ملکی,,157,اصلی,,,
18753,علوم و مهندسی باغبانی,دانشگاه بوعلی سینا (محل تحصیل مجتمع آموزش عالی فاطمیه نهاوند (ویژه خواهران)),همدان,صرفا با سوابق تحصیلی,نوبت دوم,زن,5,,,,امکان مهمانی و انتقال به پردیس اصلی در شهر همدان به هیچ عنوان وجود ندارد. در مدرک فارغ‌التحصیلی نام مجتمع آموزش عالی فاطمیه نهاوند قید می‌شود. - دارای خوابگاه ملکی,,157,اصلی,,,
18755,علوم ورزشی,دانشگاه بوعلی سینا (محل تحصیل مجتمع آموزش عالی فاطمیه نهاوند (ویژه خواهران)),همدان,صرفا با سوابق تحصیلی,نوبت دوم,زن,10,,,,امکان مهمانی و انتقال به پردیس اصلی در شهر همدان به هیچ عنوان وجود ندارد. در مدرک فارغ‌التحصیلی نام مجتمع آموزش عالی فاطمیه نهاوند قید می‌شود. - دارای خوابگاه ملکی,,157,اصلی,,,
18757,آموزش زبان انگلیسی,دانشگاه بوعلی سینا (محل تحصیل مجتمع آموزش عالی فاطمیه نهاوند (ویژه خواهران)),همدان,صرفا با سوابق تحصیلی,نوبت دوم,زن,5,,,,امکان مهمانی و انتقال به پردیس اصلی در شهر همدان به هیچ عنوان وجود ندارد. در مدرک فارغ‌التحصیلی نام مجتمع آموزش عالی فاطمیه نهاوند قید می‌شود. - دارای خوابگاه ملکی,,157,اصلی,,,
18766,علوم قرآن و حدیث,دانشگاه علوم و معارف قرآن کریم - وابسته به سازمان اوقاف و امور خیریه (محل تحصیل دانشکده علوم قرآنی ملایر),همدان,صرفا با سوابق تحصیلی,روزانه,مرد و زن,40,,25,15,دارای خوابگاه ملکی,,157,اصلی,,,
31341,مهندسی برق,دانشگاه اردکان,یزد,با آزمون,روزانه,مرد و زن,22,,,,دارای خوابگاه استیجاری,,157,اصلی,,,
31342,مهندسی شیمی,دانشگاه اردکان,یزد,با آزمون,روزانه,مرد و زن,22,,,,دارای خوابگاه استیجاری,,157,اصلی,,,
31343,مهندسی صنایع و سیستم‌ها,دانشگاه اردکان,یزد,با آزمون,روزانه,مرد و زن,22,,,,دارای خوابگاه استیجاری,,157,اصلی,,,
31344,مهندسی عمران,دانشگاه اردکان,یزد,با آزمون,روزانه,مرد و زن,22,,,,دارای خوابگاه استیجاری,,157,اصلی,,,
31345,مهندسی کامپیوتر,دانشگاه اردکان,یزد,با آزمون,روزانه,مرد و زن,22,,,,دارای خوابگاه استیجاری,,157,اصلی,,,
31346,مهندسی مکانیک,دانشگاه اردکان,یزد,با آزمون,روزانه,مرد و زن,22,,,,دارای خوابگاه استیجاری,,157,اصلی,,,
36566,اقتصاد,دانشگاه اردکان,یزد,با آزمون,روزانه,مرد و زن,9,,,,دارای خوابگاه استیجاری,,157,اصلی,,,
36567,حسابداری,دانشگاه اردکان,یزد,با آزمون,روزانه,مرد و زن,2,,,,دارای خوابگاه استیجاری,,157,اصلی,,,
36568,روانشناسی,دانشگاه اردکان,یزد,با آزمون,روزانه,مرد و زن,2,,,,دارای خوابگاه استیجاری,,157,اصلی,,,
36569,علوم ورزشی,دانشگاه اردکان,یزد,با آزمون,روزانه,زن,1,,,,دارای خوابگاه استیجاری,,157,اصلی,,,
36570,مدیریت بازرگانی,دانشگاه اردکان,یزد,با آزمون,روزانه,مرد و زن,2,,,,دارای خوابگاه استیجاری,,157,اصلی,,,
36571,مدیریت دولتی,دانشگاه اردکان,یزد,با آزمون,روزانه,مرد و زن,2,,,,دارای خوابگاه استیجاری,,157,اصلی,,,
18967,علوم مهندسی,دانشگاه اردکان,یزد,صرفا با سوابق تحصیلی,روزانه,مرد و زن,20,,,,دارای خوابگاه استیجاری,,157,اصلی,,,
18968,علوم و مهندسی آب,دانشگاه اردکان,یزد,صرفا با سوابق تحصیلی,روزانه,مرد و زن,19,,,,دارای خوابگاه استیجاری,,157,اصلی,,,
18969,بهداشت مواد غذایی,دانشگاه اردکان,یزد,صرفا با سوابق تحصیلی,روزانه,مرد و زن,20,,,,دارای خوابگاه استیجاری,,157,اصلی,,,
18970,علوم آزمایشگاهی دامپزشکی,دانشگاه اردکان,یزد,صرفا با سوابق تحصیلی,روزانه,مرد و زن,22,,,,دارای خوابگاه استیجاری,,157,اصلی,,,
18971,علوم و مهندسی باغبانی,دانشگاه اردکان,یزد,صرفا با سوابق تحصیلی,روزانه,مرد و زن,18,,,,دارای خوابگاه استیجاری,,158,اصلی,,,
18972,علوم و مهندسی صنایع غذایی(این رشته متعلق به گروه کشاورزی است),دانشگاه اردکان,یزد,صرفا با سوابق تحصیلی,روزانه,مرد و زن,19,,,,دارای خوابگاه استیجاری,,158,اصلی,,,
18973,علوم و مهندسی محیط‌زیست,دانشگاه اردکان,یزد,صرفا با سوابق تحصیلی,روزانه,مرد و زن,19,,,,دارای خوابگاه استیجاری,,158,اصلی,,,
18974,مهندسی اقتصاد کشاورزی,دانشگاه اردکان,یزد,صرفا با سوابق تحصیلی,روزانه,مرد و زن,19,,,,دارای خوابگاه استیجاری,,158,اصلی,,,
18975,مهندسی طبیعت,دانشگاه اردکان,یزد,صرفا با سوابق تحصیلی,روزانه,مرد و زن,18,,,,دارای خوابگاه استیجاری,,158,اصلی,,,
18976,کاردانی دامپزشکی,دانشگاه اردکان,یزد,صرفا با سوابق تحصیلی,روزانه,مرد و زن,40,,,,دارای خوابگاه استیجاری,,158,اصلی,,,
18977,علوم ورزشی,دانشگاه اردکان,یزد,صرفا با سوابق تحصیلی,روزانه,مرد,10,,,,دارای خوابگاه استیجاری,,158,اصلی,,,
31347,مهندسی پزشکی,دانشگاه میبد,یزد,با آزمون,روزانه,مرد و زن,41,,,,شرایط در دفترچه «پیوست‌ها» - دارای خوابگاه ملکی,,158,اصلی,,,
31348,مهندسی ساخت و تولید,دانشگاه میبد,یزد,با آزمون,روزانه,مرد و زن,30,,,,شرایط در دفترچه «پیوست‌ها» - دارای خوابگاه ملکی,,158,اصلی,,,
31349,مهندسی صنایع و سیستم‌ها,دانشگاه میبد,یزد,با آزمون,روزانه,مرد و زن,3,,,,دارای مصاحبه - بورس شرکت کارا فراز نارین (امیتکو) - شرایط در دفترچه «پیوست‌ها» - دارای خوابگاه ملکی,,158,اصلی,,,
31350,مهندسی صنایع و سیستم‌ها,دانشگاه میبد,یزد,با آزمون,روزانه,مرد و زن,2,,,,دارای مصاحبه - بورس شرکت دانشبنیان ماشینسازی ابتکار صنعت تابان - شرایط در دفترچه «پیوست‌ها» - دارای خوابگاه ملکی,,158,اصلی,,,
31351,مهندسی صنایع و سیستم‌ها,دانشگاه میبد,یزد,با آزمون,روزانه,مرد,3,,,,دارای مصاحبه - بورس شرکت کاشی صدرا سرام میبد - شرایط در دفترچه «پیوست‌ها» - دارای خوابگاه ملکی,,158,اصلی,,,
31352,مهندسی صنایع و سیستم‌ها,دانشگاه میبد,یزد,با آزمون,روزانه,مرد,1,,,,دارای مصاحبه - بورس شرکت کاشی و سرامیک ستاره میبد - شرایط در دفترچه «پیوست‌ها» - دارای خوابگاه ملکی,,158,اصلی,,,
31353,مهندسی صنایع و سیستم‌ها,دانشگاه میبد,یزد,با آزمون,روزانه,مرد و زن,41,,,,شرایط در دفترچه «پیوست‌ها» - دارای خوابگاه ملکی,,158,اصلی,,,
31354,مهندسی کامپیوتر,دانشگاه میبد,یزد,با آزمون,روزانه,مرد و زن,45,,,,شرایط در دفترچه «پیوست‌ها» - دارای خوابگاه ملکی,,158,اصلی,,,
31355,مهندسی کامپیوتر,دانشگاه میبد,یزد,با آزمون,روزانه,مرد,1,,,,دارای مصاحبه - بورس شرکت کاشی و سرامیک ستاره میبد - شرایط در دفترچه «پیوست‌ها» - دارای خوابگاه ملکی,,158,اصلی,,,
31356,مهندسی کامپیوتر,دانشگاه میبد,یزد,با آزمون,روزانه,مرد,1,,,,دارای مصاحبه - بورس شرکت درسا سرام میبد - شرایط در دفترچه «پیوست‌ها» - دارای خوابگاه ملکی,,158,اصلی,,,
31357,مهندسی کامپیوتر,دانشگاه میبد,یزد,با آزمون,روزانه,مرد و زن,2,,,,دارای مصاحبه - بورس شرکت دانشبنیان ماشینسازی ابتکار صنعت تابان - شرایط در دفترچه «پیوست‌ها» - دارای خوابگاه ملکی,,158,اصلی,,,
31358,مهندسی مکانیک,دانشگاه میبد,یزد,با آزمون,روزانه,مرد,1,,,,دارای مصاحبه - بورس شرکت درسا سرام میبد - شرایط در دفترچه «پیوست‌ها» - دارای خوابگاه ملکی,,158,اصلی,,,
31359,مهندسی مکانیک,دانشگاه میبد,یزد,با آزمون,روزانه,مرد و زن,3,,,,دارای مصاحبه - بورس شرکت کارا فراز نارین (امیتکو) - شرایط در دفترچه «پیوست‌ها» - دارای خوابگاه ملکی,,158,اصلی,,,
31360,مهندسی مکانیک,دانشگاه میبد,یزد,با آزمون,روزانه,مرد,2,,,,دارای مصاحبه - بورس شرکت کاشی و سرامیک ستاره میبد - شرایط در دفترچه «پیوست‌ها» - دارای خوابگاه ملکی,,158,اصلی,,,
31361,مهندسی مکانیک,دانشگاه میبد,یزد,با آزمون,روزانه,مرد,5,,,,دارای مصاحبه - بورس شرکت کاشی صدرا سرام میبد - شرایط در دفترچه «پیوست‌ها» - دارای خوابگاه ملکی,,159,اصلی,,,
31362,مهندسی مکانیک,دانشگاه میبد,یزد,با آزمون,روزانه,مرد و زن,2,,,,دارای مصاحبه - بورس شرکت دانشبنیان ماشینسازی ابتکار صنعت تابان - شرایط در دفترچه «پیوست‌ها» - دارای خوابگاه ملکی,,159,اصلی,,,
31363,مهندسی مکانیک,دانشگاه میبد,یزد,با آزمون,روزانه,مرد,5,,,,دارای مصاحبه - بورس شرکت کاشی کورش میبد - شرایط در دفترچه «پیوست‌ها» - دارای خوابگاه ملکی,,159,اصلی,,,
31364,مهندسی مکانیک,دانشگاه میبد,یزد,با آزمون,روزانه,مرد و زن,40,,,,شرایط در دفترچه «پیوست‌ها» - دارای خوابگاه ملکی,,159,اصلی,,,
31365,مهندسی و علم مواد,دانشگاه میبد,یزد,با آزمون,روزانه,مرد و زن,40,,,,شرایط در دفترچه «پیوست‌ها» - دارای خوابگاه ملکی,,159,اصلی,,,
31366,مهندسی و علم مواد,دانشگاه میبد,یزد,با آزمون,روزانه,مرد,1,,,,دارای مصاحبه - بورس شرکت کاشی و سرامیک ستاره میبد - شرایط در دفترچه «پیوست‌ها» - دارای خوابگاه ملکی,,159,اصلی,,,
31367,مهندسی و علم مواد,دانشگاه میبد,یزد,با آزمون,روزانه,مرد و زن,3,,,,دارای مصاحبه - بورس شرکت کارا فراز نارین (امیتکو) - شرایط در دفترچه «پیوست‌ها» - دارای خوابگاه ملکی,,159,اصلی,,,
31368,مهندسی و علم مواد,دانشگاه میبد,یزد,با آزمون,روزانه,زن,1,,,,دارای مصاحبه - بورس شرکت درسا سرام میبد - شرایط در دفترچه «پیوست‌ها» - دارای خوابگاه ملکی,,159,اصلی,,,
36572,اقتصاد,دانشگاه میبد,یزد,با آزمون,روزانه,مرد و زن,9,,,,شرایط در دفترچه «پیوست‌ها» - دارای خوابگاه ملکی,,159,اصلی,,,
36573,حسابداری,دانشگاه میبد,یزد,با آزمون,روزانه,مرد و زن,4,,,,شرایط در دفترچه «پیوست‌ها» - دارای خوابگاه ملکی,,159,اصلی,,,
36574,حسابداری,دانشگاه میبد,یزد,با آزمون,روزانه,مرد و زن,1,,,,دارای مصاحبه - بورس شرکت کارا فراز نارین (امیتکو) - شرایط در دفترچه «پیوست‌ها» - دارای خوابگاه ملکی,,159,اصلی,,,
36575,مدیریت بازرگانی,دانشگاه میبد,یزد,با آزمون,روزانه,مرد و زن,3,,,,شرایط در دفترچه «پیوست‌ها» - دارای خوابگاه ملکی,,159,اصلی,,,
36576,مدیریت صنعتی,دانشگاه میبد,یزد,با آزمون,روزانه,مرد و زن,3,,,,شرایط در دفترچه «پیوست‌ها» - دارای خوابگاه ملکی,,159,اصلی,,,
36577,مدیریت مالی,دانشگاه میبد,یزد,با آزمون,روزانه,مرد و زن,4,,,,شرایط در دفترچه «پیوست‌ها» - دارای خوابگاه ملکی,,159,اصلی,,,
36578,مدیریت مالی,دانشگاه میبد,یزد,با آزمون,روزانه,مرد و زن,1,,,,دارای مصاحبه - بورس شرکت کارا فراز نارین (امیتکو) - شرایط در دفترچه «پیوست‌ها» - دارای خوابگاه ملکی,,159,اصلی,,,
18979,ایران‌شناسی,دانشگاه میبد,یزد,صرفا با سوابق تحصیلی,روزانه,مرد و زن,22,,,,شرایط در دفترچه «پیوست‌ها» - دارای خوابگاه ملکی,,159,اصلی,,,
18980,تاریخ اسلام,دانشگاه میبد,یزد,صرفا با سوابق تحصیلی,روزانه,مرد و زن,33,,,,شرایط در دفترچه «پیوست‌ها» - دارای خوابگاه ملکی,,159,اصلی,,,
18981,جغرافیا,دانشگاه میبد,یزد,صرفا با سوابق تحصیلی,روزانه,مرد و زن,26,,,,شرایط در دفترچه «پیوست‌ها» - دارای خوابگاه ملکی,,159,اصلی,,,
18982,فلسفه و کلام اسلامی,دانشگاه میبد,یزد,صرفا با سوابق تحصیلی,روزانه,زن,25,,,,شرایط در دفترچه «پیوست‌ها» - دارای خوابگاه ملکی,,159,اصلی,,,
31369,علوم کامپیوتر,دانشگاه یزد,یزد,با آزمون,روزانه,مرد و زن,50,,,,,,159,اصلی,,,
31370,مهندسی اپتیک و لیزر,دانشگاه یزد,یزد,با آزمون,روزانه,مرد و زن,30,,,,,,159,اصلی,,,
31371,مهندسی برق,دانشگاه یزد,یزد,با آزمون,روزانه,مرد و زن,120,,,,,,160,اصلی,,,
31372,مهندسی پلیمر,دانشگاه یزد,یزد,با آزمون,روزانه,مرد و زن,35,,,,,,160,اصلی,,,
31373,مهندسی ساخت و تولید,دانشگاه یزد,یزد,با آزمون,روزانه,مرد و زن,35,,,,,,160,اصلی,,,
31374,مهندسی شهرسازی,دانشگاه یزد,یزد,با آزمون,روزانه,مرد و زن,45,,,,,,160,اصلی,,,
31375,مهندسی شیمی,دانشگاه یزد,یزد,با آزمون,روزانه,مرد و زن,45,,,,,,160,اصلی,,,
31376,مهندسی صنایع و سیستم‌ها,دانشگاه یزد,یزد,با آزمون,روزانه,مرد و زن,70,,,,,,160,اصلی,,,
31377,مهندسی عمران,دانشگاه یزد,یزد,با آزمون,روزانه,مرد و زن,70,,,,,,160,اصلی,,,
31378,مهندسی کامپیوتر,دانشگاه یزد,یزد,با آزمون,روزانه,مرد و زن,80,,,,,,160,اصلی,,,
31379,مهندسی معدن,دانشگاه یزد,یزد,با آزمون,روزانه,مرد و زن,65,,,,,,160,اصلی,,,
31380,مهندسی معماری,دانشگاه یزد,یزد,با آزمون,روزانه,مرد و زن,32,,21,11,,,160,اصلی,,,
31381,مهندسی مکانیک,دانشگاه یزد,یزد,با آزمون,روزانه,مرد و زن,95,,,,,,160,اصلی,,,
31382,مهندسی نفت و زمین‌انرژی,دانشگاه یزد,یزد,با آزمون,روزانه,مرد و زن,35,,,,,,160,اصلی,,,
31383,مهندسی و علم مواد,دانشگاه یزد,یزد,با آزمون,روزانه,مرد و زن,60,,,,,,160,اصلی,,,
36579,اقتصاد,دانشگاه یزد,یزد,با آزمون,روزانه,مرد و زن,14,,,,,,160,اصلی,,,
36580,حسابداری,دانشگاه یزد,یزد,با آزمون,روزانه,مرد و زن,5,,,,,,160,اصلی,,,
36581,روانشناسی,دانشگاه یزد,یزد,با آزمون,روزانه,مرد و زن,4,,,,,,160,اصلی,,,
36582,شیمی کاربردی,دانشگاه یزد,یزد,با آزمون,روزانه,مرد و زن,9,,,,,,160,اصلی,,,
36583,علم اطلاعات و دانش‌شناسی,دانشگاه یزد,یزد,با آزمون,روزانه,مرد و زن,4,,,,,,160,اصلی,,,
36584,علوم ورزشی,دانشگاه یزد,یزد,با آزمون,روزانه,زن,2,,,,,,160,اصلی,,,
36585,علوم ورزشی,دانشگاه یزد,یزد,با آزمون,روزانه,مرد,2,,,,,,160,اصلی,,,
36586,گردشگری,دانشگاه یزد,یزد,با آزمون,روزانه,مرد و زن,4,,,,,,160,اصلی,,,
36587,مددکاری اجتماعی,دانشگاه یزد,یزد,با آزمون,روزانه,مرد و زن,3,,,,,,160,اصلی,,,
36588,مدیریت بازرگانی,دانشگاه یزد,یزد,با آزمون,روزانه,مرد و زن,4,,,,,,160,اصلی,,,
36589,مدیریت صنعتی,دانشگاه یزد,یزد,با آزمون,روزانه,مرد و زن,4,,,,,,160,اصلی,,,
36590,مدیریت مالی,دانشگاه یزد,یزد,با آزمون,روزانه,مرد و زن,4,,,,,,160,اصلی,,,
36591,هتلداری,دانشگاه یزد,یزد,با آزمون,روزانه,مرد و زن,4,,,,,,160,اصلی,,,
18983,آمار,دانشگاه یزد,یزد,صرفا با سوابق تحصیلی,روزانه,مرد و زن,50,,,,,,160,اصلی,,,
18984,ریاضیات و کاربردها,دانشگاه یزد,یزد,صرفا با سوابق تحصیلی,روزانه,مرد و زن,60,,,,,,160,اصلی,,,
18985,فیزیک,دانشگاه یزد,یزد,صرفا با سوابق تحصیلی,روزانه,مرد و زن,45,,,,,,160,اصلی,,,
18986,فیزیک مهندسی,دانشگاه یزد,یزد,صرفا با سوابق تحصیلی,روزانه,مرد و زن,30,,,,,,160,اصلی,,,
18987,مهندسی نساجی,دانشگاه یزد,یزد,صرفا با سوابق تحصیلی,روزانه,مرد و زن,70,,,,,,160,اصلی,,,
18988,زمین‌شناسی,دانشگاه یزد,یزد,صرفا با سوابق تحصیلی,روزانه,مرد و زن,46,,23,23,,,160,اصلی,,,
18989,شیمی محض,دانشگاه یزد,یزد,صرفا با سوابق تحصیلی,روزانه,مرد و زن,45,,,,,,160,اصلی,,,
18990,علوم و مهندسی خاک,دانشگاه یزد,یزد,صرفا با سوابق تحصیلی,روزانه,مرد و زن,20,,,,,,160,اصلی,,,
18991,علوم و مهندسی صنایع غذایی(این رشته متعلق به گروه کشاورزی است),دانشگاه یزد,یزد,صرفا با سوابق تحصیلی,روزانه,مرد و زن,20,,,,,,160,اصلی,,,
18992,علوم و مهندسی محیط‌زیست,دانشگاه یزد,یزد,صرفا با سوابق تحصیلی,روزانه,مرد و زن,20,,,,,,160,اصلی,,,
18993,مهندسی طبیعت,دانشگاه یزد,یزد,صرفا با سوابق تحصیلی,روزانه,مرد و زن,20,,,,,,160,اصلی,,,
31385,مهندسی حرفه‌ای کامپیوتر,دانشگاه ملی مهارت - آموزشکده دختران یزد,یزد,با آزمون,روزانه,زن,30,,,,,,160,اصلی,,,
31386,مهندسی حرفه‌ای کامپیوتر,دانشگاه ملی مهارت - آموزشکده دختران یزد,یزد,با آزمون,روزانه,زن,,30,,,,,160,اصلی,,,
31387,مهندسی حرفه‌ای معماری,دانشگاه ملی مهارت - آموزشکده دختران یزد,یزد,با آزمون,روزانه,زن,30,,,,,,160,اصلی,,,
31388,مهندسی حرفه‌ای معماری,دانشگاه ملی مهارت - آموزشکده دختران یزد,یزد,با آزمون,روزانه,زن,,30,,,,,160,اصلی,,,
31389,مهندسی حرفه‌ای کامپیوتر,دانشگاه ملی مهارت - دانشکده پسران یزد (شهید صدوقی),یزد,با آزمون,روزانه,مرد,24,,,,,,160,اصلی,,,
31390,مهندسی حرفه‌ای کامپیوتر,دانشگاه ملی مهارت - دانشکده پسران یزد (شهید صدوقی),یزد,با آزمون,روزانه,مرد,,24,,,,,160,اصلی,,,
36595,حسابداری,دانشگاه ملی مهارت - دانشکده پسران یزد (شهید صدوقی),یزد,با آزمون,روزانه,مرد,2,,,,,,160,اصلی,,,
36596,حسابداری,دانشگاه ملی مهارت - دانشکده پسران یزد (شهید صدوقی),یزد,با آزمون,روزانه,مرد,,2,,,,,160,اصلی,,,
31391,مهندسی حرفه‌ای کامپیوتر,دانشگاه ملی مهارت - دانشکده پسران یزد (شهید صدوقی),یزد,با آزمون,نوبت دوم,مرد,6,,,,,,161,اصلی,,,
31392,مهندسی حرفه‌ای کامپیوتر,دانشگاه ملی مهارت - دانشکده پسران یزد (شهید صدوقی),یزد,با آزمون,نوبت دوم,مرد,,6,,,,,161,اصلی,,,
36597,حسابداری,دانشگاه ملی مهارت - دانشکده پسران یزد (شهید صدوقی),یزد,با آزمون,نوبت دوم,مرد,1,,,,,,161,اصلی,,,
36598,حسابداری,دانشگاه ملی مهارت - دانشکده پسران یزد (شهید صدوقی),یزد,با آزمون,نوبت دوم,مرد,,1,,,,,161,اصلی,,,
19131,مهندسی حرفه‌ای معماری,دانشگاه ملی مهارت - دانشکده پسران یزد (شهید صدوقی),یزد,صرفا با سوابق تحصیلی,روزانه,مرد,24,,,,,,161,اصلی,,,
19132,مهندسی حرفه‌ای معماری,دانشگاه ملی مهارت - دانشکده پسران یزد (شهید صدوقی),یزد,صرفا با سوابق تحصیلی,روزانه,مرد,,24,,,,,161,اصلی,,,
19133,مهندسی حرفه‌ای معماری,دانشگاه ملی مهارت - دانشکده پسران یزد (شهید صدوقی),یزد,صرفا با سوابق تحصیلی,نوبت دوم,مرد,6,,,,,,161,اصلی,,,
19134,مهندسی حرفه‌ای معماری,دانشگاه ملی مهارت - دانشکده پسران یزد (شهید صدوقی),یزد,صرفا با سوابق تحصیلی,نوبت دوم,مرد,,6,,,,,161,اصلی,,,
31384,مهندسی کامپیوتر,دانشگاه یزد (محل تحصیل شهرستان مهریز),یزد,با آزمون,نوبت دوم,مرد و زن,49,,,,"عدم مهمانی و انتقال به پردیس اصلی در شهر یزد. در مدرک فارغ التحصیلی "" مرکز مهریز "" قید می گردد.",,161,اصلی,,,
36592,حسابداری,دانشگاه یزد (محل تحصیل شهرستان مهریز),یزد,با آزمون,نوبت دوم,مرد و زن,4,,,,"عدم مهمانی و انتقال به پردیس اصلی در شهر یزد. در مدرک فارغ التحصیلی "" مرکز مهریز "" قید می گردد.",,161,اصلی,,,
36593,روانشناسی,دانشگاه یزد (محل تحصیل شهرستان مهریز),یزد,با آزمون,نوبت دوم,مرد و زن,3,,,,"عدم مهمانی و انتقال به پردیس اصلی در شهر یزد. در مدرک فارغ التحصیلی "" مرکز مهریز "" قید می گردد.",,161,اصلی,,,
36594,مدیریت بازرگانی,دانشگاه یزد (محل تحصیل شهرستان مهریز),یزد,با آزمون,نوبت دوم,مرد و زن,3,,,,"عدم مهمانی و انتقال به پردیس اصلی در شهر یزد. در مدرک فارغ التحصیلی "" مرکز مهریز "" قید می گردد.",,161,اصلی,,,
18994,زبان و ادبیات انگلیسی,دانشگاه یزد (محل تحصیل شهرستان مهریز),یزد,صرفا با سوابق تحصیلی,نوبت دوم,مرد و زن,28,,,,"عدم مهمانی و انتقال به پردیس اصلی در شهر یزد. در مدرک فارغ التحصیلی "" مرکز مهریز "" قید می گردد.",,161,اصلی,,,
18978,علوم قرآن و حدیث,دانشگاه علوم و معارف قرآن کریم - وابسته به سازمان اوقاف و امور خیریه (محل تحصیل دانشکده علوم قرآنی میبد),یزد,صرفا با سوابق تحصیلی,روزانه,مرد و زن,40,,25,15,دارای خوابگاه ملکی,,161,اصلی,,,
43022,مهندسی مکانیک,دانشگاه تربیت دبیر شهید رجایی - تهران,همدان,مخصوص متقاضیان بومی استان همدان,,مرد,1,,,,اولویت پذیرش با متقاضیان بومی شهرستان‌های درگزین، رزن — محل خدمت: رزن,,289,بومی,اولویت پذیرش با متقاضیان بومی شهرستان‌های درگزین، رزن,رزن,همدان
43023,مهندسی مکانیک,دانشگاه تربیت دبیر شهید رجایی - تهران,همدان,مخصوص متقاضیان بومی استان همدان,,مرد,1,,,,اولویت پذیرش با متقاضیان بومی شهرستان تویسرکان — محل خدمت: قلقل رود (فرسفج),,289,بومی,اولویت پذیرش با متقاضیان بومی شهرستان تویسرکان,قلقل رود (فرسفج),همدان
43024,مهندسی مکانیک,دانشگاه تربیت دبیر شهید رجایی - تهران,همدان,مخصوص متقاضیان بومی استان همدان,,مرد,1,,,,اولویت پذیرش با متقاضیان بومی شهرستان ملایر — محل خدمت: ملایر,,289,بومی,اولویت پذیرش با متقاضیان بومی شهرستان ملایر,ملایر,همدان
43025,مهندسی مکانیک,دانشگاه تربیت دبیر شهید رجایی - تهران,همدان,مخصوص متقاضیان بومی استان همدان,,مرد,1,,,,اولویت پذیرش با متقاضیان بومی شهرستان همدان — محل خدمت: همدان .ناحیه 1,,289,بومی,اولویت پذیرش با متقاضیان بومی شهرستان همدان,همدان .ناحیه 1,همدان
43026,مهندسی نقشه برداری,دانشگاه تربیت دبیر شهید رجایی - تهران,همدان,مخصوص متقاضیان بومی استان همدان,,مرد,1,,,,اولویت پذیرش با متقاضیان بومی شهرستان همدان — محل خدمت: همدان .ناحیه 1,,289,بومی,اولویت پذیرش با متقاضیان بومی شهرستان همدان,همدان .ناحیه 1,همدان
43027,مهندسی و علم مواد,دانشگاه تربیت دبیر شهید رجایی - تهران,همدان,مخصوص متقاضیان بومی استان همدان,,مرد,2,,,,اولویت پذیرش با متقاضیان بومی شهرستان همدان — محل خدمت: همدان .ناحیه 1,,289,بومی,اولویت پذیرش با متقاضیان بومی شهرستان همدان,همدان .ناحیه 1,همدان
43028,آموزش ابتدایی,پردیس شهید پاک‌نژاد یزد (ساختمان شماره دو میبد),یزد,مخصوص متقاضیان بومی استان یزد,,مرد,1,,,,اولویت پذیرش با متقاضیان بومی شهرستان اشکذر(صدوق) — محل خدمت: اشکذر,,289,بومی,اولویت پذیرش با متقاضیان بومی شهرستان اشکذر(صدوق),اشکذر,یزد
43029,آموزش ابتدایی,پردیس شهید پاک‌نژاد یزد (ساختمان شماره دو میبد),یزد,مخصوص متقاضیان بومی استان یزد,,مرد,4,,,,اولویت پذیرش با متقاضیان بومی شهرستان‌های بافق، بهاباد — محل خدمت: بافق,,289,بومی,اولویت پذیرش با متقاضیان بومی شهرستان‌های بافق، بهاباد,بافق,یزد
43030,آموزش ابتدایی,پردیس شهید پاک‌نژاد یزد (ساختمان شماره دو میبد),یزد,مخصوص متقاضیان بومی استان یزد,,مرد,1,,,,اولویت پذیرش با متقاضیان بومی شهرستان‌های بافق، بهاباد — محل خدمت: بهاباد,,289,بومی,اولویت پذیرش با متقاضیان بومی شهرستان‌های بافق، بهاباد,بهاباد,یزد
43031,آموزش ابتدایی,پردیس شهید پاک‌نژاد یزد (ساختمان شماره دو میبد),یزد,مخصوص متقاضیان بومی استان یزد,,مرد,1,,,,اولویت پذیرش با متقاضیان بومی شهرستان‌های ابرکوه، تفت — محل خدمت: تفت,,289,بومی,اولویت پذیرش با متقاضیان بومی شهرستان‌های ابرکوه، تفت,تفت,یزد
43032,آموزش ابتدایی,پردیس شهید پاک‌نژاد یزد (ساختمان شماره دو میبد),یزد,مخصوص متقاضیان بومی استان یزد,,مرد,1,,,,اولویت پذیرش با متقاضیان بومی شهرستان‌های ابرکوه، تفت — محل خدمت: نیر (استان یزد),,289,بومی,اولویت پذیرش با متقاضیان بومی شهرستان‌های ابرکوه، تفت,نیر (استان یزد),یزد
43033,آموزش تربیت بدنی,پردیس فاطمه‌الزهراء (س) یزد,یزد,مخصوص متقاضیان بومی استان یزد,,زن,1,,,,اولویت پذیرش با متقاضیان بومی شهرستان یزد — محل خدمت: یزد.ناحیه 1,,289,بومی,اولویت پذیرش با متقاضیان بومی شهرستان یزد,یزد.ناحیه 1,یزد
43034,آموزش تربیت بدنی,پردیس شهید پاک‌نژاد یزد,یزد,مخصوص متقاضیان بومی استان یزد,,مرد,1,,,,اولویت پذیرش با متقاضیان بومی شهرستان‌های بافق، بهاباد — محل خدمت: ب افق,,289,بومی,اولویت پذیرش با متقاضیان بومی شهرستان‌های بافق، بهاباد,ب افق,یزد
43035,آموزش تربیت بدنی,پردیس شهید پاک‌نژاد یزد,یزد,مخصوص متقاضیان بومی استان یزد,,مرد,1,,,,اولویت پذیرش با متقاضیان بومی شهرستان یزد — محل خدمت: یزد.ناحیه 1,,289,بومی,اولویت پذیرش با متقاضیان بومی شهرستان یزد,یزد.ناحیه 1,یزد
43036,آموزش ریاضی,پردیس شهید باهنر کرمان,یزد,مخصوص متقاضیان بومی استان یزد,,زن,3,,,,اولویت پذیرش با متقاضیان بومی شهرستان‌های بافق، بهاباد — محل خدمت: بافق,,289,بومی,اولویت پذیرش با متقاضیان بومی شهرستان‌های بافق، بهاباد,بافق,یزد
43037,آموزش ریاضی,پردیس شهید باهنر کرمان,یزد,مخصوص متقاضیان بومی استان یزد,,زن,1,,,,اولویت پذیرش با متقاضیان بومی شهرستان‌های بافق، بهاباد — محل خدمت: بهاباد,,289,بومی,اولویت پذیرش با متقاضیان بومی شهرستان‌های بافق، بهاباد,بهاباد,یزد
43038,آموزش ریاضی,پردیس شهید باهنر کرمان,یزد,مخصوص متقاضیان بومی استان یزد,,زن,1,,,,اولویت پذیرش با متقاضیان بومی شهرستان‌های ابرکوه، تفت — محل خدمت: نیر (استان یزد),,289,بومی,اولویت پذیرش با متقاضیان بومی شهرستان‌های ابرکوه، تفت,نیر (استان یزد),یزد
43039,آموزش ریاضی,پردیس شهید باهنر کرمان,یزد,مخصوص متقاضیان بومی استان یزد,,زن,1,,,,اولویت پذیرش با متقاضیان بومی شهرستان‌های ابرکوه، تفت — محل خدمت: ابرکوه,,289,بومی,اولویت پذیرش با متقاضیان بومی شهرستان‌های ابرکوه، تفت,ابرکوه,یزد
43040,آموزش ریاضی,پردیس شهید باهنر کرمان,یزد,مخصوص متقاضیان بومی استان یزد,,زن,1,,,,اولویت پذیرش با متقاضیان بومی شهرستان‌های اردکان، میبد — محل خدمت: اردکان,,289,بومی,اولویت پذیرش با متقاضیان بومی شهرستان‌های اردکان، میبد,اردکان,یزد
43041,آموزش ریاضی,پردیس شهید باهنر کرمان,یزد,مخصوص متقاضیان بومی استان یزد,,زن,2,,,,اولویت پذیرش با متقاضیان بومی شهرستان‌های اردکان، میبد — محل خدمت: میبد,,289,بومی,اولویت پذیرش با متقاضیان بومی شهرستان‌های اردکان، میبد,میبد,یزد
43042,آموزش ریاضی,پردیس شهید باهنر کرمان,یزد,مخصوص متقاضیان بومی استان یزد,,زن,1,,,,اولویت پذیرش با متقاضیان بومی شهرستان یزد — محل خدمت: یزد.ناحیه 1,,289,بومی,اولویت پذیرش با متقاضیان بومی شهرستان یزد,یزد.ناحیه 1,یزد
43043,آموزش ریاضی,پردیس شهید باهنر کرمان,یزد,مخصوص متقاضیان بومی استان یزد,,زن,2,,,,اولویت پذیرش با متقاضیان بومی شهرستان یزد — محل خدمت: یزد.ناحیه 2,,289,بومی,اولویت پذیرش با متقاضیان بومی شهرستان یزد,یزد.ناحیه 2,یزد
43044,آموزش ریاضی,پردیس خواجه نصیرالدین طوسی کرمان,یزد,مخصوص متقاضیان بومی استان یزد,,مرد,1,,,,اولویت پذیرش با متقاضیان بومی شهرستان زارچ — محل خدمت: زارچ,,289,بومی,اولویت پذیرش با متقاضیان بومی شهرستان زارچ,زارچ,یزد
43045,آموزش ریاضی,پردیس خواجه نصیرالدین طوسی کرمان,یزد,مخصوص متقاضیان بومی استان یزد,,مرد,2,,,,اولویت پذیرش با متقاضیان بومی شهرستان اشکذر(صدوق) — محل خدمت: اشکذر,,289,بومی,اولویت پذیرش با متقاضیان بومی شهرستان اشکذر(صدوق),اشکذر,یزد
43046,آموزش ریاضی,پردیس خواجه نصیرالدین طوسی کرمان,یزد,مخصوص متقاضیان بومی استان یزد,,مرد,4,,,,اولویت پذیرش با متقاضیان بومی شهرستان‌های بافق، بهاباد — محل خدمت: بافق,,289,بومی,اولویت پذیرش با متقاضیان بومی شهرستان‌های بافق، بهاباد,بافق,یزد
43047,آموزش ریاضی,پردیس خواجه نصیرالدین طوسی کرمان,یزد,مخصوص متقاضیان بومی استان یزد,,مرد,1,,,,اولویت پذیرش با متقاضیان بومی شهرستان‌های بافق، بهاباد — محل خدمت: بهاباد,,290,بومی,اولویت پذیرش با متقاضیان بومی شهرستان‌های بافق، بهاباد,بهاباد,یزد
43048,آموزش ریاضی,پردیس خواجه نصیرالدین طوسی کرمان,یزد,مخصوص متقاضیان بومی استان یزد,,مرد,2,,,,اولویت پذیرش با متقاضیان بومی شهرستان‌های ابرکوه، تفت — محل خدمت: تفت,,290,بومی,اولویت پذیرش با متقاضیان بومی شهرستان‌های ابرکوه، تفت,تفت,یزد
43049,آموزش ریاضی,پردیس خواجه نصیرالدین طوسی کرمان,یزد,مخصوص متقاضیان بومی استان یزد,,مرد,1,,,,اولویت پذیرش با متقاضیان بومی شهرستان‌های ابرکوه، تفت — محل خدمت: نیر (استان یزد),,290,بومی,اولویت پذیرش با متقاضیان بومی شهرستان‌های ابرکوه، تفت,نیر (استان یزد),یزد
43050,آموزش ریاضی,پردیس خواجه نصیرالدین طوسی کرمان,یزد,مخصوص متقاضیان بومی استان یزد,,مرد,2,,,,اولویت پذیرش با متقاضیان بومی شهرستان‌های ابرکوه، تفت — محل خدمت: ابرکوه,,290,بومی,اولویت پذیرش با متقاضیان بومی شهرستان‌های ابرکوه، تفت,ابرکوه,یزد
43051,آموزش ریاضی,پردیس خواجه نصیرالدین طوسی کرمان,یزد,مخصوص متقاضیان بومی استان یزد,,مرد,2,,,,اولویت پذیرش با متقاضیان بومی شهرستان مهریز — محل خدمت: مهریز,,290,بومی,اولویت پذیرش با متقاضیان بومی شهرستان مهریز,مهریز,یزد
43052,آموزش ریاضی,پردیس خواجه نصیرالدین طوسی کرمان,یزد,مخصوص متقاضیان بومی استان یزد,,مرد,2,,,,اولویت پذیرش با متقاضیان بومی شهرستان‌های اردکان، میبد — محل خدمت: اردکان,,290,بومی,اولویت پذیرش با متقاضیان بومی شهرستان‌های اردکان، میبد,اردکان,یزد
43053,آموزش ریاضی,پردیس خواجه نصیرالدین طوسی کرمان,یزد,مخصوص متقاضیان بومی استان یزد,,مرد,3,,,,اولویت پذیرش با متقاضیان بومی شهرستان‌های اردکان، میبد — محل خدمت: میبد,,290,بومی,اولویت پذیرش با متقاضیان بومی شهرستان‌های اردکان، میبد,میبد,یزد
43054,آموزش ریاضی,پردیس خواجه نصیرالدین طوسی کرمان,یزد,مخصوص متقاضیان بومی استان یزد,,مرد,3,,,,اولویت پذیرش با متقاضیان بومی شهرستان یزد — محل خدمت: یزد.ناحیه 1,,290,بومی,اولویت پذیرش با متقاضیان بومی شهرستان یزد,یزد.ناحیه 1,یزد
43055,آموزش ریاضی,پردیس خواجه نصیرالدین طوسی کرمان,یزد,مخصوص متقاضیان بومی استان یزد,,مرد,2,,,,اولویت پذیرش با متقاضیان بومی شهرستان یزد — محل خدمت: یزد.ناحیه 2,,290,بومی,اولویت پذیرش با متقاضیان بومی شهرستان یزد,یزد.ناحیه 2,یزد
43056,آموزش ریاضی,پردیس خواجه نصیرالدین طوسی کرمان,یزد,مخصوص متقاضیان بومی استان یزد,,مرد,1,,,,اولویت پذیرش با متقاضیان بومی شهرستان‌های خاتم، مروست — محل خدمت: خاتم,,290,بومی,اولویت پذیرش با متقاضیان بومی شهرستان‌های خاتم، مروست,خاتم,یزد
43057,آموزش ریاضی,پردیس خواجه نصیرالدین طوسی کرمان,یزد,مخصوص متقاضیان بومی استان یزد,,مرد,1,,,,اولویت پذیرش با متقاضیان بومی شهرستان‌های خاتم، مروست — محل خدمت: مروست,,290,بومی,اولویت پذیرش با متقاضیان بومی شهرستان‌های خاتم، مروست,مروست,یزد
43058,آموزش فیزیک,پردیس فاطمه‌الزهراء (س) اصفهان (مرکز آموزش عالی شهید رجایی اصفهان),یزد,مخصوص متقاضیان بومی استان یزد,,زن,1,,,,اولویت پذیرش با متقاضیان بومی شهرستان اشکذر(صدوق) — محل خدمت: اشکذر,,290,بومی,اولویت پذیرش با متقاضیان بومی شهرستان اشکذر(صدوق),اشکذر,یزد
43059,آموزش فیزیک,پردیس فاطمه‌الزهراء (س) اصفهان (مرکز آموزش عالی شهید رجایی اصفهان),یزد,مخصوص متقاضیان بومی استان یزد,,زن,1,,,,اولویت پذیرش با متقاضیان بومی شهرستان‌های بافق، بهاباد — محل خدمت: بافق,,290,بومی,اولویت پذیرش با متقاضیان بومی شهرستان‌های بافق، بهاباد,بافق,یزد
43060,آموزش فیزیک,پردیس فاطمه‌الزهراء (س) اصفهان (مرکز آموزش عالی شهید رجایی اصفهان),یزد,مخصوص متقاضیان بومی استان یزد,,زن,1,,,,اولویت پذیرش با متقاضیان بومی شهرستان‌های بافق، بهاباد — محل خدمت: بهاباد,,290,بومی,اولویت پذیرش با متقاضیان بومی شهرستان‌های بافق، بهاباد,بهاباد,یزد
43061,آموزش فیزیک,پردیس فاطمه‌الزهراء (س) اصفهان (مرکز آموزش عالی شهید رجایی اصفهان),یزد,مخصوص متقاضیان بومی استان یزد,,زن,1,,,,اولویت پذیرش با متقاضیان بومی شهرستان‌های ابرکوه، تفت — محل خدمت: تفت,,290,بومی,اولویت پذیرش با متقاضیان بومی شهرستان‌های ابرکوه، تفت,تفت,یزد
43062,آموزش فیزیک,پردیس فاطمه‌الزهراء (س) اصفهان (مرکز آموزش عالی شهید رجایی اصفهان),یزد,مخصوص متقاضیان بومی استان یزد,,زن,1,,,,اولویت پذیرش با متقاضیان بومی شهرستان‌های ابرکوه، تفت — محل خدمت: نیر (استان یزد),,290,بومی,اولویت پذیرش با متقاضیان بومی شهرستان‌های ابرکوه، تفت,نیر (استان یزد),یزد
43063,آموزش فیزیک,پردیس فاطمه‌الزهراء (س) اصفهان (مرکز آموزش عالی شهید رجایی اصفهان),یزد,مخصوص متقاضیان بومی استان یزد,,زن,1,,,,اولویت پذیرش با متقاضیان بومی شهرستان‌های اردکان، میبد — محل خدمت: میبد,,290,بومی,اولویت پذیرش با متقاضیان بومی شهرستان‌های اردکان، میبد,میبد,یزد
43064,آموزش فیزیک,پردیس فاطمه‌الزهراء (س) اصفهان (مرکز آموزش عالی شهید رجایی اصفهان),یزد,مخصوص متقاضیان بومی استان یزد,,زن,1,,,,اولویت پذیرش با متقاضیان بومی شهرستان یزد — محل خدمت: یزد.ناحیه 1,,290,بومی,اولویت پذیرش با متقاضیان بومی شهرستان یزد,یزد.ناحیه 1,یزد
43065,آموزش فیزیک,پردیس فاطمه‌الزهراء (س) اصفهان (مرکز آموزش عالی شهید رجایی اصفهان),یزد,مخصوص متقاضیان بومی استان یزد,,زن,1,,,,اولویت پذیرش با متقاضیان بومی شهرستان یزد — محل خدمت: یزد.ناحیه 2,,290,بومی,اولویت پذیرش با متقاضیان بومی شهرستان یزد,یزد.ناحیه 2,یزد
43066,آموزش فیزیک,پردیس شهید باهنر اصفهان,یزد,مخصوص متقاضیان بومی استان یزد,,مرد,1,,,,اولویت پذیرش با متقاضیان بومی شهرستان زارچ — محل خدمت: زارچ,,290,بومی,اولویت پذیرش با متقاضیان بومی شهرستان زارچ,زارچ,یزد
43067,آموزش فیزیک,پردیس شهید باهنر اصفهان,یزد,مخصوص متقاضیان بومی استان یزد,,مرد,2,,,,اولویت پذیرش با متقاضیان بومی شهرستان‌های بافق، بهاباد — محل خدمت: بافق,,290,بومی,اولویت پذیرش با متقاضیان بومی شهرستان‌های بافق، بهاباد,بافق,یزد
43068,آموزش فیزیک,پردیس شهید باهنر اصفهان,یزد,مخصوص متقاضیان بومی استان یزد,,مرد,2,,,,اولویت پذیرش با متقاضیان بومی شهرستان مهریز — محل خدمت: مهریز,,290,بومی,اولویت پذیرش با متقاضیان بومی شهرستان مهریز,مهریز,یزد
43069,آموزش فیزیک,پردیس شهید باهنر اصفهان,یزد,مخصوص متقاضیان بومی استان یزد,,مرد,1,,,,اولویت پذیرش با متقاضیان بومی شهرستان یزد — محل خدمت: یزد.ناحیه 1,,290,بومی,اولویت پذیرش با متقاضیان بومی شهرستان یزد,یزد.ناحیه 1,یزد
43070,آموزش فیزیک,پردیس شهید باهنر اصفهان,یزد,مخصوص متقاضیان بومی استان یزد,,مرد,1,,,,اولویت پذیرش با متقاضیان بومی شهرستان یزد — محل خدمت: یزد.ناحیه 2,,290,بومی,اولویت پذیرش با متقاضیان بومی شهرستان یزد,یزد.ناحیه 2,یزد
43071,معماری داخلی,دانشگاه تربیت دبیر شهید رجایی - تهران,یزد,مخصوص متقاضیان بومی استان یزد,,زن,1,,,,اولویت پذیرش با متقاضیان بومی شهرستان‌های اردکان، میبد — محل خدمت: اردکان,,290,بومی,اولویت پذیرش با متقاضیان بومی شهرستان‌های اردکان، میبد,اردکان,یزد
43072,مهندسی برق,دانشگاه تربیت دبیر شهید رجایی - تهران,یزد,مخصوص متقاضیان بومی استان یزد,,مرد,1,,,,اولویت پذیرش با متقاضیان بومی شهرستان اشکذر(صدوق) — محل خدمت: اشکذر,,291,بومی,اولویت پذیرش با متقاضیان بومی شهرستان اشکذر(صدوق),اشکذر,یزد
43073,مهندسی برق,دانشگاه تربیت دبیر شهید رجایی - تهران,یزد,مخصوص متقاضیان بومی استان یزد,,مرد,1,,,,اولویت پذیرش با متقاضیان بومی شهرستان‌های ابرکوه، تفت — محل خدمت: ابرکوه,,291,بومی,اولویت پذیرش با متقاضیان بومی شهرستان‌های ابرکوه، تفت,ابرکوه,یزد
43074,مهندسی برق,دانشگاه تربیت دبیر شهید رجایی - تهران,یزد,مخصوص متقاضیان بومی استان یزد,,مرد,1,,,,اولویت پذیرش با متقاضیان بومی شهرستان‌های خاتم، مروست — محل خدمت: خاتم,,291,بومی,اولویت پذیرش با متقاضیان بومی شهرستان‌های خاتم، مروست,خاتم,یزد
43075,مهندسی ساخت و تولید,دانشگاه تربیت دبیر شهید رجایی - تهران,یزد,مخصوص متقاضیان بومی استان یزد,,مرد,1,,,,اولویت پذیرش با متقاضیان بومی شهرستان‌های بافق، بهاباد — محل خدمت: بافق,,291,بومی,اولویت پذیرش با متقاضیان بومی شهرستان‌های بافق، بهاباد,بافق,یزد
43076,مهندسی عمران,دانشگاه تربیت دبیر شهید رجایی - تهران,یزد,مخصوص متقاضیان بومی استان یزد,,مرد,1,,,,اولویت پذیرش با متقاضیان بومی شهرستان‌های ابرکوه، تفت — محل خدمت: ابرکوه,,291,بومی,اولویت پذیرش با متقاضیان بومی شهرستان‌های ابرکوه، تفت,ابرکوه,یزد
43077,مهندسی عمران,دانشگاه تربیت دبیر شهید رجایی - تهران,یزد,مخصوص متقاضیان بومی استان یزد,,مرد,1,,,,اولویت پذیرش با متقاضیان بومی شهرستان‌های اردکان، میبد — محل خدمت: اردکان,,291,بومی,اولویت پذیرش با متقاضیان بومی شهرستان‌های اردکان، میبد,اردکان,یزد
43078,مهندسی کامپیوتر,دانشگاه تربیت دبیر شهید رجایی - تهران,یزد,مخصوص متقاضیان بومی استان یزد,,زن,1,,,,اولویت پذیرش با متقاضیان بومی شهرستان مهریز — محل خدمت: مهریز,,291,بومی,اولویت پذیرش با متقاضیان بومی شهرستان مهریز,مهریز,یزد
43079,مهندسی کامپیوتر,دانشگاه تربیت دبیر شهید رجایی - تهران,یزد,مخصوص متقاضیان بومی استان یزد,,مرد,1,,,,اولویت پذیرش با متقاضیان بومی شهرستان اشکذر(صدوق) — محل خدمت: اشکذر,,291,بومی,اولویت پذیرش با متقاضیان بومی شهرستان اشکذر(صدوق),اشکذر,یزد
43080,مهندسی کامپیوتر,دانشگاه تربیت دبیر شهید رجایی - تهران,یزد,مخصوص متقاضیان بومی استان یزد,,مرد,1,,,,اولویت پذیرش با متقاضیان بومی شهرستان‌های ابرکوه، تفت — محل خدمت: تفت,,291,بومی,اولویت پذیرش با متقاضیان بومی شهرستان‌های ابرکوه، تفت,تفت,یزد
43081,مهندسی معماری,دانشگاه تربیت دبیر شهید رجایی - تهران,یزد,مخصوص متقاضیان بومی استان یزد,,مرد,1,,,,اولویت پذیرش با متقاضیان بومی شهرستان مهریز — محل خدمت: مهریز,,291,بومی,اولویت پذیرش با متقاضیان بومی شهرستان مهریز,مهریز,یزد
43082,مهندسی معماری,دانشگاه تربیت دبیر شهید رجایی - تهران,یزد,مخصوص متقاضیان بومی استان یزد,,مرد,1,,,,اولویت پذیرش با متقاضیان بومی شهرستان‌های اردکان، میبد — محل خدمت: میبد,,291,بومی,اولویت پذیرش با متقاضیان بومی شهرستان‌های اردکان، میبد,میبد,یزد
43083,مهندسی مکانیک,دانشگاه تربیت دبیر شهید رجایی - تهران,یزد,مخصوص متقاضیان بومی استان یزد,,مرد,1,,,,اولویت پذیرش با متقاضیان بومی شهرستان‌های بافق، بهاباد — محل خدمت: بافق,,291,بومی,اولویت پذیرش با متقاضیان بومی شهرستان‌های بافق، بهاباد,بافق,یزد
43084,مهندسی مکانیک,دانشگاه تربیت دبیر شهید رجایی - تهران,یزد,مخصوص متقاضیان بومی استان یزد,,مرد,1,,,,اولویت پذیرش با متقاضیان بومی شهرستان‌های ابرکوه، تفت — محل خدمت: نیر (استان یزد),,291,بومی,اولویت پذیرش با متقاضیان بومی شهرستان‌های ابرکوه، تفت,نیر (استان یزد),یزد
43085,مهندسی مکانیک,دانشگاه تربیت دبیر شهید رجایی - تهران,یزد,مخصوص متقاضیان بومی استان یزد,,مرد,1,,,,اولویت پذیرش با متقاضیان بومی شهرستان‌های خاتم، مروست — محل خدمت: مروست,,291,بومی,اولویت پذیرش با متقاضیان بومی شهرستان‌های خاتم، مروست,مروست,یزد
43086,مهندسی نقشه برداری,دانشگاه تربیت دبیر شهید رجایی - تهران,یزد,مخصوص متقاضیان بومی استان یزد,,مرد,1,,,,اولویت پذیرش با متقاضیان بومی شهرستان‌های بافق، بهاباد — محل خدمت: بافق,,291,بومی,اولویت پذیرش با متقاضیان بومی شهرستان‌های بافق، بهاباد,بافق,یزد
43087,مهندسی و علم مواد,دانشگاه تربیت دبیر شهید رجایی - تهران,یزد,مخصوص متقاضیان بومی استان یزد,,مرد,1,,,,اولویت پذیرش با متقاضیان بومی شهرستان یزد — محل خدمت: یزد.ناحیه 1,,291,بومی,اولویت پذیرش با متقاضیان بومی شهرستان یزد,یزد.ناحیه 1,یزد
